country_code,region_code,region,year,ncd_probability_30_70,ncd_probability_low,ncd_probability_high,data_quality_note,ncd_mortality_rate,ncd_mortality_rate_low,ncd_mortality_rate_high
AFG,EMR,Eastern Mediterranean,2000,43.2,25.6,60.0,,1120.545410156,554.132507324,1894.57434082
AFG,EMR,Eastern Mediterranean,2001,43.5,25.8,60.3,,1130.776611328,557.95324707,1911.569702148
AFG,EMR,Eastern Mediterranean,2002,43.1,25.7,60.2,,1118.808349609,560.137207031,1915.976318359
AFG,EMR,Eastern Mediterranean,2003,42.5,25.6,60.1,,1109.857421875,563.336730957,1929.617431641
AFG,EMR,Eastern Mediterranean,2004,42.3,25.6,60.0,,1105.817871094,564.12902832,1926.891967773
AFG,EMR,Eastern Mediterranean,2005,41.9,25.3,59.5,,1094.465576172,563.266479492,1918.420410156
AFG,EMR,Eastern Mediterranean,2006,41.1,24.7,58.6,,1075.893188477,558.201721191,1894.996582031
AFG,EMR,Eastern Mediterranean,2007,40.5,24.3,57.8,,1059.642944336,540.95123291,1832.260620117
AFG,EMR,Eastern Mediterranean,2008,39.6,23.8,56.9,,1035.265136719,525.00604248,1770.869628906
AFG,EMR,Eastern Mediterranean,2009,38.3,22.9,55.2,,1001.1171875,513.067504883,1724.098266602
AFG,EMR,Eastern Mediterranean,2010,37.6,22.4,54.4,,982.292236328,503.736968994,1691.909545898
AFG,EMR,Eastern Mediterranean,2011,37.2,22.0,53.9,,973.366699219,502.351837158,1691.053833008
AFG,EMR,Eastern Mediterranean,2012,36.5,21.6,52.9,,956.131225586,499.1015625,1674.115112305
AFG,EMR,Eastern Mediterranean,2013,36.0,21.2,52.3,,944.337219238,493.344451904,1654.181152344
AFG,EMR,Eastern Mediterranean,2014,35.4,20.8,51.5,,928.481140137,487.689849854,1628.27331543
AFG,EMR,Eastern Mediterranean,2015,35.0,20.7,51.0,,917.511535645,483.776184082,1603.228027344
AFG,EMR,Eastern Mediterranean,2016,34.9,20.6,50.9,,916.821899414,481.268951416,1591.662597656
AFG,EMR,Eastern Mediterranean,2017,35.0,20.7,51.0,,919.190185547,482.581634521,1592.891479492
AFG,EMR,Eastern Mediterranean,2018,34.6,20.4,50.5,,911.75213623,479.597167969,1578.717651367
AFG,EMR,Eastern Mediterranean,2019,34.4,20.2,50.3,,910.943054199,479.935943604,1578.547607422
AFG,EMR,Eastern Mediterranean,2020,34.8,20.5,50.7,"For this geography and year, some non-communicable disease deaths may be included in a separate category called ""other pandemic-related mortality"" due to lack of vital registration data. Estimates of this indicator for 2020 and 2021 may be underestimated, and need to be interpreted with caution.",919.329040527,487.181884766,1603.100585938
AFG,EMR,Eastern Mediterranean,2021,32.7,19.2,48.3,"For this geography and year, some non-communicable disease deaths may be included in a separate category called ""other pandemic-related mortality"" due to lack of vital registration data. Estimates of this indicator for 2020 and 2021 may be underestimated, and need to be interpreted with caution.",846.898071289,451.97857666,1493.755004883
AGO,AFR,Africa,2000,30.5,18.2,43.1,,812.830200195,415.398468018,1306.979125977
AGO,AFR,Africa,2001,29.7,17.8,42.2,,785.01348877,402.947875977,1256.978515625
AGO,AFR,Africa,2002,29.4,17.7,41.8,,779.049194336,400.724243164,1245.295166016
AGO,AFR,Africa,2003,29.3,17.7,41.6,,787.620910645,404.392456055,1261.432373047
AGO,AFR,Africa,2004,29.0,17.6,41.3,,781.112854004,402.573699951,1247.419555664
AGO,AFR,Africa,2005,27.8,16.8,39.6,,748.423339844,386.501495361,1193.840576172
AGO,AFR,Africa,2006,27.9,16.9,39.6,,754.630126953,391.110961914,1201.658081055
AGO,AFR,Africa,2007,26.6,16.1,37.9,,722.276306152,375.58001709,1150.73815918
AGO,AFR,Africa,2008,26.0,15.7,37.0,,705.95904541,368.179229736,1121.969116211
AGO,AFR,Africa,2009,25.6,15.3,36.2,,692.649841309,362.343719482,1100.134155273
AGO,AFR,Africa,2010,24.8,14.7,35.1,,673.356140137,352.673400879,1071.025268555
AGO,AFR,Africa,2011,24.7,14.7,35.0,,672.086181641,353.018585205,1068.310180664
AGO,AFR,Africa,2012,24.3,14.3,34.3,,660.002929688,347.316711426,1050.155883789
AGO,AFR,Africa,2013,24.2,14.3,34.3,,660.352478027,347.979797363,1051.982177734
AGO,AFR,Africa,2014,23.1,13.5,32.8,,629.012145996,331.598449707,1005.031921387
AGO,AFR,Africa,2015,23.2,13.6,33.0,,637.366394043,336.890838623,1020.596984863
AGO,AFR,Africa,2016,23.0,13.5,32.9,,631.823059082,334.355407715,1014.201843262
AGO,AFR,Africa,2017,22.9,13.4,32.8,,627.960510254,331.669158936,1011.280578613
AGO,AFR,Africa,2018,24.0,14.1,34.4,,658.450317383,347.213470459,1063.99621582
AGO,AFR,Africa,2019,24.6,14.5,35.3,,676.283874512,356.272613525,1095.397216797
AGO,AFR,Africa,2020,25.3,14.9,36.0,"For this geography and year, some non-communicable disease deaths may be included in a separate category called ""other pandemic-related mortality"" due to lack of vital registration data. Estimates of this indicator for 2020 and 2021 may be underestimated, and need to be interpreted with caution.",693.530090332,364.759155273,1121.932495117
AGO,AFR,Africa,2021,24.7,14.4,35.3,"For this geography and year, some non-communicable disease deaths may be included in a separate category called ""other pandemic-related mortality"" due to lack of vital registration data. Estimates of this indicator for 2020 and 2021 may be underestimated, and need to be interpreted with caution.",678.578613281,353.398468018,1097.077392578
ALB,EUR,Europe,2000,18.0,14.0,23.8,,639.61541748,519.265441895,978.768798828
ALB,EUR,Europe,2001,15.0,11.5,20.1,,469.765686035,373.157440186,715.301269531
ALB,EUR,Europe,2002,15.8,12.1,21.1,,516.265075684,412.447723389,787.662414551
ALB,EUR,Europe,2003,16.6,12.7,22.1,,572.803039551,461.111785889,873.231628418
ALB,EUR,Europe,2004,16.1,12.2,21.4,,549.340759277,437.184265137,830.354431152
ALB,EUR,Europe,2005,19.4,14.8,25.9,,587.406005859,456.381164551,876.244445801
ALB,EUR,Europe,2006,20.5,15.6,27.4,,582.858886719,447.192901611,861.297790527
ALB,EUR,Europe,2007,20.4,15.4,27.4,,569.880493164,431.644622803,849.060913086
ALB,EUR,Europe,2008,20.0,14.9,27.0,,549.592590332,414.131164551,821.585998535
ALB,EUR,Europe,2009,19.5,14.3,26.5,,527.154907227,391.971160889,794.442932129
ALB,EUR,Europe,2010,18.9,13.7,26.1,,499.185333252,366.402252197,760.531188965
ALB,EUR,Europe,2011,18.7,13.5,26.2,,482.236053467,348.98840332,740.124450684
ALB,EUR,Europe,2012,14.0,10.0,20.2,,501.073455811,367.287872314,778.841796875
ALB,EUR,Europe,2013,13.5,9.7,19.7,,481.022338867,350.753814697,748.943725586
ALB,EUR,Europe,2014,13.2,9.5,19.4,,479.410217285,349.876708984,746.273254395
ALB,EUR,Europe,2015,13.3,9.6,19.5,,510.094970703,373.628845215,790.278503418
ALB,EUR,Europe,2016,12.5,9.0,18.1,,527.899475098,388.156066895,811.670166016
ALB,EUR,Europe,2017,12.0,8.7,17.4,,552.737121582,406.365478516,843.92590332
ALB,EUR,Europe,2018,11.6,8.4,16.8,,579.153137207,423.275421143,881.780517578
ALB,EUR,Europe,2019,11.3,8.1,16.5,,606.845397949,439.535919189,924.507019043
ALB,EUR,Europe,2020,10.4,7.3,15.6,"For this geography and year, some non-communicable disease deaths may be included in a separate category called ""other pandemic-related mortality"" due to lack of vital registration data. Estimates of this indicator for 2020 and 2021 may be underestimated, and need to be interpreted with caution.",632.621337891,445.646759033,956.869567871
ALB,EUR,Europe,2021,10.0,6.9,15.1,"For this geography and year, some non-communicable disease deaths may be included in a separate category called ""other pandemic-related mortality"" due to lack of vital registration data. Estimates of this indicator for 2020 and 2021 may be underestimated, and need to be interpreted with caution.",415.686431885,286.243560791,632.758789063
ARE,EMR,Eastern Mediterranean,2000,11.6,7.7,16.8,,407.325836182,254.561630249,627.432861328
ARE,EMR,Eastern Mediterranean,2001,11.2,7.4,16.1,,395.488464355,248.554214478,605.961181641
ARE,EMR,Eastern Mediterranean,2002,11.5,7.6,16.5,,395.437683105,247.149597168,609.269287109
ARE,EMR,Eastern Mediterranean,2003,10.7,7.0,15.4,,379.539215088,236.475784302,585.786315918
ARE,EMR,Eastern Mediterranean,2004,10.4,6.8,15.0,,371.324798584,233.17930603,569.232543945
ARE,EMR,Eastern Mediterranean,2005,9.8,6.4,14.1,,353.179779053,223.259979248,539.203369141
ARE,EMR,Eastern Mediterranean,2006,9.3,6.1,13.4,,327.592681885,208.673171997,497.667175293
ARE,EMR,Eastern Mediterranean,2007,8.5,5.6,12.2,,306.387298584,196.810089111,462.663604736
ARE,EMR,Eastern Mediterranean,2008,7.7,5.1,11.1,,296.751434326,190.396362305,448.747589111
ARE,EMR,Eastern Mediterranean,2009,7.6,5.0,10.9,,306.531066895,196.190917969,464.310516357
ARE,EMR,Eastern Mediterranean,2010,8.0,5.3,11.4,,331.668182373,211.473419189,503.804992676
ARE,EMR,Eastern Mediterranean,2011,8.3,5.5,11.8,,347.04586792,221.07762146,526.505249023
ARE,EMR,Eastern Mediterranean,2012,8.3,5.5,11.9,,352.52947998,224.442321777,534.670471191
ARE,EMR,Eastern Mediterranean,2013,8.3,5.5,11.9,,345.738952637,220.815811157,522.107727051
ARE,EMR,Eastern Mediterranean,2014,8.4,5.6,12.1,,344.342834473,220.848815918,516.022583008
ARE,EMR,Eastern Mediterranean,2015,8.4,5.5,12.1,,344.33493042,221.234848022,514.795043945
ARE,EMR,Eastern Mediterranean,2016,8.4,5.5,12.3,,345.427398682,221.462432861,516.474975586
ARE,EMR,Eastern Mediterranean,2017,8.6,5.6,12.6,,344.215332031,218.990280151,516.813110352
ARE,EMR,Eastern Mediterranean,2018,8.7,5.6,12.8,,337.043029785,211.859466553,510.298614502
ARE,EMR,Eastern Mediterranean,2019,8.7,5.5,13.0,,328.664886475,202.764801025,503.149353027
ARE,EMR,Eastern Mediterranean,2020,9.6,6.1,14.3,"For this geography and year, some non-communicable disease deaths may be included in a separate category called ""other pandemic-related mortality"" due to lack of vital registration data. Estimates of this indicator for 2020 and 2021 may be underestimated, and need to be interpreted with caution.",335.114379883,201.614822388,520.43157959
ARE,EMR,Eastern Mediterranean,2021,11.6,7.5,17.0,"For this geography and year, some non-communicable disease deaths may be included in a separate category called ""other pandemic-related mortality"" due to lack of vital registration data. Estimates of this indicator for 2020 and 2021 may be underestimated, and need to be interpreted with caution.",431.999847412,261.371948242,668.093261719
ARG,AMR,Americas,2000,20.0,17.3,22.9,,528.13873291,428.575164795,657.454589844
ARG,AMR,Americas,2001,19.7,17.1,22.6,,527.401550293,426.561859131,655.982543945
ARG,AMR,Americas,2002,19.8,17.2,22.7,,524.669372559,423.942352295,651.475463867
ARG,AMR,Americas,2003,19.5,16.8,22.3,,528.519592285,426.69619751,656.62487793
ARG,AMR,Americas,2004,18.8,16.2,21.5,,502.993560791,405.403045654,626.096435547
ARG,AMR,Americas,2005,18.3,15.7,20.9,,488.511810303,393.443023682,609.138305664
ARG,AMR,Americas,2006,17.8,15.2,20.3,,473.588775635,381.220825195,591.36315918
ARG,AMR,Americas,2007,18.2,15.6,20.8,,495.248535156,399.388885498,620.336914063
ARG,AMR,Americas,2008,17.4,14.9,19.9,,465.827026367,374.940704346,584.565246582
ARG,AMR,Americas,2009,17.3,14.8,19.7,,457.18270874,367.695068359,573.596435547
ARG,AMR,Americas,2010,17.3,14.8,19.7,,468.382110596,376.918304443,588.557739258
ARG,AMR,Americas,2011,17.1,14.6,19.4,,458.663787842,368.841033936,576.523254395
ARG,AMR,Americas,2012,16.9,14.4,19.2,,451.231323242,362.880279541,568.155212402
ARG,AMR,Americas,2013,16.6,14.1,18.9,,443.149597168,356.759246826,560.671813965
ARG,AMR,Americas,2014,16.0,13.5,18.2,,431.945648193,347.281951904,547.412658691
ARG,AMR,Americas,2015,16.2,13.7,18.5,,436.33291626,350.417480469,552.578796387
ARG,AMR,Americas,2016,16.5,13.9,18.8,,447.941436768,359.31463623,567.275146484
ARG,AMR,Americas,2017,15.9,13.3,18.2,,426.314483643,340.341125488,540.705200195
ARG,AMR,Americas,2018,15.7,13.2,18.1,,417.454345703,331.33505249,529.508850098
ARG,AMR,Americas,2019,15.6,13.0,18.0,,415.504150391,327.504364014,529.081726074
ARG,AMR,Americas,2020,14.7,12.2,17.0,,385.487823486,301.96295166,493.386535645
ARG,AMR,Americas,2021,13.4,11.1,15.6,,397.000549316,308.13079834,515.591796875
ARM,EUR,Europe,2000,27.5,24.7,29.3,,735.411132813,653.704589844,870.963134766
ARM,EUR,Europe,2001,27.3,24.6,29.0,,723.648925781,641.619812012,852.331298828
ARM,EUR,Europe,2002,27.3,24.6,29.0,,767.368408203,678.271057129,900.369262695
ARM,EUR,Europe,2003,27.1,24.6,28.8,,768.248657227,677.080505371,895.9453125
ARM,EUR,Europe,2004,26.8,24.2,28.4,,733.439697266,641.373413086,852.047851563
ARM,EUR,Europe,2005,26.5,23.9,28.1,,732.444213867,633.62286377,851.85345459
ARM,EUR,Europe,2006,26.5,23.8,28.1,,719.793884277,619.253967285,835.232727051
ARM,EUR,Europe,2007,25.6,23.0,27.3,,702.834228516,601.436157227,815.861633301
ARM,EUR,Europe,2008,26.2,23.4,27.9,,704.938781738,601.713562012,818.391723633
ARM,EUR,Europe,2009,25.7,22.9,27.3,,700.569213867,596.555725098,813.677246094
ARM,EUR,Europe,2010,24.8,21.9,26.2,,689.658874512,585.749694824,800.767089844
ARM,EUR,Europe,2011,23.7,20.9,25.0,,672.700195313,570.531066895,779.409118652
ARM,EUR,Europe,2012,23.7,20.9,24.9,,653.91583252,553.068969727,754.169494629
ARM,EUR,Europe,2013,22.7,20.1,24.0,,633.206542969,533.46685791,729.78527832
ARM,EUR,Europe,2014,22.3,19.9,23.7,,639.637573242,537.691711426,736.19543457
ARM,EUR,Europe,2015,22.2,19.8,23.7,,628.041748047,525.778747559,723.716003418
ARM,EUR,Europe,2016,21.6,19.4,23.2,,626.032958984,521.977355957,722.380981445
ARM,EUR,Europe,2017,21.3,19.1,22.9,,596.589111328,495.985168457,689.860717773
ARM,EUR,Europe,2018,20.1,18.0,21.6,,550.129089355,456.543060303,636.281616211
ARM,EUR,Europe,2019,20.2,17.9,21.7,,556.741027832,459.48324585,643.672851563
ARM,EUR,Europe,2020,21.3,18.4,23.2,,616.969299316,502.985839844,730.177368164
ARM,EUR,Europe,2021,20.6,17.2,23.0,,593.336364746,479.006134033,729.12322998
ATG,AMR,Americas,2000,19.0,16.0,22.2,,552.133483887,437.630493164,672.590148926
ATG,AMR,Americas,2001,18.2,15.3,21.4,,531.665466309,419.579803467,644.462463379
ATG,AMR,Americas,2002,19.0,16.0,22.4,,528.103271484,415.717010498,639.128112793
ATG,AMR,Americas,2003,18.5,15.6,21.9,,539.6328125,423.351135254,655.816040039
ATG,AMR,Americas,2004,18.2,15.4,21.5,,525.056884766,413.616363525,635.344665527
ATG,AMR,Americas,2005,17.3,14.6,20.5,,519.118591309,408.940948486,631.343017578
ATG,AMR,Americas,2006,17.4,14.8,20.7,,509.577423096,402.60269165,619.900268555
ATG,AMR,Americas,2007,19.8,16.8,23.3,,538.539489746,427.657836914,654.632446289
ATG,AMR,Americas,2008,19.3,16.4,22.8,,528.656860352,419.50302124,646.158447266
ATG,AMR,Americas,2009,17.8,15.0,21.2,,501.151245117,396.480041504,614.120422363
ATG,AMR,Americas,2010,17.0,14.2,20.2,,499.748535156,392.793334961,615.212402344
ATG,AMR,Americas,2011,16.3,13.5,19.4,,509.152404785,399.885528564,628.534240723
ATG,AMR,Americas,2012,16.6,13.8,19.8,,511.594512939,401.627685547,632.343322754
ATG,AMR,Americas,2013,17.1,14.2,20.3,,512.100280762,402.957336426,633.464599609
ATG,AMR,Americas,2014,17.9,14.9,21.2,,513.579223633,404.589996338,637.717407227
ATG,AMR,Americas,2015,18.2,15.1,21.5,,523.299926758,412.329406738,654.662902832
ATG,AMR,Americas,2016,18.1,15.0,21.4,,528.070068359,416.918487549,664.08416748
ATG,AMR,Americas,2017,17.7,14.6,21.1,,538.352111816,425.685546875,679.67199707
ATG,AMR,Americas,2018,17.9,14.7,21.4,,539.471130371,425.536621094,683.515258789
ATG,AMR,Americas,2019,18.5,15.1,22.2,,546.473693848,429.931152344,697.279724121
ATG,AMR,Americas,2020,15.0,12.1,18.3,,437.901153564,340.499023438,568.350158691
ATG,AMR,Americas,2021,12.1,9.9,14.5,,389.697296143,307.470489502,500.310119629
AUS,WPR,Western Pacific,2000,13.0,11.3,14.7,,385.908081055,312.84487915,471.539794922
AUS,WPR,Western Pacific,2001,12.6,11.0,14.3,,371.934234619,300.626831055,455.230499268
AUS,WPR,Western Pacific,2002,12.3,10.7,13.9,,370.62512207,298.743896484,454.434936523
AUS,WPR,Western Pacific,2003,11.8,10.2,13.4,,356.175598145,286.121582031,437.995422363
AUS,WPR,Western Pacific,2004,11.5,10.0,13.1,,350.070709229,280.037750244,431.239135742
AUS,WPR,Western Pacific,2005,11.4,9.8,12.9,,348.734924316,277.404541016,431.238830566
AUS,WPR,Western Pacific,2006,10.9,9.4,12.4,,341.827545166,271.005950928,423.523284912
AUS,WPR,Western Pacific,2007,10.7,9.2,12.2,,332.244018555,263.544891357,411.786468506
AUS,WPR,Western Pacific,2008,10.5,9.0,12.0,,336.795166016,266.857635498,418.662139893
AUS,WPR,Western Pacific,2009,10.1,8.7,11.5,,320.663848877,253.701812744,399.700134277
AUS,WPR,Western Pacific,2010,9.9,8.5,11.3,,314.668884277,247.892333984,394.029083252
AUS,WPR,Western Pacific,2011,9.8,8.4,11.2,,314.58770752,247.476547241,394.997497559
AUS,WPR,Western Pacific,2012,9.4,8.0,10.7,,303.239013672,237.404281616,382.80770874
AUS,WPR,Western Pacific,2013,9.4,8.0,10.8,,297.732666016,232.215652466,377.285400391
AUS,WPR,Western Pacific,2014,9.3,7.9,10.7,,299.55065918,232.693435669,381.275360107
AUS,WPR,Western Pacific,2015,9.3,7.9,10.8,,301.135162354,232.459594727,385.253204346
AUS,WPR,Western Pacific,2016,9.0,7.5,10.4,,292.111083984,224.397232056,374.716278076
AUS,WPR,Western Pacific,2017,8.7,7.3,10.1,,287.114471436,219.28968811,370.111663818
AUS,WPR,Western Pacific,2018,8.7,7.2,10.2,,279.710021973,212.496536255,362.101257324
AUS,WPR,Western Pacific,2019,9.0,7.4,10.5,,288.038513184,217.876663208,374.360137939
AUS,WPR,Western Pacific,2020,8.3,6.8,9.7,,268.753387451,200.477905273,351.248016357
AUS,WPR,Western Pacific,2021,8.3,6.8,9.8,,275.796661377,204.827041626,360.186462402
AUT,EUR,Europe,2000,15.3,13.4,17.4,,453.126617432,366.756866455,554.597412109
AUT,EUR,Europe,2001,14.7,12.8,16.7,,435.791717529,351.119567871,535.22467041
AUT,EUR,Europe,2002,13.9,12.1,15.9,,435.818328857,349.92868042,537.303894043
AUT,EUR,Europe,2003,13.7,11.8,15.6,,438.131103516,350.609008789,542.085571289
AUT,EUR,Europe,2004,13.2,11.4,15.1,,417.13873291,332.387054443,517.663085938
AUT,EUR,Europe,2005,12.8,11.1,14.7,,406.637115479,323.185272217,506.021453857
AUT,EUR,Europe,2006,12.5,10.8,14.4,,391.940795898,311.108825684,487.909057617
AUT,EUR,Europe,2007,12.3,10.6,14.1,,383.16506958,304.048950195,477.078704834
AUT,EUR,Europe,2008,12.1,10.5,13.9,,375.766906738,297.838806152,468.964813232
AUT,EUR,Europe,2009,12.4,10.7,14.2,,381.384002686,302.509307861,476.133880615
AUT,EUR,Europe,2010,12.4,10.7,14.3,,371.256988525,293.383575439,464.736541748
AUT,EUR,Europe,2011,12.2,10.6,14.1,,359.612976074,284.06817627,450.613647461
AUT,EUR,Europe,2012,12.0,10.3,13.8,,363.886291504,286.718200684,456.831726074
AUT,EUR,Europe,2013,11.8,10.2,13.6,,358.814239502,282.353881836,450.922973633
AUT,EUR,Europe,2014,11.7,10.1,13.5,,346.581115723,272.302947998,436.171112061
AUT,EUR,Europe,2015,11.6,9.9,13.4,,354.99697876,277.856842041,448.315979004
AUT,EUR,Europe,2016,11.2,9.6,13.0,,340.832885742,266.200317383,431.169158936
AUT,EUR,Europe,2017,10.8,9.2,12.5,,340.259460449,264.37097168,432.338104248
AUT,EUR,Europe,2018,10.9,9.3,12.7,,337.538665771,261.87890625,430.111541748
AUT,EUR,Europe,2019,10.3,8.8,12.1,,328.505950928,253.002304077,421.108154297
AUT,EUR,Europe,2020,10.1,8.5,11.8,,329.269683838,251.732437134,421.673248291
AUT,EUR,Europe,2021,9.9,8.3,11.7,,325.564147949,244.563766479,416.419647217
AZE,EUR,Europe,2000,34.5,28.6,40.5,,908.968200684,721.506713867,1201.535400391
AZE,EUR,Europe,2001,32.7,27.0,38.5,,843.651428223,664.13885498,1111.803588867
AZE,EUR,Europe,2002,32.2,26.4,37.9,,857.525085449,677.009643555,1133.163085938
AZE,EUR,Europe,2003,32.9,26.9,38.7,,883.806396484,694.223449707,1163.434570313
AZE,EUR,Europe,2004,31.9,25.9,37.7,,859.31262207,674.527526855,1135.729858398
AZE,EUR,Europe,2005,32.7,26.5,38.5,,875.835571289,686.432922363,1153.985717773
AZE,EUR,Europe,2006,32.6,26.3,38.3,,951.596069336,748.061096191,1260.703369141
AZE,EUR,Europe,2007,29.0,23.1,34.5,,794.340393066,619.842285156,1052.934936523
AZE,EUR,Europe,2008,30.4,24.1,36.2,,886.844238281,687.464416504,1179.963500977
AZE,EUR,Europe,2009,28.7,22.6,34.6,,844.50402832,645.752624512,1124.817382813
AZE,EUR,Europe,2010,27.5,21.7,33.9,,822.992126465,619.711425781,1094.401855469
AZE,EUR,Europe,2011,26.2,20.7,32.9,,795.558837891,591.293334961,1058.970092773
AZE,EUR,Europe,2012,25.2,19.7,31.8,,753.723632813,553.911499023,1001.965454102
AZE,EUR,Europe,2013,23.6,18.2,29.7,,706.105957031,510.97164917,929.686218262
AZE,EUR,Europe,2014,22.7,17.3,28.6,,673.754943848,483.249603271,885.301879883
AZE,EUR,Europe,2015,21.3,16.1,26.9,,617.124633789,440.705200195,809.493835449
AZE,EUR,Europe,2016,21.1,15.8,26.5,,608.524353027,432.197143555,795.190856934
AZE,EUR,Europe,2017,20.9,15.7,26.3,,573.313781738,405.559356689,747.459838867
AZE,EUR,Europe,2018,19.9,15.0,25.3,,556.108215332,391.409179688,726.204284668
AZE,EUR,Europe,2019,19.3,14.5,24.8,,519.875976563,365.188049316,687.071655273
AZE,EUR,Europe,2020,21.6,16.0,28.0,"For this geography and year, some non-communicable disease deaths may be included in a separate category called ""other pandemic-related mortality"" due to lack of vital registration data. Estimates of this indicator for 2020 and 2021 may be underestimated, and need to be interpreted with caution.",563.270202637,389.758453369,751.214050293
AZE,EUR,Europe,2021,17.4,12.5,23.0,"For this geography and year, some non-communicable disease deaths may be included in a separate category called ""other pandemic-related mortality"" due to lack of vital registration data. Estimates of this indicator for 2020 and 2021 may be underestimated, and need to be interpreted with caution.",452.695526123,306.355102539,607.28717041
BDI,AFR,Africa,2000,34.1,20.1,49.2,,879.424987793,442.918945313,1476.637695313
BDI,AFR,Africa,2001,32.7,19.3,47.4,,847.806396484,427.419891357,1428.165527344
BDI,AFR,Africa,2002,31.4,18.5,45.8,,819.50769043,414.556610107,1382.055908203
BDI,AFR,Africa,2003,30.4,17.9,44.4,,796.200195313,404.287902832,1343.699951172
BDI,AFR,Africa,2004,29.7,17.6,43.4,,783.614685059,399.185699463,1325.697875977
BDI,AFR,Africa,2005,28.4,16.8,41.7,,752.129089355,384.288269043,1273.38293457
BDI,AFR,Africa,2006,27.3,16.2,40.3,,729.083312988,373.443756104,1238.137695313
BDI,AFR,Africa,2007,26.1,15.5,38.6,,697.084472656,357.484191895,1189.76940918
BDI,AFR,Africa,2008,25.3,15.1,37.5,,675.745727539,347.827392578,1155.564453125
BDI,AFR,Africa,2009,25.1,15.1,37.4,,677.55456543,349.880950928,1161.27722168
BDI,AFR,Africa,2010,25.0,15.0,37.1,,676.853759766,350.187988281,1159.248168945
BDI,AFR,Africa,2011,24.7,14.9,36.6,,668.694824219,346.662841797,1144.182495117
BDI,AFR,Africa,2012,24.6,14.9,36.4,,664.482727051,345.571716309,1135.684570313
BDI,AFR,Africa,2013,24.5,14.8,36.3,,662.643798828,344.962036133,1132.572875977
BDI,AFR,Africa,2014,24.5,14.7,36.3,,658.325439453,342.595855713,1126.507446289
BDI,AFR,Africa,2015,24.1,14.4,35.8,,648.507080078,337.57409668,1112.338745117
BDI,AFR,Africa,2016,24.1,14.4,35.8,,648.717346191,337.628967285,1111.905029297
BDI,AFR,Africa,2017,24.1,14.3,35.8,,647.826416016,336.852386475,1111.750244141
BDI,AFR,Africa,2018,23.9,14.2,35.6,,644.709350586,334.998138428,1110.033203125
BDI,AFR,Africa,2019,23.9,14.1,35.6,,643.52532959,333.302154541,1111.264770508
BDI,AFR,Africa,2020,24.1,14.1,35.9,"For this geography and year, some non-communicable disease deaths may be included in a separate category called ""other pandemic-related mortality"" due to lack of vital registration data. Estimates of this indicator for 2020 and 2021 may be underestimated, and need to be interpreted with caution.",647.992492676,333.956878662,1118.095336914
BDI,AFR,Africa,2021,24.8,14.5,36.8,"For this geography and year, some non-communicable disease deaths may be included in a separate category called ""other pandemic-related mortality"" due to lack of vital registration data. Estimates of this indicator for 2020 and 2021 may be underestimated, and need to be interpreted with caution.",670.23626709,341.364440918,1150.671264648
BEL,EUR,Europe,2000,15.4,13.4,17.6,,443.911407471,355.070831299,553.733642578
BEL,EUR,Europe,2001,15.1,13.1,17.2,,432.668182373,345.40145874,540.405944824
BEL,EUR,Europe,2002,15.0,13.1,17.1,,436.348754883,348.179626465,545.877319336
BEL,EUR,Europe,2003,14.5,12.6,16.6,,434.595214844,346.032592773,545.260803223
BEL,EUR,Europe,2004,13.7,11.9,15.6,,407.280700684,323.227783203,511.919189453
BEL,EUR,Europe,2005,13.7,11.9,15.7,,404.585968018,320.247344971,509.894866943
BEL,EUR,Europe,2006,13.4,11.6,15.3,,389.180114746,307.150360107,491.456573486
BEL,EUR,Europe,2007,13.1,11.4,15.0,,378.190002441,298.455200195,477.688049316
BEL,EUR,Europe,2008,13.2,11.5,15.1,,378.167419434,297.767272949,478.2081604
BEL,EUR,Europe,2009,12.9,11.1,14.7,,368.298950195,289.43069458,465.997375488
BEL,EUR,Europe,2010,13.0,11.2,14.8,,369.125213623,288.331268311,468.212677002
BEL,EUR,Europe,2011,12.6,10.9,14.5,,357.522735596,278.585510254,453.818237305
BEL,EUR,Europe,2012,12.2,10.5,14.0,,362.207794189,281.520294189,461.141906738
BEL,EUR,Europe,2013,11.9,10.2,13.7,,352.692993164,273.848968506,449.952056885
BEL,EUR,Europe,2014,11.5,9.8,13.3,,333.215881348,257.578033447,426.833007813
BEL,EUR,Europe,2015,11.5,9.8,13.3,,340.896759033,262.673553467,438.283966064
BEL,EUR,Europe,2016,11.1,9.4,12.9,,329.991729736,253.432235718,425.517547607
BEL,EUR,Europe,2017,10.6,9.0,12.4,,324.714630127,248.411407471,420.957092285
BEL,EUR,Europe,2018,10.4,8.7,12.1,,317.643981934,241.950622559,413.79776001
BEL,EUR,Europe,2019,10.0,8.4,11.8,,307.360656738,232.240753174,403.031158447
BEL,EUR,Europe,2020,9.1,7.6,10.9,,287.967346191,215.795288086,380.806732178
BEL,EUR,Europe,2021,9.2,7.7,11.0,,283.809173584,211.904403687,375.735809326
BEN,AFR,Africa,2000,23.2,14.5,34.0,,646.516418457,361.395874023,1064.815795898
BEN,AFR,Africa,2001,23.0,14.3,33.7,,638.310852051,357.14163208,1052.90637207
BEN,AFR,Africa,2002,22.8,14.1,33.5,,638.806335449,356.975891113,1056.235351563
BEN,AFR,Africa,2003,22.4,13.8,32.8,,631.141784668,352.314300537,1042.716796875
BEN,AFR,Africa,2004,22.2,13.7,32.5,,627.653442383,350.546447754,1036.079467773
BEN,AFR,Africa,2005,22.1,13.6,32.4,,624.282287598,347.789337158,1029.490722656
BEN,AFR,Africa,2006,22.0,13.5,32.3,,623.554626465,346.714782715,1028.724975586
BEN,AFR,Africa,2007,22.1,13.6,32.4,,625.002929688,347.428894043,1028.070556641
BEN,AFR,Africa,2008,22.1,13.5,32.2,,629.785522461,349.794891357,1033.153076172
BEN,AFR,Africa,2009,22.2,13.6,32.2,,634.953918457,352.773406982,1037.101318359
BEN,AFR,Africa,2010,22.4,13.7,32.4,,638.85345459,354.997497559,1041.250244141
BEN,AFR,Africa,2011,22.5,13.8,32.6,,642.794006348,358.057922363,1045.582641602
BEN,AFR,Africa,2012,22.7,14.0,32.7,,642.968383789,359.405609131,1043.287719727
BEN,AFR,Africa,2013,22.4,13.8,32.3,,636.781555176,357.220336914,1031.236328125
BEN,AFR,Africa,2014,22.3,13.6,31.9,,632.738098145,355.565368652,1022.552124023
BEN,AFR,Africa,2015,22.5,13.6,32.1,,635.186218262,356.572174072,1026.229492188
BEN,AFR,Africa,2016,22.2,13.4,31.7,,627.421630859,352.886962891,1014.310180664
BEN,AFR,Africa,2017,21.9,13.2,31.4,,619.885559082,348.568786621,1004.208984375
BEN,AFR,Africa,2018,21.6,13.0,31.2,,612.670837402,343.546356201,995.527832031
BEN,AFR,Africa,2019,21.3,12.9,31.1,,607.75567627,340.490814209,988.945373535
BEN,AFR,Africa,2020,21.8,13.2,31.9,"For this geography and year, some non-communicable disease deaths may be included in a separate category called ""other pandemic-related mortality"" due to lack of vital registration data. Estimates of this indicator for 2020 and 2021 may be underestimated, and need to be interpreted with caution.",617.742797852,345.694580078,1003.25390625
BEN,AFR,Africa,2021,20.8,12.5,30.6,"For this geography and year, some non-communicable disease deaths may be included in a separate category called ""other pandemic-related mortality"" due to lack of vital registration data. Estimates of this indicator for 2020 and 2021 may be underestimated, and need to be interpreted with caution.",590.530090332,327.448852539,958.774658203
BFA,AFR,Africa,2000,26.0,15.4,39.0,,688.563720703,359.246551514,1270.349243164
BFA,AFR,Africa,2001,26.0,15.4,39.2,,691.173461914,361.198425293,1275.029541016
BFA,AFR,Africa,2002,25.9,15.2,39.0,,690.126586914,360.888885498,1265.96472168
BFA,AFR,Africa,2003,25.6,15.0,38.7,,685.337158203,357.962371826,1258.451416016
BFA,AFR,Africa,2004,25.4,14.9,38.5,,682.972045898,356.034393311,1251.668701172
BFA,AFR,Africa,2005,25.2,14.8,38.2,,680.431396484,355.085968018,1245.104980469
BFA,AFR,Africa,2006,25.3,14.8,38.3,,684.013000488,356.642089844,1250.690673828
BFA,AFR,Africa,2007,25.2,14.7,38.2,,680.379821777,355.572814941,1242.390258789
BFA,AFR,Africa,2008,25.2,14.7,38.2,,681.571105957,356.555938721,1244.217407227
BFA,AFR,Africa,2009,25.3,14.8,38.3,,684.30670166,358.623413086,1247.756591797
BFA,AFR,Africa,2010,25.3,14.8,38.2,,683.433349609,358.383544922,1244.414306641
BFA,AFR,Africa,2011,25.4,14.9,38.3,,686.11895752,360.654602051,1246.752685547
BFA,AFR,Africa,2012,25.5,15.0,38.4,,691.041625977,363.200561523,1255.413085938
BFA,AFR,Africa,2013,25.4,15.0,38.3,,690.51574707,363.401092529,1254.031982422
BFA,AFR,Africa,2014,25.3,14.9,38.0,,687.243164063,360.017578125,1249.614257813
BFA,AFR,Africa,2015,25.3,14.8,38.0,,686.623535156,358.277679443,1250.203979492
BFA,AFR,Africa,2016,25.2,14.8,37.8,,687.012390137,359.796600342,1250.400024414
BFA,AFR,Africa,2017,24.9,14.6,37.4,,679.041442871,356.404266357,1235.897338867
BFA,AFR,Africa,2018,24.5,14.4,36.9,,670.054382324,351.848114014,1223.103271484
BFA,AFR,Africa,2019,24.1,14.1,36.5,,658.280578613,345.620147705,1206.26550293
BFA,AFR,Africa,2020,24.2,14.2,36.6,"For this geography and year, some non-communicable disease deaths may be included in a separate category called ""other pandemic-related mortality"" due to lack of vital registration data. Estimates of this indicator for 2020 and 2021 may be underestimated, and need to be interpreted with caution.",659.298828125,344.882446289,1202.849121094
BFA,AFR,Africa,2021,23.4,13.6,35.5,"For this geography and year, some non-communicable disease deaths may be included in a separate category called ""other pandemic-related mortality"" due to lack of vital registration data. Estimates of this indicator for 2020 and 2021 may be underestimated, and need to be interpreted with caution.",638.616210938,330.177398682,1164.422851563
BGD,SEAR,South-East Asia,2000,24.7,15.3,33.7,,635.828125,449.317260742,1201.15222168
BGD,SEAR,South-East Asia,2001,24.1,14.9,33.1,,627.506164551,454.593597412,1214.13684082
BGD,SEAR,South-East Asia,2002,24.0,14.9,33.0,,636.768188477,474.256317139,1260.524780273
BGD,SEAR,South-East Asia,2003,23.7,14.8,32.7,,631.156982422,477.843536377,1260.772583008
BGD,SEAR,South-East Asia,2004,23.2,14.5,32.0,,606.563598633,459.281524658,1210.572265625
BGD,SEAR,South-East Asia,2005,23.4,14.7,32.3,,603.833557129,455.871154785,1194.866577148
BGD,SEAR,South-East Asia,2006,23.9,15.2,32.8,,614.612060547,463.736907959,1203.457397461
BGD,SEAR,South-East Asia,2007,23.8,15.1,32.6,,613.741516113,459.890472412,1188.238037109
BGD,SEAR,South-East Asia,2008,23.2,14.7,31.9,,599.728515625,440.73236084,1142.094848633
BGD,SEAR,South-East Asia,2009,22.6,14.3,31.2,,587.860351563,423.54989624,1096.058105469
BGD,SEAR,South-East Asia,2010,22.0,13.9,30.4,,576.204040527,407.283111572,1053.803588867
BGD,SEAR,South-East Asia,2011,20.8,13.0,29.0,,520.604125977,353.353912354,933.380615234
BGD,SEAR,South-East Asia,2012,20.1,12.5,28.4,,480.793823242,311.480804443,846.794677734
BGD,SEAR,South-East Asia,2013,19.7,12.3,28.1,,473.19708252,300.126190186,818.433959961
BGD,SEAR,South-East Asia,2014,19.3,12.0,27.8,,479.823150635,299.319458008,815.280944824
BGD,SEAR,South-East Asia,2015,19.1,11.9,27.8,,473.242462158,288.242248535,792.467529297
BGD,SEAR,South-East Asia,2016,19.1,11.9,28.1,,474.606842041,283.637634277,785.578552246
BGD,SEAR,South-East Asia,2017,19.3,12.2,28.8,,495.768707275,294.208465576,810.313354492
BGD,SEAR,South-East Asia,2018,19.3,12.3,29.5,,496.499908447,291.377197266,811.129394531
BGD,SEAR,South-East Asia,2019,19.2,12.4,30.1,,497.742919922,289.284729004,815.17980957
BGD,SEAR,South-East Asia,2020,18.9,12.4,30.2,"For this geography and year, some non-communicable disease deaths may be included in a separate category called ""other pandemic-related mortality"" due to lack of vital registration data. Estimates of this indicator for 2020 and 2021 may be underestimated, and need to be interpreted with caution.",497.52722168,287.205444336,816.885131836
BGD,SEAR,South-East Asia,2021,18.1,12.0,29.8,"For this geography and year, some non-communicable disease deaths may be included in a separate category called ""other pandemic-related mortality"" due to lack of vital registration data. Estimates of this indicator for 2020 and 2021 may be underestimated, and need to be interpreted with caution.",478.91229248,277.300811768,797.18359375
BGR,EUR,Europe,2000,28.5,25.4,31.3,,793.089782715,773.917602539,1019.086120605
BGR,EUR,Europe,2001,28.1,25.1,31.0,,769.21862793,739.120056152,978.31427002
BGR,EUR,Europe,2002,27.9,25.0,31.0,,769.42791748,747.371643066,989.495727539
BGR,EUR,Europe,2003,27.9,25.1,31.1,,760.779052734,747.473999023,991.103393555
BGR,EUR,Europe,2004,27.6,24.8,30.8,,741.881652832,718.333618164,961.043823242
BGR,EUR,Europe,2005,27.6,24.8,31.0,,747.107543945,706.168273926,952.902709961
BGR,EUR,Europe,2006,27.5,24.6,30.8,,735.331787109,682.081115723,924.151916504
BGR,EUR,Europe,2007,26.6,23.7,29.8,,721.339660645,661.085327148,900.56628418
BGR,EUR,Europe,2008,25.7,22.8,28.9,,696.708557129,632.418640137,866.197509766
BGR,EUR,Europe,2009,25.8,23.0,29.0,,678.478637695,611.75970459,838.85357666
BGR,EUR,Europe,2010,25.6,22.8,28.8,,686.911987305,618.047668457,848.129272461
BGR,EUR,Europe,2011,25.1,22.3,28.2,,665.990722656,595.232971191,820.00402832
BGR,EUR,Europe,2012,24.3,21.7,27.5,,655.638061523,584.640563965,808.555175781
BGR,EUR,Europe,2013,23.9,21.3,27.0,,626.391174316,556.476928711,774.013000488
BGR,EUR,Europe,2014,24.7,22.1,28.0,,646.043762207,574.163696289,797.512878418
BGR,EUR,Europe,2015,24.3,21.6,27.5,,645.873840332,573.841186523,797.963134766
BGR,EUR,Europe,2016,24.4,21.7,27.7,,629.614746094,557.857666016,780.50982666
BGR,EUR,Europe,2017,24.4,21.7,27.8,,636.035095215,563.103515625,790.196105957
BGR,EUR,Europe,2018,24.3,21.6,27.7,,629.264221191,555.974243164,782.107971191
BGR,EUR,Europe,2019,24.0,21.3,27.4,,619.956237793,546.450378418,773.047546387
BGR,EUR,Europe,2020,25.1,21.9,29.0,,654.339477539,567.799560547,828.351257324
BGR,EUR,Europe,2021,25.6,21.3,30.5,,684.933654785,575.052612305,887.549743652
BHR,EMR,Eastern Mediterranean,2000,29.8,25.7,39.5,,1044.322021484,864.743896484,1654.366210938
BHR,EMR,Eastern Mediterranean,2001,28.9,24.6,38.0,,1022.193237305,845.856445313,1618.693115234
BHR,EMR,Eastern Mediterranean,2002,27.8,23.1,35.9,,1008.49005127,819.270996094,1569.599853516
BHR,EMR,Eastern Mediterranean,2003,27.5,22.3,34.8,,1040.230834961,826.467285156,1581.186279297
BHR,EMR,Eastern Mediterranean,2004,26.3,21.1,33.2,,1040.534179688,808.793273926,1547.151855469
BHR,EMR,Eastern Mediterranean,2005,24.8,19.8,31.3,,1028.406982422,778.909667969,1494.967529297
BHR,EMR,Eastern Mediterranean,2006,23.2,18.5,29.5,,969.095825195,710.946716309,1364.862670898
BHR,EMR,Eastern Mediterranean,2007,22.0,17.6,28.1,,927.011413574,655.945739746,1266.13269043
BHR,EMR,Eastern Mediterranean,2008,20.9,16.6,26.8,,885.215209961,603.642456055,1174.028442383
BHR,EMR,Eastern Mediterranean,2009,19.9,15.7,25.7,,852.004089355,559.098327637,1093.131469727
BHR,EMR,Eastern Mediterranean,2010,19.5,15.2,24.8,,855.582641602,545.422607422,1076.32434082
BHR,EMR,Eastern Mediterranean,2011,18.9,14.6,24.0,,834.772949219,524.013122559,1045.184082031
BHR,EMR,Eastern Mediterranean,2012,18.0,13.7,23.0,,792.706604004,487.727905273,988.956665039
BHR,EMR,Eastern Mediterranean,2013,16.6,12.5,21.5,,727.991271973,441.224121094,908.14050293
BHR,EMR,Eastern Mediterranean,2014,14.9,11.3,20.0,,640.621032715,400.401367188,840.079711914
BHR,EMR,Eastern Mediterranean,2015,14.3,11.1,20.1,,631.103088379,416.792205811,884.983032227
BHR,EMR,Eastern Mediterranean,2016,14.5,11.2,20.6,,647.576416016,436.399871826,936.70513916
BHR,EMR,Eastern Mediterranean,2017,14.5,10.7,20.3,,645.792785645,421.930206299,923.688232422
BHR,EMR,Eastern Mediterranean,2018,14.4,10.2,19.9,,636.127563477,399.495300293,896.708496094
BHR,EMR,Eastern Mediterranean,2019,14.5,10.1,20.2,,631.456054688,387.8855896,891.533569336
BHR,EMR,Eastern Mediterranean,2020,15.1,10.6,21.3,"For this geography and year, some non-communicable disease deaths may be included in a separate category called ""other pandemic-related mortality"" due to lack of vital registration data. Estimates of this indicator for 2020 and 2021 may be underestimated, and need to be interpreted with caution.",644.272766113,393.172607422,916.329223633
BHR,EMR,Eastern Mediterranean,2021,14.8,10.8,21.4,"For this geography and year, some non-communicable disease deaths may be included in a separate category called ""other pandemic-related mortality"" due to lack of vital registration data. Estimates of this indicator for 2020 and 2021 may be underestimated, and need to be interpreted with caution.",668.150268555,404.764678955,946.412780762
BHS,AMR,Americas,2000,22.8,15.2,29.6,,575.642883301,370.062713623,801.78112793
BHS,AMR,Americas,2001,22.8,15.4,29.4,,574.769897461,367.488922119,802.778991699
BHS,AMR,Americas,2002,22.1,14.9,28.6,,563.129638672,357.48034668,789.343811035
BHS,AMR,Americas,2003,22.2,15.1,28.5,,578.530944824,365.518615723,812.844482422
BHS,AMR,Americas,2004,22.5,15.4,28.8,,585.110900879,371.648284912,819.919799805
BHS,AMR,Americas,2005,21.3,14.5,27.4,,552.254821777,348.727783203,776.13458252
BHS,AMR,Americas,2006,21.6,14.8,27.7,,565.169433594,359.210723877,791.724060059
BHS,AMR,Americas,2007,21.2,14.7,27.0,,550.540771484,349.256286621,771.953735352
BHS,AMR,Americas,2008,21.4,14.9,27.2,,554.412902832,351.326568604,777.807922363
BHS,AMR,Americas,2009,21.6,15.1,27.3,,563.998718262,356.774597168,791.9453125
BHS,AMR,Americas,2010,21.9,15.5,27.5,,572.099365234,363.780548096,801.250061035
BHS,AMR,Americas,2011,21.3,15.3,26.5,,557.28503418,354.066253662,780.825744629
BHS,AMR,Americas,2012,20.8,15.1,25.7,,552.442016602,351.643035889,773.320861816
BHS,AMR,Americas,2013,20.3,14.9,25.0,,541.376342773,343.814331055,543.3671875
BHS,AMR,Americas,2014,21.0,15.6,25.6,,571.127441406,363.007293701,577.549194336
BHS,AMR,Americas,2015,20.2,15.3,24.3,,553.873596191,350.775115967,566.296813965
BHS,AMR,Americas,2016,20.5,15.7,24.5,,562.578552246,355.815307617,585.206176758
BHS,AMR,Americas,2017,20.4,15.7,24.3,,552.885192871,349.408508301,588.114379883
BHS,AMR,Americas,2018,20.3,15.6,24.2,,546.342346191,343.351959229,593.348937988
BHS,AMR,Americas,2019,20.3,15.7,24.1,,547.912414551,343.623565674,609.866027832
BHS,AMR,Americas,2020,20.0,15.5,23.7,"For this geography and year, some non-communicable disease deaths may be included in a separate category called ""other pandemic-related mortality"" due to lack of vital registration data. Estimates of this indicator for 2020 and 2021 may be underestimated, and need to be interpreted with caution.",527.322570801,328.455596924,597.651062012
BHS,AMR,Americas,2021,20.4,15.8,24.2,"For this geography and year, some non-communicable disease deaths may be included in a separate category called ""other pandemic-related mortality"" due to lack of vital registration data. Estimates of this indicator for 2020 and 2021 may be underestimated, and need to be interpreted with caution.",510.231201172,323.124633789,599.783081055
BIH,EUR,Europe,2000,21.7,16.6,28.2,,561.858154297,422.002655029,817.805175781
BIH,EUR,Europe,2001,21.4,16.1,28.2,,542.940917969,399.716888428,791.038146973
BIH,EUR,Europe,2002,21.2,16.1,27.6,,532.308837891,389.628570557,763.967224121
BIH,EUR,Europe,2003,20.9,16.3,26.6,,520.493347168,386.608764648,729.729736328
BIH,EUR,Europe,2004,20.7,16.0,26.4,,511.211700439,376.33682251,712.75177002
BIH,EUR,Europe,2005,21.2,16.4,26.9,,515.163635254,376.374420166,709.959899902
BIH,EUR,Europe,2006,20.8,16.1,26.5,,506.506958008,367.777038574,695.273864746
BIH,EUR,Europe,2007,21.8,16.8,27.5,,532.178283691,383.512268066,722.523498535
BIH,EUR,Europe,2008,20.6,15.8,26.0,,513.481506348,364.235076904,687.94519043
BIH,EUR,Europe,2009,20.4,15.6,25.6,,516.024108887,360.278259277,677.699829102
BIH,EUR,Europe,2010,19.8,15.1,24.8,,508.994262695,348.944213867,655.394897461
BIH,EUR,Europe,2011,19.6,14.9,24.4,,510.426574707,343.665100098,642.910461426
BIH,EUR,Europe,2012,18.9,14.2,23.5,,502.801879883,330.378692627,619.920837402
BIH,EUR,Europe,2013,18.9,14.2,23.4,,506.389953613,327.916046143,616.05859375
BIH,EUR,Europe,2014,18.7,14.0,23.1,,508.638153076,326.982543945,612.319641113
BIH,EUR,Europe,2015,19.0,14.3,23.5,,519.024902344,332.500854492,619.298034668
BIH,EUR,Europe,2016,18.9,14.2,23.3,,512.297424316,326.783935547,611.231018066
BIH,EUR,Europe,2017,18.8,14.0,23.1,,510.213531494,325.029083252,608.829040527
BIH,EUR,Europe,2018,18.7,13.9,23.0,,506.417572021,321.526306152,603.608154297
BIH,EUR,Europe,2019,19.2,14.2,23.5,,518.909240723,329.025177002,618.468322754
BIH,EUR,Europe,2020,17.9,13.0,22.2,"For this geography and year, some non-communicable disease deaths may be included in a separate category called ""other pandemic-related mortality"" due to lack of vital registration data. Estimates of this indicator for 2020 and 2021 may be underestimated, and need to be interpreted with caution.",521.749023438,324.957061768,622.133544922
BIH,EUR,Europe,2021,17.2,11.5,22.4,"For this geography and year, some non-communicable disease deaths may be included in a separate category called ""other pandemic-related mortality"" due to lack of vital registration data. Estimates of this indicator for 2020 and 2021 may be underestimated, and need to be interpreted with caution.",510.278381348,300.161895752,632.842590332
BLR,EUR,Europe,2000,33.7,30.7,38.5,,848.523376465,739.748535156,1010.717773438
BLR,EUR,Europe,2001,35.1,32.1,40.0,,881.761108398,774.588806152,1053.833496094
BLR,EUR,Europe,2002,36.1,33.1,41.1,,920.980895996,812.649108887,1104.674438477
BLR,EUR,Europe,2003,35.1,32.2,39.9,,893.96307373,789.389709473,1074.311279297
BLR,EUR,Europe,2004,34.2,31.3,38.8,,869.793029785,770.71270752,1050.313232422
BLR,EUR,Europe,2005,34.6,31.6,39.1,,872.612121582,775.178222656,1059.393310547
BLR,EUR,Europe,2006,33.2,30.4,37.7,,841.127441406,750.010681152,1029.344726563
BLR,EUR,Europe,2007,31.4,28.8,35.8,,795.124145508,711.163818359,977.242858887
BLR,EUR,Europe,2008,31.5,29.0,35.9,,785.128051758,703.699951172,964.483459473
BLR,EUR,Europe,2009,31.2,28.8,35.6,,781.909240723,703.119384766,961.096740723
BLR,EUR,Europe,2010,31.2,28.9,35.6,,792.51776123,711.854492188,974.743469238
BLR,EUR,Europe,2011,31.0,29.0,35.9,,771.323425293,693.068664551,950.596801758
BLR,EUR,Europe,2012,27.9,26.3,32.8,,712.098022461,639.672973633,880.200317383
BLR,EUR,Europe,2013,27.1,25.6,31.9,,697.331604004,630.212036133,859.354125977
BLR,EUR,Europe,2014,26.4,24.9,31.1,,671.087097168,606.484558105,827.772644043
BLR,EUR,Europe,2015,25.3,23.6,29.8,,652.51940918,587.958190918,808.791381836
BLR,EUR,Europe,2016,25.3,23.4,29.6,,647.044555664,584.473144531,804.77722168
BLR,EUR,Europe,2017,24.9,22.9,29.1,,634.937866211,574.475036621,793.058288574
BLR,EUR,Europe,2018,25.1,23.0,29.2,,635.903747559,575.613525391,796.041748047
BLR,EUR,Europe,2019,24.4,22.4,28.5,,613.738098145,555.998718262,771.730041504
BLR,EUR,Europe,2020,24.6,21.6,30.1,"For this geography and year, some non-communicable disease deaths may be included in a separate category called ""other pandemic-related mortality"" due to lack of vital registration data. Estimates of this indicator for 2020 and 2021 may be underestimated, and need to be interpreted with caution.",606.395874023,528.051208496,796.797485352
BLR,EUR,Europe,2021,23.8,19.8,30.4,"For this geography and year, some non-communicable disease deaths may be included in a separate category called ""other pandemic-related mortality"" due to lack of vital registration data. Estimates of this indicator for 2020 and 2021 may be underestimated, and need to be interpreted with caution.",580.665649414,481.5284729,796.64276123
BLZ,AMR,Americas,2000,24.2,20.6,27.6,,616.15838623,491.974273682,744.670043945
BLZ,AMR,Americas,2001,21.2,18.0,24.4,,551.716186523,434.4090271,664.879577637
BLZ,AMR,Americas,2002,20.1,17.1,23.2,,524.958435059,409.86819458,631.772094727
BLZ,AMR,Americas,2003,19.6,16.6,22.7,,514.019958496,400.745758057,616.547912598
BLZ,AMR,Americas,2004,19.7,16.8,22.8,,517.860290527,403.054443359,620.136962891
BLZ,AMR,Americas,2005,18.9,16.1,21.9,,495.889312744,385.188293457,593.116394043
BLZ,AMR,Americas,2006,18.9,16.1,22.0,,497.280517578,385.476867676,596.238830566
BLZ,AMR,Americas,2007,18.1,15.4,21.1,,480.550354004,373.591400146,580.189147949
BLZ,AMR,Americas,2008,16.8,14.2,19.6,,447.443206787,348.547363281,544.952941895
BLZ,AMR,Americas,2009,17.8,15.2,20.9,,463.990203857,365.036376953,569.461791992
BLZ,AMR,Americas,2010,17.6,15.1,20.8,,466.682373047,370.080596924,579.97265625
BLZ,AMR,Americas,2011,17.2,14.7,20.4,,456.572784424,365.524414063,574.963745117
BLZ,AMR,Americas,2012,16.9,14.6,20.2,,440.324249268,355.591827393,562.589294434
BLZ,AMR,Americas,2013,16.9,14.6,20.3,,440.233154297,359.357635498,571.240478516
BLZ,AMR,Americas,2014,16.9,14.6,20.4,,445.307373047,366.852233887,584.034729004
BLZ,AMR,Americas,2015,16.9,14.5,20.3,,442.504058838,366.844268799,586.190368652
BLZ,AMR,Americas,2016,16.6,14.3,20.0,,438.587127686,364.678314209,585.283081055
BLZ,AMR,Americas,2017,16.7,14.3,20.2,,445.731628418,370.842712402,598.807067871
BLZ,AMR,Americas,2018,16.6,14.0,20.2,,442.60723877,368.689605713,602.633911133
BLZ,AMR,Americas,2019,16.1,13.5,19.8,,431.224151611,358.464202881,596.424560547
BLZ,AMR,Americas,2020,16.4,13.8,20.4,"For this geography and year, some non-communicable disease deaths may be included in a separate category called ""other pandemic-related mortality"" due to lack of vital registration data. Estimates of this indicator for 2020 and 2021 may be underestimated, and need to be interpreted with caution.",437.435821533,367.016265869,620.334899902
BLZ,AMR,Americas,2021,15.4,12.7,19.4,"For this geography and year, some non-communicable disease deaths may be included in a separate category called ""other pandemic-related mortality"" due to lack of vital registration data. Estimates of this indicator for 2020 and 2021 may be underestimated, and need to be interpreted with caution.",412.825164795,346.477111816,598.656066895
BOL,AMR,Americas,2000,20.6,12.4,30.1,,620.381103516,332.655670166,974.119262695
BOL,AMR,Americas,2001,20.0,12.0,29.1,,606.376220703,319.455230713,936.54699707
BOL,AMR,Americas,2002,19.7,11.8,28.7,,600.087646484,309.210632324,908.554016113
BOL,AMR,Americas,2003,19.3,11.5,28.0,,590.061279297,300.357513428,883.986877441
BOL,AMR,Americas,2004,18.8,11.1,27.5,,579.258178711,291.566741943,859.252929688
BOL,AMR,Americas,2005,18.6,11.0,27.2,,572.626281738,285.205841064,842.362731934
BOL,AMR,Americas,2006,18.2,10.7,26.7,,562.71496582,277.625549316,821.592163086
BOL,AMR,Americas,2007,18.2,10.6,26.8,,563.037902832,274.90020752,818.50213623
BOL,AMR,Americas,2008,18.1,10.5,26.7,,560.145751953,271.468109131,810.348754883
BOL,AMR,Americas,2009,18.0,10.4,26.6,,557.172729492,268.180084229,803.29486084
BOL,AMR,Americas,2010,17.8,10.3,26.5,,554.02355957,264.646087646,796.193481445
BOL,AMR,Americas,2011,17.7,10.2,26.5,,553.176025391,262.265899658,794.536254883
BOL,AMR,Americas,2012,17.5,10.0,26.1,,546.086914063,257.309204102,782.879333496
BOL,AMR,Americas,2013,17.3,9.9,26.0,,541.250549316,254.225250244,775.901611328
BOL,AMR,Americas,2014,17.2,9.8,25.9,,539.777954102,253.561767578,772.83807373
BOL,AMR,Americas,2015,17.1,9.8,25.9,,538.88458252,252.804077148,771.962341309
BOL,AMR,Americas,2016,17.0,9.8,25.8,,535.218933105,250.673919678,767.018066406
BOL,AMR,Americas,2017,16.9,9.7,25.7,,531.780700684,248.978408813,761.427490234
BOL,AMR,Americas,2018,16.7,9.6,25.5,,527.874694824,247.003143311,756.486022949
BOL,AMR,Americas,2019,16.6,9.5,25.3,,523.633666992,245.078979492,750.012878418
BOL,AMR,Americas,2020,19.8,11.5,30.0,"For this geography and year, some non-communicable disease deaths may be included in a separate category called ""other pandemic-related mortality"" due to lack of vital registration data. Estimates of this indicator for 2020 and 2021 may be underestimated, and need to be interpreted with caution.",537.064880371,263.8543396,806.249328613
BOL,AMR,Americas,2021,19.9,11.6,30.3,"For this geography and year, some non-communicable disease deaths may be included in a separate category called ""other pandemic-related mortality"" due to lack of vital registration data. Estimates of this indicator for 2020 and 2021 may be underestimated, and need to be interpreted with caution.",505.28918457,249.992599487,770.863708496
BRA,AMR,Americas,2000,20.8,20.3,22.7,,585.407531738,531.112792969,727.17565918
BRA,AMR,Americas,2001,20.4,19.8,22.2,,577.475280762,521.85333252,715.502746582
BRA,AMR,Americas,2002,19.9,19.5,21.8,,571.664794922,514.186157227,706.131713867
BRA,AMR,Americas,2003,19.7,19.2,21.5,,566.851257324,507.21786499,697.16998291
BRA,AMR,Americas,2004,19.6,19.2,21.5,,564.887878418,502.552398682,690.939575195
BRA,AMR,Americas,2005,18.7,18.2,20.4,,538.539367676,475.007324219,657.405395508
BRA,AMR,Americas,2006,18.4,17.9,20.1,,534.398498535,468.873535156,649.799682617
BRA,AMR,Americas,2007,18.1,17.5,19.7,,526.018859863,458.876312256,636.413085938
BRA,AMR,Americas,2008,18.0,17.4,19.6,,521.03125,451.592376709,626.788635254
BRA,AMR,Americas,2009,17.6,16.9,19.0,,512.826782227,441.353973389,613.284240723
BRA,AMR,Americas,2010,17.4,16.7,18.8,,511.340362549,437.213592529,607.700195313
BRA,AMR,Americas,2011,17.3,16.5,18.6,,509.500030518,432.149536133,600.726318359
BRA,AMR,Americas,2012,16.8,16.0,18.1,,494.495391846,415.86505127,578.846435547
BRA,AMR,Americas,2013,16.6,15.8,17.8,,488.392456055,407.278106689,567.319335938
BRA,AMR,Americas,2014,16.1,15.3,17.2,,477.615509033,395.065246582,551.731872559
BRA,AMR,Americas,2015,16.1,15.2,17.2,,478.124938965,393.046600342,549.205688477
BRA,AMR,Americas,2016,16.2,15.3,17.3,,480.598358154,393.205963135,549.0859375
BRA,AMR,Americas,2017,15.7,14.8,16.7,,466.944488525,379.109558105,531.976806641
BRA,AMR,Americas,2018,15.4,14.4,16.4,,455.590423584,368.277954102,519.19140625
BRA,AMR,Americas,2019,15.1,14.2,16.2,,451.698364258,363.652557373,514.662963867
BRA,AMR,Americas,2020,14.7,13.7,15.8,,443.459564209,354.552612305,508.483947754
BRA,AMR,Americas,2021,14.5,13.4,15.8,,447.884124756,354.338165283,518.498168945
BRB,AMR,Americas,2000,19.3,16.6,22.8,,524.389343262,421.194549561,638.988891602
BRB,AMR,Americas,2001,18.5,16.0,22.1,,506.454925537,408.628173828,620.509521484
BRB,AMR,Americas,2002,18.8,16.3,22.4,,519.819885254,419.264282227,635.637145996
BRB,AMR,Americas,2003,19.4,16.7,22.9,,538.259338379,434.145721436,657.198059082
BRB,AMR,Americas,2004,19.3,16.6,22.8,,542.343444824,435.594970703,662.919128418
BRB,AMR,Americas,2005,19.0,16.3,22.4,,530.989074707,425.711242676,649.42199707
BRB,AMR,Americas,2006,18.8,16.0,22.1,,528.436401367,423.265686035,645.25
BRB,AMR,Americas,2007,18.5,15.8,21.7,,516.753051758,414.079315186,630.465759277
BRB,AMR,Americas,2008,18.3,15.6,21.5,,515.090026855,411.590759277,629.166015625
BRB,AMR,Americas,2009,17.9,15.2,21.0,,495.289459229,394.087188721,606.333740234
BRB,AMR,Americas,2010,17.8,15.0,20.9,,488.219421387,388.010345459,598.025390625
BRB,AMR,Americas,2011,17.7,15.0,20.8,,482.598999023,383.937011719,591.272827148
BRB,AMR,Americas,2012,17.3,14.6,20.4,,473.485198975,375.781494141,582.729370117
BRB,AMR,Americas,2013,17.4,14.5,20.6,,479.896881104,379.515930176,594.377075195
BRB,AMR,Americas,2014,17.5,14.5,21.0,,480.807525635,378.26675415,601.548095703
BRB,AMR,Americas,2015,17.3,14.1,21.0,,475.052215576,370.49230957,602.196166992
BRB,AMR,Americas,2016,17.5,14.1,21.5,,480.195770264,371.166015625,616.869873047
BRB,AMR,Americas,2017,17.2,13.7,21.4,,473.296325684,362.823974609,615.485534668
BRB,AMR,Americas,2018,17.4,13.6,21.9,,480.981628418,365.755767822,632.348815918
BRB,AMR,Americas,2019,17.8,13.7,22.5,,500.759887695,375.680999756,667.003295898
BRB,AMR,Americas,2020,16.7,12.6,21.5,"For this geography and year, some non-communicable disease deaths may be included in a separate category called ""other pandemic-related mortality"" due to lack of vital registration data. Estimates of this indicator for 2020 and 2021 may be underestimated, and need to be interpreted with caution.",459.330810547,338.462493896,624.919067383
BRB,AMR,Americas,2021,14.0,10.3,18.4,"For this geography and year, some non-communicable disease deaths may be included in a separate category called ""other pandemic-related mortality"" due to lack of vital registration data. Estimates of this indicator for 2020 and 2021 may be underestimated, and need to be interpreted with caution.",422.985290527,308.936035156,583.99029541
BRN,WPR,Western Pacific,2000,18.9,14.2,26.1,,563.487854004,372.803436279,804.636047363
BRN,WPR,Western Pacific,2001,18.7,14.0,25.7,,553.252929688,366.543212891,790.490234375
BRN,WPR,Western Pacific,2002,18.5,13.8,25.1,,547.716796875,365.09286499,781.671325684
BRN,WPR,Western Pacific,2003,18.5,13.7,24.9,,539.211669922,359.846008301,769.294433594
BRN,WPR,Western Pacific,2004,17.8,13.0,23.7,,521.062133789,348.195220947,744.34777832
BRN,WPR,Western Pacific,2005,17.9,12.9,23.5,,512.188781738,340.776763916,734.13269043
BRN,WPR,Western Pacific,2006,17.9,12.7,23.0,,507.008850098,335.221343994,729.400756836
BRN,WPR,Western Pacific,2007,17.6,12.3,22.4,,496.64251709,330.113769531,715.795410156
BRN,WPR,Western Pacific,2008,17.4,12.2,22.2,,493.562011719,330.5440979,714.026428223
BRN,WPR,Western Pacific,2009,16.4,11.5,21.1,,481.555114746,323.767272949,695.075744629
BRN,WPR,Western Pacific,2010,16.1,11.5,20.9,,482.931091309,324.58972168,697.181152344
BRN,WPR,Western Pacific,2011,15.4,11.2,20.5,,475.270751953,320.786315918,687.476806641
BRN,WPR,Western Pacific,2012,15.2,11.1,20.5,,473.39151001,317.98223877,684.370239258
BRN,WPR,Western Pacific,2013,15.1,11.1,20.4,,472.578552246,314.704650879,678.063232422
BRN,WPR,Western Pacific,2014,15.1,11.1,20.3,,474.46862793,313.417266846,678.36895752
BRN,WPR,Western Pacific,2015,15.1,11.1,20.4,,475.298034668,311.300079346,676.648742676
BRN,WPR,Western Pacific,2016,15.1,11.1,20.6,,489.074005127,316.610168457,692.745117188
BRN,WPR,Western Pacific,2017,15.3,11.2,20.9,,501.911499023,319.389404297,707.032653809
BRN,WPR,Western Pacific,2018,15.4,11.3,21.2,,522.106811523,326.439605713,735.074951172
BRN,WPR,Western Pacific,2019,15.2,11.1,21.3,,500.237335205,309.247253418,705.146362305
BRN,WPR,Western Pacific,2020,15.2,11.2,21.7,,486.911437988,296.055450439,688.991821289
BRN,WPR,Western Pacific,2021,14.9,10.9,21.4,,460.567779541,278.193939209,656.560241699
BTN,SEAR,South-East Asia,2000,22.1,12.9,35.2,,571.59777832,301.447784424,1034.985351563
BTN,SEAR,South-East Asia,2001,21.7,12.6,34.5,,563.684997559,297.980987549,1015.100585938
BTN,SEAR,South-East Asia,2002,21.0,12.3,33.3,,550.374511719,292.091918945,985.149658203
BTN,SEAR,South-East Asia,2003,20.8,12.1,32.8,,549.976989746,292.50668335,979.19329834
BTN,SEAR,South-East Asia,2004,20.4,11.9,32.1,,543.017822266,289.210174561,961.405822754
BTN,SEAR,South-East Asia,2005,20.0,11.6,31.5,,536.81652832,286.157501221,946.554382324
BTN,SEAR,South-East Asia,2006,19.6,11.4,30.9,,529.812683105,283.967407227,933.23449707
BTN,SEAR,South-East Asia,2007,19.2,11.2,30.3,,520.984375,280.825378418,918.406494141
BTN,SEAR,South-East Asia,2008,18.8,10.9,29.8,,515.621276855,278.911132813,908.268798828
BTN,SEAR,South-East Asia,2009,18.4,10.7,29.2,,506.781616211,275.58984375,890.703674316
BTN,SEAR,South-East Asia,2010,18.0,10.5,28.6,,498.085449219,271.976928711,873.655761719
BTN,SEAR,South-East Asia,2011,17.8,10.3,28.3,,494.627563477,271.024078369,866.471313477
BTN,SEAR,South-East Asia,2012,17.8,10.4,28.2,,496.500701904,273.627166748,867.226318359
BTN,SEAR,South-East Asia,2013,17.7,10.4,28.2,,497.82434082,274.221893311,869.359924316
BTN,SEAR,South-East Asia,2014,17.8,10.4,28.2,,500.551086426,276.750732422,872.823242188
BTN,SEAR,South-East Asia,2015,17.7,10.4,28.1,,500.670623779,276.254211426,875.106018066
BTN,SEAR,South-East Asia,2016,17.4,10.2,27.7,,497.787536621,275.005096436,870.469421387
BTN,SEAR,South-East Asia,2017,17.5,10.2,27.9,,502.325012207,276.235900879,878.800170898
BTN,SEAR,South-East Asia,2018,17.2,10.0,27.5,,496.016082764,272.807128906,866.260864258
BTN,SEAR,South-East Asia,2019,16.7,9.6,26.7,,484.607452393,265.880981445,845.126831055
BTN,SEAR,South-East Asia,2020,16.5,9.5,26.4,,472.696960449,258.303314209,823.330078125
BTN,SEAR,South-East Asia,2021,15.9,9.2,25.6,,454.494018555,246.988143921,792.274353027
BWA,AFR,Africa,2000,22.8,13.1,35.7,,606.738525391,315.261962891,1050.42578125
BWA,AFR,Africa,2001,23.1,13.2,35.5,,616.367431641,320.589080811,1051.763061523
BWA,AFR,Africa,2002,22.6,12.8,34.4,,590.944030762,303.778869629,1001.059509277
BWA,AFR,Africa,2003,21.5,12.2,32.4,,581.006225586,303.054656982,972.348205566
BWA,AFR,Africa,2004,19.6,11.2,29.6,,575.447143555,307.008270264,956.99609375
BWA,AFR,Africa,2005,20.3,11.9,30.4,,584.002563477,316.73260498,968.50793457
BWA,AFR,Africa,2006,18.8,11.0,28.3,,543.033203125,296.026275635,902.323730469
BWA,AFR,Africa,2007,20.4,11.9,30.3,,590.850891113,318.576660156,972.215820313
BWA,AFR,Africa,2008,23.9,14.2,34.5,,674.697509766,366.606262207,1089.450073242
BWA,AFR,Africa,2009,25.5,15.5,36.1,,713.434814453,394.143432617,1135.040649414
BWA,AFR,Africa,2010,25.2,15.6,35.3,,711.875061035,399.481689453,1118.274047852
BWA,AFR,Africa,2011,25.3,16.0,35.2,,717.191040039,407.3984375,1116.364257813
BWA,AFR,Africa,2012,25.6,16.4,35.6,,717.740783691,409.641387939,1115.928955078
BWA,AFR,Africa,2013,25.7,16.5,35.7,,719.431640625,412.698669434,1117.362915039
BWA,AFR,Africa,2014,24.6,15.9,34.5,,693.63482666,398.380218506,1081.006591797
BWA,AFR,Africa,2015,23.1,14.9,32.9,,652.872070313,375.18460083,1023.307617188
BWA,AFR,Africa,2016,22.8,14.8,33.4,,636.60369873,364.723358154,1018.195800781
BWA,AFR,Africa,2017,22.1,14.5,33.5,,613.536437988,352.687042236,998.696411133
BWA,AFR,Africa,2018,20.9,13.9,32.7,,584.078369141,337.4425354,961.551696777
BWA,AFR,Africa,2019,19.5,13.1,31.6,,552.838256836,320.372802734,920.282836914
BWA,AFR,Africa,2020,21.2,14.7,35.0,"For this geography and year, some non-communicable disease deaths may be included in a separate category called ""other pandemic-related mortality"" due to lack of vital registration data. Estimates of this indicator for 2020 and 2021 may be underestimated, and need to be interpreted with caution.",590.807006836,345.242126465,993.312927246
BWA,AFR,Africa,2021,19.0,13.3,33.0,"For this geography and year, some non-communicable disease deaths may be included in a separate category called ""other pandemic-related mortality"" due to lack of vital registration data. Estimates of this indicator for 2020 and 2021 may be underestimated, and need to be interpreted with caution.",489.108154297,288.118865967,850.463256836
CAF,AFR,Africa,2000,36.2,19.5,51.8,,951.056762695,421.806884766,1557.143066406
CAF,AFR,Africa,2001,35.3,18.9,50.7,,927.198669434,411.684936523,1522.477294922
CAF,AFR,Africa,2002,36.1,19.4,51.7,,948.779174805,422.600524902,1561.475952148
CAF,AFR,Africa,2003,34.4,18.4,49.5,,905.663391113,403.738891602,1489.503417969
CAF,AFR,Africa,2004,34.0,18.1,49.0,,898.658752441,400.414337158,1481.079467773
CAF,AFR,Africa,2005,32.5,17.3,47.0,,858.627868652,383.417297363,1413.206298828
CAF,AFR,Africa,2006,33.8,18.1,48.7,,896.90234375,400.67565918,1480.013427734
CAF,AFR,Africa,2007,32.8,17.6,47.4,,873.797485352,391.233764648,1441.650634766
CAF,AFR,Africa,2008,32.5,17.4,46.9,,861.662841797,387.686187744,1421.327148438
CAF,AFR,Africa,2009,33.3,18.9,50.0,,886.186950684,437.670837402,1609.738769531
CAF,AFR,Africa,2010,32.1,19.2,50.6,,856.873901367,472.46005249,1748.211181641
CAF,AFR,Africa,2011,34.9,21.0,54.2,,935.525024414,513.687438965,1902.704956055
CAF,AFR,Africa,2012,32.0,18.9,50.3,,854.893371582,468.925628662,1737.613525391
CAF,AFR,Africa,2013,32.4,19.1,50.6,,865.192443848,472.420227051,1754.427368164
CAF,AFR,Africa,2014,33.1,19.7,51.9,,888.007019043,492.685791016,1830.974731445
CAF,AFR,Africa,2015,33.0,19.6,52.0,,885.810241699,494.887023926,1856.083251953
CAF,AFR,Africa,2016,33.2,19.7,52.0,,890.017333984,497.009002686,1858.130371094
CAF,AFR,Africa,2017,32.7,19.4,51.4,,880.919616699,496.203155518,1852.872802734
CAF,AFR,Africa,2018,32.8,19.4,51.5,,883.42956543,502.090484619,1873.277587891
CAF,AFR,Africa,2019,32.5,19.4,51.6,,874.287475586,514.634338379,1922.615722656
CAF,AFR,Africa,2020,32.7,19.9,52.6,"For this geography and year, some non-communicable disease deaths may be included in a separate category called ""other pandemic-related mortality"" due to lack of vital registration data. Estimates of this indicator for 2020 and 2021 may be underestimated, and need to be interpreted with caution.",871.787780762,528.612609863,1979.263793945
CAF,AFR,Africa,2021,30.8,18.6,50.4,"For this geography and year, some non-communicable disease deaths may be included in a separate category called ""other pandemic-related mortality"" due to lack of vital registration data. Estimates of this indicator for 2020 and 2021 may be underestimated, and need to be interpreted with caution.",791.369873047,478.626800537,1810.478393555
CAN,AMR,Americas,2000,14.4,12.7,16.3,,411.324127197,332.467224121,495.985900879
CAN,AMR,Americas,2001,14.0,12.3,15.9,,402.883300781,324.536560059,487.376647949
CAN,AMR,Americas,2002,13.8,12.1,15.6,,397.955383301,319.681121826,482.614135742
CAN,AMR,Americas,2003,13.5,11.8,15.3,,390.372161865,312.728485107,474.36050415
CAN,AMR,Americas,2004,13.1,11.4,14.9,,379.289581299,302.743164063,461.932189941
CAN,AMR,Americas,2005,12.7,11.0,14.4,,372.455169678,295.849731445,455.345733643
CAN,AMR,Americas,2006,12.3,10.6,14.0,,359.447479248,284.805541992,440.561676025
CAN,AMR,Americas,2007,12.2,10.6,13.9,,358.377075195,283.415344238,440.185668945
CAN,AMR,Americas,2008,11.9,10.3,13.6,,352.237060547,278.018432617,433.776947021
CAN,AMR,Americas,2009,11.5,10.0,13.2,,340.332824707,267.943847656,420.088378906
CAN,AMR,Americas,2010,11.1,9.6,12.8,,331.654052734,259.900970459,411.217102051
CAN,AMR,Americas,2011,10.9,9.4,12.5,,323.884643555,253.129684448,403.068206787
CAN,AMR,Americas,2012,10.8,9.3,12.4,,319.913116455,249.558792114,399.230987549
CAN,AMR,Americas,2013,10.6,9.1,12.2,,318.142028809,247.568435669,398.296875
CAN,AMR,Americas,2014,10.5,9.0,12.1,,317.815917969,247.22454834,398.714324951
CAN,AMR,Americas,2015,10.4,8.9,12.0,,315.573303223,243.904174805,397.335449219
CAN,AMR,Americas,2016,10.4,8.9,12.0,,316.851165771,245.029907227,399.409210205
CAN,AMR,Americas,2017,10.0,8.5,11.6,,316.900177002,244.723190308,400.52633667
CAN,AMR,Americas,2018,9.8,8.3,11.4,,312.623840332,240.659332275,396.727661133
CAN,AMR,Americas,2019,9.6,8.1,11.2,,305.909301758,234.391830444,390.075286865
CAN,AMR,Americas,2020,10.0,8.4,11.7,,315.338531494,241.18977356,403.236907959
CAN,AMR,Americas,2021,9.7,8.1,11.4,,309.800170898,235.35774231,398.54296875
CHE,EUR,Europe,2000,12.6,10.9,14.4,,381.133880615,299.358093262,479.100952148
CHE,EUR,Europe,2001,12.0,10.4,13.8,,370.981140137,289.953887939,467.668579102
CHE,EUR,Europe,2002,11.4,9.8,13.1,,360.311157227,281.216522217,455.175994873
CHE,EUR,Europe,2003,11.5,9.9,13.2,,364.43560791,283.937774658,461.016296387
CHE,EUR,Europe,2004,11.0,9.4,12.7,,344.049835205,266.63885498,436.359710693
CHE,EUR,Europe,2005,10.8,9.3,12.5,,340.19442749,262.939697266,432.191558838
CHE,EUR,Europe,2006,10.4,8.9,12.0,,329.687744141,254.211151123,419.520385742
CHE,EUR,Europe,2007,10.4,9.0,12.0,,324.559936523,249.874008179,413.403533936
CHE,EUR,Europe,2008,10.1,8.7,11.7,,317.279937744,243.519805908,404.809448242
CHE,EUR,Europe,2009,9.8,8.4,11.4,,315.477905273,241.845230103,403.376403809
CHE,EUR,Europe,2010,9.7,8.3,11.2,,309.738067627,236.894058228,396.780670166
CHE,EUR,Europe,2011,9.4,8.0,10.9,,302.383026123,230.008621216,388.693511963
CHE,EUR,Europe,2012,9.4,8.0,10.9,,302.812194824,229.70199585,390.271575928
CHE,EUR,Europe,2013,9.1,7.8,10.6,,299.715270996,227.096176147,387.007293701
CHE,EUR,Europe,2014,8.9,7.5,10.3,,288.942230225,218.719985962,373.918304443
CHE,EUR,Europe,2015,8.8,7.4,10.3,,294.653656006,222.378341675,382.862792969
CHE,EUR,Europe,2016,8.5,7.2,10.0,,279.265563965,210.086380005,363.923034668
CHE,EUR,Europe,2017,8.2,6.9,9.7,,278.992858887,208.48638916,365.327056885
CHE,EUR,Europe,2018,8.2,6.8,9.7,,273.121856689,202.973739624,359.302093506
CHE,EUR,Europe,2019,7.9,6.5,9.4,,269.607910156,198.033279419,358.047790527
CHE,EUR,Europe,2020,7.6,6.2,9.1,,259.820007324,189.863952637,347.335205078
CHE,EUR,Europe,2021,7.5,6.1,9.1,,250.960708618,182.225906372,336.439422607
CHL,AMR,Americas,2000,14.0,11.8,16.1,,458.023620605,343.883270264,546.462585449
CHL,AMR,Americas,2001,14.4,12.2,16.6,,464.345428467,349.087493896,555.733215332
CHL,AMR,Americas,2002,13.9,11.8,16.0,,444.013916016,334.46673584,532.878601074
CHL,AMR,Americas,2003,14.1,11.9,16.2,,443.409576416,334.584197998,533.230163574
CHL,AMR,Americas,2004,13.7,11.5,15.7,,436.79019165,329.636474609,525.641967773
CHL,AMR,Americas,2005,13.5,11.4,15.5,,418.70880127,316.242431641,504.448028564
CHL,AMR,Americas,2006,13.2,11.2,15.2,,397.670959473,301.001586914,480.680969238
CHL,AMR,Americas,2007,13.3,11.3,15.3,,399.854492188,303.112487793,484.675811768
CHL,AMR,Americas,2008,12.8,10.8,14.7,,371.681610107,281.940551758,452.430419922
CHL,AMR,Americas,2009,13.0,10.9,14.9,,377.893676758,287.891174316,461.647583008
CHL,AMR,Americas,2010,12.9,10.8,14.8,,386.182312012,294.753540039,472.052734375
CHL,AMR,Americas,2011,12.6,10.6,14.5,,366.264465332,279.933349609,447.735107422
CHL,AMR,Americas,2012,12.4,10.4,14.3,,366.085479736,279.565643311,449.089660645
CHL,AMR,Americas,2013,12.1,10.2,14.0,,355.673034668,271.481445313,437.486877441
CHL,AMR,Americas,2014,11.8,9.9,13.6,,351.015075684,267.21194458,433.092926025
CHL,AMR,Americas,2015,11.5,9.6,13.4,,348.191101074,264.496887207,430.945281982
CHL,AMR,Americas,2016,11.0,9.2,12.8,,340.543060303,257.82434082,422.677703857
CHL,AMR,Americas,2017,10.6,8.8,12.4,,334.646850586,252.372421265,417.124176025
CHL,AMR,Americas,2018,10.4,8.6,12.1,,321.973968506,242.215896606,403.031005859
CHL,AMR,Americas,2019,10.2,8.4,12.0,,314.766235352,235.895889282,397.123413086
CHL,AMR,Americas,2020,9.9,8.1,11.7,,307.975952148,229.05809021,393.255462646
CHL,AMR,Americas,2021,9.4,7.7,11.2,,330.151428223,243.881607056,426.072784424
CHN,WPR,Western Pacific,2000,24.1,20.1,27.7,,731.345703125,565.275695801,863.267578125
CHN,WPR,Western Pacific,2001,23.8,19.9,27.2,,732.092224121,569.268127441,859.417419434
CHN,WPR,Western Pacific,2002,23.6,19.9,26.8,,723.980651855,569.122802734,847.116760254
CHN,WPR,Western Pacific,2003,23.5,20.0,26.7,,728.934082031,578.71295166,851.838134766
CHN,WPR,Western Pacific,2004,23.3,20.0,26.4,,730.738952637,586.151489258,850.809936523
CHN,WPR,Western Pacific,2005,22.5,19.4,25.4,,710.124511719,573.617004395,828.473815918
CHN,WPR,Western Pacific,2006,21.2,18.2,24.0,,656.180358887,528.857299805,770.678833008
CHN,WPR,Western Pacific,2007,20.3,17.5,23.1,,630.337036133,508.589599609,746.273803711
CHN,WPR,Western Pacific,2008,20.0,17.2,22.8,,622.957885742,502.167205811,738.952758789
CHN,WPR,Western Pacific,2009,19.7,16.9,22.5,,617.849975586,497.144104004,734.816589355
CHN,WPR,Western Pacific,2010,19.4,16.4,22.3,,611.277404785,489.453308105,732.560424805
CHN,WPR,Western Pacific,2011,19.0,16.1,22.0,,595.189147949,475.311553955,720.273010254
CHN,WPR,Western Pacific,2012,18.7,15.6,21.7,,572.358032227,455.373748779,698.978637695
CHN,WPR,Western Pacific,2013,18.1,15.0,21.3,,558.172058105,439.301818848,688.663208008
CHN,WPR,Western Pacific,2014,17.5,14.3,20.7,,542.375305176,422.854003906,676.083984375
CHN,WPR,Western Pacific,2015,17.1,13.9,20.4,,528.647216797,407.767150879,664.655822754
CHN,WPR,Western Pacific,2016,16.8,13.4,20.4,,521.716186523,396.872192383,666.425354004
CHN,WPR,Western Pacific,2017,16.5,12.9,20.4,,512.544189453,385.015838623,666.813049316
CHN,WPR,Western Pacific,2018,16.2,12.4,20.3,,505.25302124,371.68371582,664.792053223
CHN,WPR,Western Pacific,2019,16.0,12.1,20.3,,499.541625977,364.141418457,666.952697754
CHN,WPR,Western Pacific,2020,15.8,11.8,20.3,"For this geography and year, some non-communicable disease deaths may be included in a separate category called ""other pandemic-related mortality"" due to lack of vital registration data. Estimates of this indicator for 2020 and 2021 may be underestimated, and need to be interpreted with caution.",490.775695801,352.919647217,659.027893066
CHN,WPR,Western Pacific,2021,15.9,11.7,20.5,"For this geography and year, some non-communicable disease deaths may be included in a separate category called ""other pandemic-related mortality"" due to lack of vital registration data. Estimates of this indicator for 2020 and 2021 may be underestimated, and need to be interpreted with caution.",491.388214111,349.073242188,668.948608398
CIV,AFR,Africa,2000,21.8,13.7,32.2,,564.847900391,357.545074463,999.197814941
CIV,AFR,Africa,2001,22.1,13.9,32.8,,570.371643066,354.06628418,988.911254883
CIV,AFR,Africa,2002,21.8,13.8,32.5,,570.686950684,352.505828857,981.543518066
CIV,AFR,Africa,2003,22.1,13.9,33.0,,578.81463623,360.552093506,1004.400817871
CIV,AFR,Africa,2004,21.2,13.5,32.1,,566.969848633,358.341156006,997.922302246
CIV,AFR,Africa,2005,21.2,13.5,32.2,,571.660888672,366.409393311,1016.809753418
CIV,AFR,Africa,2006,21.0,13.5,32.1,,579.497253418,377.619598389,1042.496337891
CIV,AFR,Africa,2007,21.5,13.9,32.9,,594.862854004,394.198730469,1083.276977539
CIV,AFR,Africa,2008,22.3,14.3,33.9,,615.49017334,401.962524414,1103.63269043
CIV,AFR,Africa,2009,23.4,14.7,34.9,,638.597045898,398.919525146,1100.469238281
CIV,AFR,Africa,2010,24.6,15.0,36.1,,672.151245117,400.622833252,1114.837890625
CIV,AFR,Africa,2011,25.1,14.9,35.9,,682.914672852,385.51260376,1078.366210938
CIV,AFR,Africa,2012,25.3,14.7,35.0,,687.911987305,367.817779541,1026.989379883
CIV,AFR,Africa,2013,25.1,14.2,33.5,,682.932373047,348.867218018,971.139404297
CIV,AFR,Africa,2014,24.5,13.6,32.3,,667.029418945,334.362243652,933.360595703
CIV,AFR,Africa,2015,24.1,13.3,31.7,,655.828430176,330.248291016,927.134094238
CIV,AFR,Africa,2016,23.8,13.2,31.3,,646.779785156,329.475799561,919.775268555
CIV,AFR,Africa,2017,23.6,13.1,31.1,,639.46887207,328.685333252,916.612976074
CIV,AFR,Africa,2018,23.5,12.9,31.1,,635.229736328,328.06338501,916.390869141
CIV,AFR,Africa,2019,23.3,12.7,31.1,,630.730224609,326.055450439,917.842651367
CIV,AFR,Africa,2020,23.8,13.0,31.8,"For this geography and year, some non-communicable disease deaths may be included in a separate category called ""other pandemic-related mortality"" due to lack of vital registration data. Estimates of this indicator for 2020 and 2021 may be underestimated, and need to be interpreted with caution.",637.539978027,330.978027344,931.16003418
CIV,AFR,Africa,2021,22.7,12.2,30.4,"For this geography and year, some non-communicable disease deaths may be included in a separate category called ""other pandemic-related mortality"" due to lack of vital registration data. Estimates of this indicator for 2020 and 2021 may be underestimated, and need to be interpreted with caution.",600.219360352,309.00100708,881.561462402
CMR,AFR,Africa,2000,26.2,16.0,38.7,,670.223205566,369.374694824,1130.416381836
CMR,AFR,Africa,2001,27.1,16.5,39.9,,694.995849609,383.828063965,1173.819702148
CMR,AFR,Africa,2002,27.2,16.6,40.0,,697.023681641,387.949371338,1175.208251953
CMR,AFR,Africa,2003,27.7,16.9,40.5,,708.045166016,396.918884277,1191.874145508
CMR,AFR,Africa,2004,27.4,16.7,40.0,,699.352600098,393.300079346,1177.345947266
CMR,AFR,Africa,2005,27.5,16.6,40.1,,705.66809082,396.373962402,1187.177978516
CMR,AFR,Africa,2006,27.3,16.5,39.9,,706.201904297,396.298522949,1188.337646484
CMR,AFR,Africa,2007,27.3,16.5,39.9,,707.124389648,396.558410645,1192.065795898
CMR,AFR,Africa,2008,27.3,16.4,39.9,,709.310241699,397.814849854,1197.927856445
CMR,AFR,Africa,2009,27.1,16.3,39.7,,706.822143555,396.620941162,1196.103515625
CMR,AFR,Africa,2010,27.0,16.2,39.5,,706.166992188,395.572143555,1197.694458008
CMR,AFR,Africa,2011,26.8,16.0,39.3,,703.706420898,394.346282959,1195.797973633
CMR,AFR,Africa,2012,27.0,16.0,39.7,,710.809265137,397.350952148,1213.349243164
CMR,AFR,Africa,2013,27.0,15.9,39.9,,713.913452148,397.526733398,1225.989746094
CMR,AFR,Africa,2014,27.2,15.9,40.3,,717.135742188,396.925231934,1238.776611328
CMR,AFR,Africa,2015,26.8,15.5,39.9,,707.194946289,388.605621338,1225.871337891
CMR,AFR,Africa,2016,26.3,15.1,39.1,,694.803344727,382.716766357,1206.201416016
CMR,AFR,Africa,2017,25.7,14.7,38.2,,682.723144531,376.85748291,1186.117675781
CMR,AFR,Africa,2018,25.2,14.3,37.6,,671.150512695,370.70425415,1171.671630859
CMR,AFR,Africa,2019,24.9,14.1,37.3,,666.397521973,367.057434082,1167.311645508
CMR,AFR,Africa,2020,25.3,14.3,37.8,"For this geography and year, some non-communicable disease deaths may be included in a separate category called ""other pandemic-related mortality"" due to lack of vital registration data. Estimates of this indicator for 2020 and 2021 may be underestimated, and need to be interpreted with caution.",673.578674316,369.95111084,1181.329956055
CMR,AFR,Africa,2021,24.3,13.7,36.5,"For this geography and year, some non-communicable disease deaths may be included in a separate category called ""other pandemic-related mortality"" due to lack of vital registration data. Estimates of this indicator for 2020 and 2021 may be underestimated, and need to be interpreted with caution.",638.81036377,346.431152344,1118.825439453
COD,AFR,Africa,2000,26.8,14.9,40.1,,717.447753906,345.017578125,1231.373046875
COD,AFR,Africa,2001,26.9,14.9,40.3,,720.313232422,345.983551025,1239.899414063
COD,AFR,Africa,2002,26.6,14.6,39.9,,714.351196289,342.385162354,1235.785888672
COD,AFR,Africa,2003,27.0,14.8,40.5,,726.154602051,347.489959717,1258.853637695
COD,AFR,Africa,2004,26.9,14.7,40.4,,726.097229004,346.879364014,1262.235717773
COD,AFR,Africa,2005,26.5,14.5,39.8,,717.182495117,342.516906738,1248.649414063
COD,AFR,Africa,2006,26.2,14.3,39.4,,710.535766602,339.76965332,1239.131225586
COD,AFR,Africa,2007,26.4,14.5,39.5,,716.799194336,343.436798096,1253.666503906
COD,AFR,Africa,2008,26.5,14.6,39.7,,720.239746094,346.031341553,1262.095825195
COD,AFR,Africa,2009,26.1,14.3,39.1,,710.67779541,340.62197876,1249.802612305
COD,AFR,Africa,2010,26.0,14.2,39.0,,708.603271484,338.74911499,1246.184082031
COD,AFR,Africa,2011,25.7,14.0,38.7,,704.853820801,335.920135498,1240.046020508
COD,AFR,Africa,2012,25.5,13.8,38.4,,698.898498535,332.042633057,1228.953735352
COD,AFR,Africa,2013,25.3,13.6,38.1,,696.614257813,329.392120361,1225.313110352
COD,AFR,Africa,2014,25.2,13.5,37.9,,695.574707031,328.370147705,1224.394042969
COD,AFR,Africa,2015,25.2,13.5,37.9,,692.752929688,326.96887207,1220.245727539
COD,AFR,Africa,2016,25.1,13.4,37.7,,692.776916504,326.584411621,1219.15625
COD,AFR,Africa,2017,25.2,13.5,37.8,,696.97845459,327.491943359,1222.700805664
COD,AFR,Africa,2018,25.1,13.4,37.6,,695.867553711,327.230072021,1219.098999023
COD,AFR,Africa,2019,24.7,13.2,37.0,,687.602539063,323.861328125,1205.0234375
COD,AFR,Africa,2020,25.5,13.6,38.0,"For this geography and year, some non-communicable disease deaths may be included in a separate category called ""other pandemic-related mortality"" due to lack of vital registration data. Estimates of this indicator for 2020 and 2021 may be underestimated, and need to be interpreted with caution.",707.110046387,332.239898682,1233.044799805
COD,AFR,Africa,2021,25.1,13.3,37.5,"For this geography and year, some non-communicable disease deaths may be included in a separate category called ""other pandemic-related mortality"" due to lack of vital registration data. Estimates of this indicator for 2020 and 2021 may be underestimated, and need to be interpreted with caution.",695.952941895,323.147674561,1210.829467773
COG,AFR,Africa,2000,36.5,21.6,50.7,,1009.670959473,523.066345215,1643.155761719
COG,AFR,Africa,2001,34.1,20.1,47.6,,948.657226563,491.75189209,1540.8984375
COG,AFR,Africa,2002,32.1,18.9,45.1,,897.755493164,465.30456543,1454.036010742
COG,AFR,Africa,2003,30.1,17.6,42.3,,842.933105469,437.08581543,1360.784790039
COG,AFR,Africa,2004,30.3,17.8,42.6,,850.591918945,441.476776123,1370.659057617
COG,AFR,Africa,2005,29.4,17.2,41.4,,827.315979004,429.958496094,1332.38684082
COG,AFR,Africa,2006,27.5,16.0,38.8,,779.561096191,405.484558105,1253.125732422
COG,AFR,Africa,2007,27.2,15.9,38.5,,774.385192871,402.583526611,1242.744018555
COG,AFR,Africa,2008,26.7,15.6,37.7,,762.732666016,396.699249268,1221.33972168
COG,AFR,Africa,2009,26.7,15.7,37.7,,765.302185059,397.603149414,1226.213012695
COG,AFR,Africa,2010,26.2,15.4,37.2,,754.144775391,391.630584717,1208.884887695
COG,AFR,Africa,2011,25.9,15.2,36.8,,747.634338379,387.747619629,1197.365478516
COG,AFR,Africa,2012,25.8,15.1,36.7,,744.899536133,385.629943848,1193.115966797
COG,AFR,Africa,2013,25.2,14.7,35.9,,729.196472168,376.301147461,1165.692382813
COG,AFR,Africa,2014,24.4,14.3,35.0,,707.323608398,365.854217529,1129.109375
COG,AFR,Africa,2015,23.4,13.6,33.7,,681.628112793,352.631072998,1085.472900391
COG,AFR,Africa,2016,22.4,13.0,32.4,,658.793945313,341.158813477,1046.9296875
COG,AFR,Africa,2017,21.9,12.7,31.8,,647.958312988,335.534423828,1029.350463867
COG,AFR,Africa,2018,22.4,13.1,32.4,,658.379882813,341.506958008,1045.885498047
COG,AFR,Africa,2019,23.0,13.5,33.1,,673.317749023,349.633850098,1070.875366211
COG,AFR,Africa,2020,21.9,12.9,31.7,"For this geography and year, some non-communicable disease deaths may be included in a separate category called ""other pandemic-related mortality"" due to lack of vital registration data. Estimates of this indicator for 2020 and 2021 may be underestimated, and need to be interpreted with caution.",645.697265625,335.704833984,1024.23046875
COG,AFR,Africa,2021,21.2,12.4,30.8,"For this geography and year, some non-communicable disease deaths may be included in a separate category called ""other pandemic-related mortality"" due to lack of vital registration data. Estimates of this indicator for 2020 and 2021 may be underestimated, and need to be interpreted with caution.",616.724853516,318.602600098,979.370178223
COL,AMR,Americas,2000,16.6,14.6,19.2,,497.588256836,391.221954346,590.686218262
COL,AMR,Americas,2001,15.9,14.0,18.4,,493.076660156,388.246246338,588.091918945
COL,AMR,Americas,2002,15.3,13.4,17.7,,483.904052734,380.570861816,579.285339355
COL,AMR,Americas,2003,15.3,13.4,17.7,,496.224853516,390.152893066,595.25970459
COL,AMR,Americas,2004,14.9,13.0,17.2,,482.041229248,379.229370117,580.383911133
COL,AMR,Americas,2005,14.4,12.6,16.7,,480.210296631,376.737243652,579.669128418
COL,AMR,Americas,2006,14.1,12.3,16.2,,475.655609131,373.832702637,576.59362793
COL,AMR,Americas,2007,13.3,11.6,15.4,,459.637451172,360.752929688,559.633300781
COL,AMR,Americas,2008,12.7,11.0,14.7,,454.918365479,356.717315674,555.646911621
COL,AMR,Americas,2009,11.8,10.2,13.6,,423.915161133,332.55355835,519.778381348
COL,AMR,Americas,2010,11.5,9.9,13.3,,426.093536377,334.076690674,526.250915527
COL,AMR,Americas,2011,10.9,9.3,12.5,,403.552154541,316.323577881,503.306060791
COL,AMR,Americas,2012,10.6,9.1,12.2,,395.598052979,310.834716797,496.774902344
COL,AMR,Americas,2013,10.5,8.9,12.1,,388.878753662,305.643798828,490.669158936
COL,AMR,Americas,2014,10.4,8.8,12.0,,393.932037354,309.273834229,498.315612793
COL,AMR,Americas,2015,10.5,9.0,12.1,,397.90322876,312.52835083,505.181152344
COL,AMR,Americas,2016,10.5,8.9,12.1,,389.124298096,305.825469971,495.402954102
COL,AMR,Americas,2017,10.3,8.8,11.9,,386.324768066,302.776550293,493.881622314
COL,AMR,Americas,2018,10.5,8.9,12.1,,387.262969971,303.719055176,495.841888428
COL,AMR,Americas,2019,10.3,8.7,11.9,,384.846557617,300.894744873,494.581542969
COL,AMR,Americas,2020,10.4,8.6,12.4,,385.694671631,297.178985596,505.054443359
COL,AMR,Americas,2021,10.3,7.9,12.9,,412.352935791,303.490997314,567.986083984
COM,AFR,Africa,2000,26.3,15.8,38.6,,735.717834473,375.71496582,1205.96887207
COM,AFR,Africa,2001,25.5,15.3,37.6,,715.84979248,364.115386963,1177.494873047
COM,AFR,Africa,2002,24.7,14.9,36.5,,695.360046387,356.801544189,1141.765380859
COM,AFR,Africa,2003,23.8,14.3,35.3,,672.309875488,344.114471436,1105.175170898
COM,AFR,Africa,2004,23.0,13.9,34.4,,656.346130371,339.662109375,1083.864135742
COM,AFR,Africa,2005,22.7,13.9,34.2,,645.725830078,337.663757324,1073.801513672
COM,AFR,Africa,2006,22.2,13.6,33.8,,635.280578613,333.203094482,1066.477172852
COM,AFR,Africa,2007,22.1,13.7,33.8,,631.530578613,334.458496094,1061.977905273
COM,AFR,Africa,2008,22.1,13.6,33.8,,632.618408203,335.871765137,1069.167358398
COM,AFR,Africa,2009,21.4,13.2,33.1,,618.070251465,327.73916626,1051.692382813
COM,AFR,Africa,2010,21.3,13.0,33.0,,617.689453125,325.75604248,1058.494384766
COM,AFR,Africa,2011,21.3,12.9,32.8,,613.221679688,322.736175537,1047.385253906
COM,AFR,Africa,2012,21.1,12.7,32.6,,611.339416504,320.638305664,1045.030029297
COM,AFR,Africa,2013,20.9,12.4,32.0,,604.881774902,316.019317627,1033.567749023
COM,AFR,Africa,2014,21.3,12.4,32.3,,616.062927246,319.800842285,1049.58996582
COM,AFR,Africa,2015,21.2,12.3,32.1,,612.046569824,315.817871094,1040.66784668
COM,AFR,Africa,2016,21.1,12.2,32.0,,607.925476074,310.821014404,1028.849853516
COM,AFR,Africa,2017,20.8,12.1,32.0,,600.499511719,305.430999756,1016.751403809
COM,AFR,Africa,2018,20.5,12.0,32.0,,593.509033203,301.248352051,1010.167785645
COM,AFR,Africa,2019,20.3,12.0,31.9,,591.602355957,300.775939941,1009.528076172
COM,AFR,Africa,2020,21.0,12.2,32.7,"For this geography and year, some non-communicable disease deaths may be included in a separate category called ""other pandemic-related mortality"" due to lack of vital registration data. Estimates of this indicator for 2020 and 2021 may be underestimated, and need to be interpreted with caution.",606.763427734,307.709289551,1038.332763672
COM,AFR,Africa,2021,20.2,11.6,31.5,"For this geography and year, some non-communicable disease deaths may be included in a separate category called ""other pandemic-related mortality"" due to lack of vital registration data. Estimates of this indicator for 2020 and 2021 may be underestimated, and need to be interpreted with caution.",582.731506348,293.303070068,997.872131348
CPV,AFR,Africa,2000,16.6,9.7,22.3,,453.853424072,256.085601807,682.506835938
CPV,AFR,Africa,2001,16.4,9.7,22.2,,451.055267334,264.079284668,697.542114258
CPV,AFR,Africa,2002,16.3,9.7,22.1,,448.593719482,273.949157715,717.62902832
CPV,AFR,Africa,2003,16.2,9.7,21.9,,446.099365234,284.983215332,740.687927246
CPV,AFR,Africa,2004,16.1,9.7,21.9,,445.282409668,299.05947876,769.452819824
CPV,AFR,Africa,2005,16.2,9.9,22.1,,450.330413818,318.223602295,810.969482422
CPV,AFR,Africa,2006,15.1,9.3,20.8,,426.570953369,318.311248779,812.245361328
CPV,AFR,Africa,2007,14.7,9.2,20.5,,419.144622803,330.57635498,839.254699707
CPV,AFR,Africa,2008,14.7,9.3,20.6,,418.662902832,348.70993042,881.728088379
CPV,AFR,Africa,2009,14.6,9.5,20.7,,418.036193848,367.55682373,927.157531738
CPV,AFR,Africa,2010,14.3,9.4,20.4,,414.901763916,367.391784668,923.735961914
CPV,AFR,Africa,2011,14.4,9.4,20.3,,421.384460449,364.177886963,901.704345703
CPV,AFR,Africa,2012,14.7,9.4,20.3,,425.231445313,355.520690918,878.118164063
CPV,AFR,Africa,2013,14.7,9.2,20.1,,424.094787598,343.768066406,854.913696289
CPV,AFR,Africa,2014,14.5,9.0,19.8,,425.250610352,338.200531006,846.503540039
CPV,AFR,Africa,2015,14.6,9.0,20.1,,432.362487793,336.938751221,847.827697754
CPV,AFR,Africa,2016,14.7,9.0,20.3,,444.416381836,339.844299316,863.014282227
CPV,AFR,Africa,2017,14.9,9.3,21.0,,449.776580811,337.435668945,862.228210449
CPV,AFR,Africa,2018,17.3,11.1,24.6,,520.335205078,379.319091797,977.707580566
CPV,AFR,Africa,2019,17.3,11.2,25.2,,516.454040527,366.934082031,956.772766113
CPV,AFR,Africa,2020,17.4,11.5,26.1,"For this geography and year, some non-communicable disease deaths may be included in a separate category called ""other pandemic-related mortality"" due to lack of vital registration data. Estimates of this indicator for 2020 and 2021 may be underestimated, and need to be interpreted with caution.",512.502258301,360.941070557,952.642822266
CPV,AFR,Africa,2021,17.2,11.5,26.4,"For this geography and year, some non-communicable disease deaths may be included in a separate category called ""other pandemic-related mortality"" due to lack of vital registration data. Estimates of this indicator for 2020 and 2021 may be underestimated, and need to be interpreted with caution.",507.528198242,349.452911377,938.212524414
CRI,AMR,Americas,2000,12.5,11.0,15.1,,400.977752686,335.807617188,529.765441895
CRI,AMR,Americas,2001,12.5,10.9,15.1,,408.005157471,340.585327148,537.927185059
CRI,AMR,Americas,2002,11.6,10.1,14.0,,372.366027832,307.32119751,490.874694824
CRI,AMR,Americas,2003,11.6,10.1,14.1,,380.815704346,312.879211426,500.731262207
CRI,AMR,Americas,2004,11.8,10.2,14.3,,384.578308105,314.065826416,503.789459229
CRI,AMR,Americas,2005,10.8,9.4,13.1,,346.573028564,279.694488525,453.459655762
CRI,AMR,Americas,2006,11.0,9.6,13.4,,356.464355469,286.801208496,463.849121094
CRI,AMR,Americas,2007,9.9,8.5,12.0,,330.211883545,261.030212402,430.983917236
CRI,AMR,Americas,2008,9.8,8.4,11.9,,328.743835449,256.848327637,427.380462646
CRI,AMR,Americas,2009,9.6,8.3,11.8,,321.838989258,248.40512085,418.319580078
CRI,AMR,Americas,2010,10.9,9.4,13.3,,353.359954834,273.356414795,455.96786499
CRI,AMR,Americas,2011,10.1,8.7,12.3,,332.184539795,255.181137085,426.938568115
CRI,AMR,Americas,2012,10.1,8.7,12.3,,328.047363281,251.031051636,420.191986084
CRI,AMR,Americas,2013,9.9,8.5,12.1,,323.934173584,247.004898071,414.064239502
CRI,AMR,Americas,2014,9.6,8.2,11.6,,326.480194092,246.89630127,415.109527588
CRI,AMR,Americas,2015,9.6,8.2,11.7,,316.209259033,236.962219238,399.987457275
CRI,AMR,Americas,2016,9.8,8.2,11.9,,325.13949585,242.641662598,410.433380127
CRI,AMR,Americas,2017,10.0,8.4,12.1,,326.794708252,243.326461792,412.499084473
CRI,AMR,Americas,2018,9.9,8.3,12.0,,321.388885498,238.803482056,405.329406738
CRI,AMR,Americas,2019,9.9,8.2,12.0,,323.009094238,237.484588623,408.343780518
CRI,AMR,Americas,2020,10.1,8.2,12.4,,315.344512939,229.171630859,401.824371338
CRI,AMR,Americas,2021,9.9,7.9,12.5,,305.915924072,215.224533081,394.290161133
CUB,AMR,Americas,2000,17.9,15.5,20.3,,450.503387451,377.292480469,550.932006836
CUB,AMR,Americas,2001,18.3,15.9,20.9,,449.810760498,374.536315918,548.65435791
CUB,AMR,Americas,2002,17.2,14.9,19.6,,416.715759277,343.842590332,507.816192627
CUB,AMR,Americas,2003,17.5,15.1,20.0,,433.529418945,357.476654053,526.764953613
CUB,AMR,Americas,2004,17.2,14.9,19.6,,435.834320068,359.105834961,528.514099121
CUB,AMR,Americas,2005,17.3,15.0,19.8,,445.303222656,366.650390625,539.027526855
CUB,AMR,Americas,2006,17.1,14.8,19.6,,421.545318604,345.854614258,510.07244873
CUB,AMR,Americas,2007,17.2,14.9,19.7,,422.036865234,345.669311523,511.00213623
CUB,AMR,Americas,2008,17.1,14.9,19.6,,434.225952148,356.252838135,526.209472656
CUB,AMR,Americas,2009,17.0,14.7,19.4,,428.362823486,351.467041016,520.818969727
CUB,AMR,Americas,2010,17.2,14.9,19.7,,439.417785645,361.210021973,536.426879883
CUB,AMR,Americas,2011,16.2,14.0,18.7,,406.903259277,333.531097412,499.379150391
CUB,AMR,Americas,2012,16.2,14.0,18.7,,409.976074219,335.981658936,503.913360596
CUB,AMR,Americas,2013,16.4,14.2,18.9,,412.034851074,336.800689697,505.737030029
CUB,AMR,Americas,2014,16.5,14.3,19.0,,421.186035156,343.866790771,517.488586426
CUB,AMR,Americas,2015,16.6,14.3,19.1,,426.432525635,348.008605957,524.960876465
CUB,AMR,Americas,2016,16.3,14.1,18.9,,418.430389404,340.838287354,516.52557373
CUB,AMR,Americas,2017,16.9,14.6,19.6,,438.545593262,357.682495117,542.882751465
CUB,AMR,Americas,2018,16.6,14.3,19.3,,426.035308838,346.66796875,529.81036377
CUB,AMR,Americas,2019,16.8,14.4,19.7,,433.077209473,350.930114746,541.5390625
CUB,AMR,Americas,2020,16.9,14.3,19.9,,445.980773926,358.825256348,561.206298828
CUB,AMR,Americas,2021,17.6,14.2,21.6,,469.192260742,361.243682861,615.9609375
CYP,EUR,Europe,2000,12.8,9.3,17.3,,437.041809082,290.964630127,638.676940918
CYP,EUR,Europe,2001,13.1,9.6,17.6,,432.881439209,291.208953857,631.992553711
CYP,EUR,Europe,2002,13.3,9.8,17.7,,425.308746338,286.94140625,618.095703125
CYP,EUR,Europe,2003,13.1,9.7,17.4,,420.369262695,284.365966797,604.343566895
CYP,EUR,Europe,2004,13.2,9.8,17.3,,417.316833496,282.456848145,595.214294434
CYP,EUR,Europe,2005,12.5,9.3,16.3,,396.005249023,269.04989624,561.005554199
CYP,EUR,Europe,2006,12.3,9.2,16.1,,396.444854736,269.353118896,560.922363281
CYP,EUR,Europe,2007,11.6,8.7,15.1,,379.780700684,258.18927002,536.727905273
CYP,EUR,Europe,2008,11.0,8.3,14.4,,366.132995605,248.967224121,517.552062988
CYP,EUR,Europe,2009,10.6,7.9,13.9,,353.955596924,240.547012329,501.80267334
CYP,EUR,Europe,2010,10.4,7.8,13.7,,350.550354004,237.401260376,500.201141357
CYP,EUR,Europe,2011,9.9,7.3,13.1,,346.656555176,233.178894043,495.604156494
CYP,EUR,Europe,2012,10.0,7.3,13.2,,336.628753662,224.209487915,479.81048584
CYP,EUR,Europe,2013,9.6,7.0,12.7,,326.926849365,216.447235107,464.167022705
CYP,EUR,Europe,2014,9.9,7.2,13.1,,327.8800354,215.445648193,466.076782227
CYP,EUR,Europe,2015,9.9,7.2,13.1,,332.414916992,216.396743774,474.412750244
CYP,EUR,Europe,2016,9.7,6.9,12.9,,333.625213623,214.413986206,480.257904053
CYP,EUR,Europe,2017,9.6,6.8,12.8,,326.722564697,208.902633667,473.53717041
CYP,EUR,Europe,2018,9.2,6.4,12.4,,315.574462891,200.475753784,461.113586426
CYP,EUR,Europe,2019,9.0,6.2,12.1,,310.596130371,195.834701538,457.673217773
CYP,EUR,Europe,2020,9.2,6.2,12.6,,313.871246338,195.167694092,466.287994385
CYP,EUR,Europe,2021,8.5,5.7,11.5,,297.191497803,183.377410889,441.878173828
CZE,EUR,Europe,2000,22.5,20.1,25.1,,602.675964355,514.137756348,707.070556641
CZE,EUR,Europe,2001,21.7,19.3,24.1,,595.010070801,506.833465576,699.564025879
CZE,EUR,Europe,2002,21.4,19.1,23.9,,595.496826172,506.444549561,700.983642578
CZE,EUR,Europe,2003,21.2,18.9,23.7,,603.018920898,512.617736816,710.006286621
CZE,EUR,Europe,2004,20.5,18.2,22.9,,573.722839355,485.356414795,676.874694824
CZE,EUR,Europe,2005,19.7,17.5,22.1,,563.454467773,475.403259277,667.029663086
CZE,EUR,Europe,2006,19.1,16.9,21.4,,532.124938965,447.162384033,631.938415527
CZE,EUR,Europe,2007,18.7,16.6,20.9,,515.359313965,432.459136963,613.734680176
CZE,EUR,Europe,2008,18.3,16.2,20.5,,500.555450439,419.627563477,597.067382813
CZE,EUR,Europe,2009,18.1,16.0,20.3,,496.909606934,416.184692383,593.568359375
CZE,EUR,Europe,2010,17.8,15.7,19.9,,483.246887207,403.714874268,578.633300781
CZE,EUR,Europe,2011,17.4,15.3,19.5,,475.918426514,396.88293457,571.11730957
CZE,EUR,Europe,2012,16.9,14.9,19.0,,469.556610107,390.068237305,564.401367188
CZE,EUR,Europe,2013,16.8,14.7,18.9,,465.234802246,385.964019775,560.614440918
CZE,EUR,Europe,2014,15.7,13.7,17.8,,438.942657471,362.63571167,531.503845215
CZE,EUR,Europe,2015,15.6,13.6,17.6,,448.016845703,369.301757813,543.994812012
CZE,EUR,Europe,2016,15.0,13.1,17.1,,425.765899658,349.729797363,517.471069336
CZE,EUR,Europe,2017,14.9,13.0,16.9,,428.628875732,350.262145996,521.394592285
CZE,EUR,Europe,2018,14.8,12.8,16.8,,424.937164307,345.977905273,517.920898438
CZE,EUR,Europe,2019,14.3,12.3,16.3,,416.126800537,336.542449951,507.720153809
CZE,EUR,Europe,2020,14.4,12.2,16.8,,431.00201416,343.789276123,532.878662109
CZE,EUR,Europe,2021,14.2,11.7,17.0,,418.972991943,326.708404541,528.294128418
DEU,EUR,Europe,2000,16.1,14.1,18.2,,462.222991943,371.814605713,566.973937988
DEU,EUR,Europe,2001,15.5,13.6,17.5,,449.447113037,360.400787354,551.868164063
DEU,EUR,Europe,2002,15.3,13.4,17.2,,450.139984131,360.403900146,553.193908691
DEU,EUR,Europe,2003,15.0,13.1,17.0,,451.210571289,360.30657959,555.936706543
DEU,EUR,Europe,2004,14.4,12.6,16.2,,427.46585083,339.372253418,528.664916992
DEU,EUR,Europe,2005,14.0,12.3,15.9,,420.120330811,332.251403809,521.287963867
DEU,EUR,Europe,2006,13.6,11.9,15.4,,405.093719482,320.337921143,502.897796631
DEU,EUR,Europe,2007,13.5,11.7,15.3,,396.898040771,313.907012939,492.83682251
DEU,EUR,Europe,2008,13.3,11.6,15.1,,394.90524292,312.209075928,490.894348145
DEU,EUR,Europe,2009,13.2,11.5,15.0,,390.018463135,308.454956055,486.455413818
DEU,EUR,Europe,2010,13.0,11.3,14.8,,383.398406982,302.774932861,480.454620361
DEU,EUR,Europe,2011,12.8,11.1,14.6,,371.602233887,293.184661865,466.962982178
DEU,EUR,Europe,2012,12.5,10.9,14.3,,369.000335693,290.170227051,463.812652588
DEU,EUR,Europe,2013,12.8,11.0,14.6,,381.06817627,298.640869141,478.910888672
DEU,EUR,Europe,2014,12.3,10.6,14.1,,363.454711914,283.484863281,457.774169922
DEU,EUR,Europe,2015,12.5,10.8,14.3,,374.815704346,291.673583984,472.93258667
DEU,EUR,Europe,2016,12.4,10.6,14.2,,364.982818604,283.108459473,461.356506348
DEU,EUR,Europe,2017,12.1,10.3,13.9,,363.606262207,280.189575195,461.830535889
DEU,EUR,Europe,2018,12.1,10.4,14.0,,366.22845459,281.418640137,468.849761963
DEU,EUR,Europe,2019,11.8,10.0,13.7,,355.477386475,272.282287598,460.214782715
DEU,EUR,Europe,2020,11.7,9.9,13.6,,351.808135986,268.727935791,458.696655273
DEU,EUR,Europe,2021,11.6,9.7,13.5,,349.823822021,264.303314209,455.605804443
DJI,EMR,Eastern Mediterranean,2000,21.6,12.4,33.5,,587.512512207,306.691192627,1032.700195313
DJI,EMR,Eastern Mediterranean,2001,21.5,12.3,33.4,,587.208740234,304.894348145,1034.194091797
DJI,EMR,Eastern Mediterranean,2002,22.3,12.8,34.7,,617.217224121,319.260803223,1086.524414063
DJI,EMR,Eastern Mediterranean,2003,22.4,12.8,34.8,,621.649963379,320.837615967,1094.900512695
DJI,EMR,Eastern Mediterranean,2004,22.7,13.0,35.4,,632.09185791,325.399200439,1112.254638672
DJI,EMR,Eastern Mediterranean,2005,22.2,12.6,34.6,,619.249023438,317.863494873,1090.04309082
DJI,EMR,Eastern Mediterranean,2006,21.8,12.4,34.1,,608.371704102,312.086425781,1070.47644043
DJI,EMR,Eastern Mediterranean,2007,21.8,12.4,34.1,,613.409912109,313.782745361,1080.552978516
DJI,EMR,Eastern Mediterranean,2008,21.2,11.9,33.2,,593.480895996,303.303253174,1045.638793945
DJI,EMR,Eastern Mediterranean,2009,21.0,11.8,33.0,,593.615112305,301.616363525,1046.638793945
DJI,EMR,Eastern Mediterranean,2010,20.3,11.3,32.1,,573.617126465,290.157470703,1012.299316406
DJI,EMR,Eastern Mediterranean,2011,20.8,11.5,32.8,,585.676269531,295.100982666,1033.650634766
DJI,EMR,Eastern Mediterranean,2012,20.9,11.6,32.9,,590.349975586,297.030883789,1039.528808594
DJI,EMR,Eastern Mediterranean,2013,21.0,11.7,33.1,,596.88293457,300.600524902,1047.721923828
DJI,EMR,Eastern Mediterranean,2014,21.5,12.0,33.7,,615.900695801,310.31942749,1078.444580078
DJI,EMR,Eastern Mediterranean,2015,21.5,12.0,33.6,,612.692321777,308.974578857,1070.114624023
DJI,EMR,Eastern Mediterranean,2016,21.7,12.1,33.8,,618.026489258,311.172576904,1077.427734375
DJI,EMR,Eastern Mediterranean,2017,21.9,12.2,34.1,,626.579956055,315.259613037,1088.33996582
DJI,EMR,Eastern Mediterranean,2018,21.8,12.1,33.9,,624.81237793,313.14666748,1087.766845703
DJI,EMR,Eastern Mediterranean,2019,21.5,12.0,33.4,,618.139282227,311.65512085,1070.051269531
DJI,EMR,Eastern Mediterranean,2020,21.5,12.1,33.2,"For this geography and year, some non-communicable disease deaths may be included in a separate category called ""other pandemic-related mortality"" due to lack of vital registration data. Estimates of this indicator for 2020 and 2021 may be underestimated, and need to be interpreted with caution.",624.479492188,315.494415283,1073.372802734
DJI,EMR,Eastern Mediterranean,2021,20.6,11.5,31.9,"For this geography and year, some non-communicable disease deaths may be included in a separate category called ""other pandemic-related mortality"" due to lack of vital registration data. Estimates of this indicator for 2020 and 2021 may be underestimated, and need to be interpreted with caution.",595.942443848,298.362121582,1017.824768066
DNK,EUR,Europe,2000,18.4,16.1,20.8,,512.434875488,419.733673096,626.639038086
DNK,EUR,Europe,2001,17.9,15.7,20.3,,512.707763672,419.763641357,628.00970459
DNK,EUR,Europe,2002,17.3,15.2,19.7,,509.378845215,416.342346191,625.443603516
DNK,EUR,Europe,2003,16.5,14.4,18.8,,494.373779297,402.989379883,608.46685791
DNK,EUR,Europe,2004,15.8,13.8,18.1,,476.681091309,387.430053711,587.987731934
DNK,EUR,Europe,2005,15.1,13.1,17.3,,461.184112549,373.810974121,570.369018555
DNK,EUR,Europe,2006,15.1,13.1,17.3,,460.348236084,372.656677246,570.10546875
DNK,EUR,Europe,2007,14.7,12.7,16.8,,450.106842041,363.632202148,558.363525391
DNK,EUR,Europe,2008,14.2,12.3,16.2,,437.887969971,352.777130127,544.009216309
DNK,EUR,Europe,2009,13.9,12.1,16.0,,432.948852539,348.355438232,538.68762207
DNK,EUR,Europe,2010,13.5,11.7,15.5,,423.113464355,339.35256958,527.916687012
DNK,EUR,Europe,2011,12.9,11.2,14.8,,401.476715088,320.853912354,502.525726318
DNK,EUR,Europe,2012,12.7,11.0,14.6,,391.82232666,312.470031738,491.571136475
DNK,EUR,Europe,2013,12.3,10.6,14.1,,383.703857422,304.852600098,483.000152588
DNK,EUR,Europe,2014,12.3,10.6,14.2,,370.627655029,293.28112793,467.574676514
DNK,EUR,Europe,2015,11.9,10.2,13.8,,368.971343994,290.880187988,466.978729248
DNK,EUR,Europe,2016,11.8,10.1,13.7,,364.621917725,286.623809814,462.672515869
DNK,EUR,Europe,2017,11.2,9.5,13.0,,355.538848877,277.876434326,453.163452148
DNK,EUR,Europe,2018,11.3,9.6,13.2,,358.956481934,279.344604492,459.464630127
DNK,EUR,Europe,2019,11.1,9.3,13.1,,342.388671875,264.61428833,440.679534912
DNK,EUR,Europe,2020,10.6,8.9,12.5,,332.837860107,255.374389648,431.102661133
DNK,EUR,Europe,2021,10.7,8.9,12.6,,340.457305908,260.505065918,441.443664551
DOM,AMR,Americas,2000,15.8,12.4,22.8,,407.810241699,296.495727539,642.644165039
DOM,AMR,Americas,2001,15.3,12.1,22.2,,400.300598145,293.941162109,636.998596191
DOM,AMR,Americas,2002,15.3,12.0,22.3,,402.004455566,293.326446533,641.713256836
DOM,AMR,Americas,2003,15.2,11.8,22.1,,412.393890381,297.690979004,648.906616211
DOM,AMR,Americas,2004,15.7,12.2,22.7,,433.634246826,312.258911133,670.657043457
DOM,AMR,Americas,2005,16.6,12.6,23.8,,450.634887695,319.733032227,694.862854004
DOM,AMR,Americas,2006,17.0,12.4,24.6,,457.057281494,315.833526611,711.532165527
DOM,AMR,Americas,2007,16.9,12.0,24.8,,452.555969238,306.925231934,714.23260498
DOM,AMR,Americas,2008,16.8,11.8,24.8,,449.266784668,302.843322754,712.361633301
DOM,AMR,Americas,2009,16.8,11.8,24.2,,445.816497803,300.851806641,698.78326416
DOM,AMR,Americas,2010,16.3,11.5,23.0,,433.20703125,294.770233154,669.457336426
DOM,AMR,Americas,2011,16.4,11.7,22.6,,429.825317383,295.301879883,655.243591309
DOM,AMR,Americas,2012,17.4,12.4,23.6,,446.334991455,306.452148438,676.640991211
DOM,AMR,Americas,2013,18.4,13.0,24.8,,462.140350342,315.541625977,700.029968262
DOM,AMR,Americas,2014,19.0,13.4,25.6,,459.871643066,310.290588379,701.848327637
DOM,AMR,Americas,2015,19.2,13.3,26.0,,462.076293945,308.566802979,710.628356934
DOM,AMR,Americas,2016,19.3,13.2,26.1,,460.168823242,304.353027344,712.049926758
DOM,AMR,Americas,2017,19.4,13.2,26.2,,462.535247803,302.894134521,718.660217285
DOM,AMR,Americas,2018,19.2,12.9,26.1,,458.819213867,298.085479736,718.645507813
DOM,AMR,Americas,2019,18.6,12.4,25.6,,447.038909912,287.419799805,709.204162598
DOM,AMR,Americas,2020,19.1,12.7,26.2,"For this geography and year, some non-communicable disease deaths may be included in a separate category called ""other pandemic-related mortality"" due to lack of vital registration data. Estimates of this indicator for 2020 and 2021 may be underestimated, and need to be interpreted with caution.",464.518096924,299.555847168,738.474731445
DOM,AMR,Americas,2021,17.4,11.3,24.5,"For this geography and year, some non-communicable disease deaths may be included in a separate category called ""other pandemic-related mortality"" due to lack of vital registration data. Estimates of this indicator for 2020 and 2021 may be underestimated, and need to be interpreted with caution.",429.376861572,271.509643555,702.185974121
DZA,AFR,Africa,2000,18.0,12.0,24.9,,595.789550781,358.891052246,857.14239502
DZA,AFR,Africa,2001,17.7,11.8,24.6,,588.658569336,353.527191162,847.666503906
DZA,AFR,Africa,2002,17.4,11.6,24.3,,579.918823242,348.596679688,842.940551758
DZA,AFR,Africa,2003,17.4,11.5,24.2,,578.15234375,349.188537598,845.248962402
DZA,AFR,Africa,2004,17.1,11.3,23.9,,572.376159668,346.32434082,842.414367676
DZA,AFR,Africa,2005,16.8,11.1,23.5,,567.460205078,343.902832031,839.493469238
DZA,AFR,Africa,2006,16.5,10.9,23.1,,564.901000977,342.733886719,837.508605957
DZA,AFR,Africa,2007,16.2,10.7,22.7,,562.466796875,341.303436279,835.048400879
DZA,AFR,Africa,2008,15.9,10.5,22.2,,562.304626465,340.975189209,834.014587402
DZA,AFR,Africa,2009,15.6,10.3,21.8,,558.811340332,338.820251465,830.619140625
DZA,AFR,Africa,2010,15.2,10.1,21.4,,562.666320801,341.260650635,839.113586426
DZA,AFR,Africa,2011,15.1,10.0,21.2,,562.621582031,341.854248047,839.024475098
DZA,AFR,Africa,2012,14.8,9.8,20.9,,553.155700684,335.569244385,826.409973145
DZA,AFR,Africa,2013,14.5,9.5,20.5,,550.443237305,331.74621582,821.315429688
DZA,AFR,Africa,2014,14.3,9.4,20.2,,545.219665527,329.257659912,815.014831543
DZA,AFR,Africa,2015,14.2,9.3,20.1,,541.179016113,331.571105957,809.374755859
DZA,AFR,Africa,2016,14.1,9.3,20.0,,530.721679688,322.437194824,801.572814941
DZA,AFR,Africa,2017,14.1,9.2,20.1,,526.690856934,320.149658203,799.766662598
DZA,AFR,Africa,2018,14.0,9.0,20.1,,530.631164551,323.108764648,809.61114502
DZA,AFR,Africa,2019,14.0,8.9,20.2,,530.906677246,323.659667969,818.225280762
DZA,AFR,Africa,2020,12.7,8.0,18.6,"For this geography and year, some non-communicable disease deaths may be included in a separate category called ""other pandemic-related mortality"" due to lack of vital registration data. Estimates of this indicator for 2020 and 2021 may be underestimated, and need to be interpreted with caution.",538.80065918,330.587921143,844.275878906
DZA,AFR,Africa,2021,13.3,8.4,19.6,"For this geography and year, some non-communicable disease deaths may be included in a separate category called ""other pandemic-related mortality"" due to lack of vital registration data. Estimates of this indicator for 2020 and 2021 may be underestimated, and need to be interpreted with caution.",517.451904297,321.854492188,826.354064941
ECU,AMR,Americas,2000,15.4,12.5,18.2,,510.667327881,415.241851807,690.373535156
ECU,AMR,Americas,2001,15.3,12.2,18.2,,492.271148682,397.767364502,669.218017578
ECU,AMR,Americas,2002,15.3,12.3,18.2,,489.935791016,395.792694092,665.831848145
ECU,AMR,Americas,2003,14.5,11.6,17.3,,469.755401611,378.332214355,637.697021484
ECU,AMR,Americas,2004,14.1,11.3,16.9,,469.278808594,377.111297607,635.28125
ECU,AMR,Americas,2005,14.5,11.6,17.3,,477.568969727,383.800537109,645.433837891
ECU,AMR,Americas,2006,14.4,11.6,17.3,,471.756652832,379.674591064,638.67175293
ECU,AMR,Americas,2007,14.2,11.3,17.1,,459.184844971,368.333740234,621.526245117
ECU,AMR,Americas,2008,14.0,11.2,16.9,,457.11328125,365.213867188,619.571105957
ECU,AMR,Americas,2009,13.9,11.0,16.7,,438.788024902,348.299926758,593.664428711
ECU,AMR,Americas,2010,13.1,10.4,15.7,,434.355560303,343.862640381,585.549682617
ECU,AMR,Americas,2011,12.9,10.3,15.5,,429.923156738,340.718353271,579.008728027
ECU,AMR,Americas,2012,12.9,10.3,15.6,,428.382446289,340.501922607,578.402832031
ECU,AMR,Americas,2013,12.4,9.9,15.0,,413.677124023,329.044921875,559.953186035
ECU,AMR,Americas,2014,12.0,9.6,14.5,,401.165100098,319.740966797,544.013000488
ECU,AMR,Americas,2015,11.9,9.5,14.4,,400.235961914,319.897735596,542.10534668
ECU,AMR,Americas,2016,12.1,9.7,14.7,,400.858734131,321.589263916,542.690063477
ECU,AMR,Americas,2017,11.9,9.5,14.4,,403.594299316,325.450500488,547.096679688
ECU,AMR,Americas,2018,11.7,9.3,14.2,,393.091156006,315.497924805,532.015869141
ECU,AMR,Americas,2019,11.5,9.2,14.3,,385.353118896,303.569000244,521.487060547
ECU,AMR,Americas,2020,14.0,10.3,18.5,,445.05078125,329.265869141,629.75390625
ECU,AMR,Americas,2021,13.2,9.5,18.0,,437.713134766,314.070617676,632.852233887
EGY,EMR,Eastern Mediterranean,2000,28.2,19.7,37.6,,757.365539551,549.314819336,1268.619384766
EGY,EMR,Eastern Mediterranean,2001,29.5,20.7,39.0,,797.178955078,577.041015625,1314.356445313
EGY,EMR,Eastern Mediterranean,2002,29.8,20.9,39.2,,813.111206055,588.705383301,1330.106323242
EGY,EMR,Eastern Mediterranean,2003,30.3,21.2,39.6,,838.924438477,604.162231445,1365.234375
EGY,EMR,Eastern Mediterranean,2004,30.0,20.7,39.2,,818.508972168,582.712158203,1324.689941406
EGY,EMR,Eastern Mediterranean,2005,29.7,20.6,38.7,,803.628723145,567.385559082,1293.619018555
EGY,EMR,Eastern Mediterranean,2006,29.9,20.8,38.6,,807.938964844,570.130310059,1284.024780273
EGY,EMR,Eastern Mediterranean,2007,29.5,20.6,37.8,,808.034057617,571.324645996,1275.774291992
EGY,EMR,Eastern Mediterranean,2008,29.6,20.8,37.6,,816.744384766,581.067199707,1271.813354492
EGY,EMR,Eastern Mediterranean,2009,29.9,21.3,37.7,,819.980773926,588.466491699,1248.660644531
EGY,EMR,Eastern Mediterranean,2010,29.9,21.5,37.4,,823.186462402,595.557434082,1234.04296875
EGY,EMR,Eastern Mediterranean,2011,29.1,21.0,36.3,,809.171020508,588.854003906,1199.183349609
EGY,EMR,Eastern Mediterranean,2012,29.7,21.7,36.9,,851.325927734,624.691040039,1250.611938477
EGY,EMR,Eastern Mediterranean,2013,28.4,20.9,35.3,,798.965454102,587.040466309,1167.140014648
EGY,EMR,Eastern Mediterranean,2014,28.8,21.3,35.5,,818.312316895,605.284973145,1186.838378906
EGY,EMR,Eastern Mediterranean,2015,30.1,22.3,36.9,,873.528442383,652.188598633,1259.81652832
EGY,EMR,Eastern Mediterranean,2016,28.9,21.3,35.3,,827.088195801,615.595397949,1189.427856445
EGY,EMR,Eastern Mediterranean,2017,27.5,20.2,33.5,,797.135681152,595.184570313,1147.466674805
EGY,EMR,Eastern Mediterranean,2018,27.8,20.4,33.6,,798.320739746,597.130859375,1147.982788086
EGY,EMR,Eastern Mediterranean,2019,27.4,20.0,33.1,,794.754699707,595.830505371,1146.193237305
EGY,EMR,Eastern Mediterranean,2020,26.0,18.3,32.4,"For this geography and year, some non-communicable disease deaths may be included in a separate category called ""other pandemic-related mortality"" due to lack of vital registration data. Estimates of this indicator for 2020 and 2021 may be underestimated, and need to be interpreted with caution.",763.658081055,557.82623291,1127.153564453
EGY,EMR,Eastern Mediterranean,2021,26.0,17.6,33.4,"For this geography and year, some non-communicable disease deaths may be included in a separate category called ""other pandemic-related mortality"" due to lack of vital registration data. Estimates of this indicator for 2020 and 2021 may be underestimated, and need to be interpreted with caution.",766.790466309,562.317871094,1186.827270508
ERI,AFR,Africa,2000,33.8,21.6,50.6,,940.119140625,525.371643066,1712.573242188
ERI,AFR,Africa,2001,32.5,20.7,49.0,,904.815673828,502.942749023,1646.242797852
ERI,AFR,Africa,2002,32.1,20.3,48.4,,895.039794922,495.875244141,1624.076171875
ERI,AFR,Africa,2003,30.6,19.3,46.5,,853.67401123,471.679473877,1546.366821289
ERI,AFR,Africa,2004,30.7,19.3,46.5,,857.394287109,471.990783691,1551.375976563
ERI,AFR,Africa,2005,30.6,19.2,46.5,,856.60369873,471.546081543,1549.326904297
ERI,AFR,Africa,2006,30.5,19.2,46.5,,855.249389648,471.389709473,1547.258911133
ERI,AFR,Africa,2007,30.0,18.9,45.9,,840.869812012,463.953918457,1522.025512695
ERI,AFR,Africa,2008,30.2,19.0,46.1,,846.739624023,466.8253479,1533.303344727
ERI,AFR,Africa,2009,30.3,19.1,46.3,,850.612976074,468.88293457,1540.967651367
ERI,AFR,Africa,2010,30.0,19.0,46.0,,845.070739746,465.745330811,1530.871704102
ERI,AFR,Africa,2011,29.5,18.7,45.4,,830.872802734,458.598632813,1507.071166992
ERI,AFR,Africa,2012,29.0,18.5,44.9,,818.317626953,452.566375732,1487.923828125
ERI,AFR,Africa,2013,28.9,18.5,44.9,,818.272277832,453.265075684,1491.422607422
ERI,AFR,Africa,2014,28.5,18.3,44.4,,807.204589844,449.072814941,1469.852050781
ERI,AFR,Africa,2015,28.4,18.2,44.3,,806.096801758,449.326782227,1470.596801758
ERI,AFR,Africa,2016,28.0,17.9,43.7,,796.353027344,445.277648926,1454.401123047
ERI,AFR,Africa,2017,27.8,17.8,43.5,,794.495666504,444.578308105,1453.234985352
ERI,AFR,Africa,2018,27.7,17.7,43.2,,792.198486328,444.593719482,1448.861572266
ERI,AFR,Africa,2019,27.3,17.5,42.7,,784.11730957,441.110656738,1433.410400391
ERI,AFR,Africa,2020,27.9,17.9,43.5,"For this geography and year, some non-communicable disease deaths may be included in a separate category called ""other pandemic-related mortality"" due to lack of vital registration data. Estimates of this indicator for 2020 and 2021 may be underestimated, and need to be interpreted with caution.",792.74987793,447.256317139,1449.138549805
ERI,AFR,Africa,2021,27.3,17.5,42.7,"For this geography and year, some non-communicable disease deaths may be included in a separate category called ""other pandemic-related mortality"" due to lack of vital registration data. Estimates of this indicator for 2020 and 2021 may be underestimated, and need to be interpreted with caution.",779.901733398,439.583129883,1426.801147461
ESP,EUR,Europe,2000,13.7,11.7,15.6,,410.163818359,326.447570801,515.478027344
ESP,EUR,Europe,2001,13.4,11.4,15.2,,402.013214111,319.093048096,506.377838135
ESP,EUR,Europe,2002,13.1,11.2,14.9,,398.48034668,315.954101563,502.363250732
ESP,EUR,Europe,2003,13.0,11.1,14.8,,402.06652832,318.588989258,507.76751709
ESP,EUR,Europe,2004,12.5,10.6,14.2,,379.277313232,299.946716309,479.462219238
ESP,EUR,Europe,2005,12.4,10.6,14.1,,379.953582764,299.729919434,481.028686523
ESP,EUR,Europe,2006,12.0,10.2,13.7,,357.967041016,281.465332031,453.562103271
ESP,EUR,Europe,2007,11.8,10.0,13.4,,358.769744873,281.562530518,455.267120361
ESP,EUR,Europe,2008,11.4,9.7,13.1,,349.482879639,273.532928467,444.60635376
ESP,EUR,Europe,2009,11.3,9.6,13.0,,340.701568604,265.695892334,434.500488281
ESP,EUR,Europe,2010,11.1,9.4,12.7,,331.723754883,257.516662598,423.698364258
ESP,EUR,Europe,2011,10.9,9.2,12.5,,327.485717773,253.517318726,418.409057617
ESP,EUR,Europe,2012,10.7,9.0,12.3,,323.602630615,249.95880127,414.239196777
ESP,EUR,Europe,2013,10.4,8.8,12.0,,307.012207031,236.344970703,393.476898193
ESP,EUR,Europe,2014,10.2,8.6,11.8,,302.364959717,232.087020874,388.210449219
ESP,EUR,Europe,2015,10.3,8.6,11.9,,311.068695068,238.391906738,400.145294189
ESP,EUR,Europe,2016,10.1,8.5,11.7,,297.809661865,227.48135376,383.549957275
ESP,EUR,Europe,2017,10.0,8.4,11.7,,298.714477539,226.932220459,386.341125488
ESP,EUR,Europe,2018,9.9,8.3,11.6,,295.641693115,223.381057739,383.833221436
ESP,EUR,Europe,2019,9.6,8.0,11.3,,284.539337158,213.340164185,371.552886963
ESP,EUR,Europe,2020,9.4,7.7,11.2,,280.56552124,208.667358398,369.342254639
ESP,EUR,Europe,2021,9.3,7.6,11.0,,274.198669434,202.688781738,362.005645752
EST,EUR,Europe,2000,27.1,23.9,30.4,,707.434753418,599.562194824,833.168151855
EST,EUR,Europe,2001,26.9,23.8,30.2,,703.102722168,595.786437988,828.749633789
EST,EUR,Europe,2002,26.2,23.1,29.4,,701.330505371,591.466186523,828.438781738
EST,EUR,Europe,2003,25.5,22.5,28.6,,684.343505859,576.576965332,809.792480469
EST,EUR,Europe,2004,24.9,21.9,28.0,,667.969360352,560.627258301,793.441772461
EST,EUR,Europe,2005,23.7,20.8,26.8,,650.926513672,544.58203125,775.250732422
EST,EUR,Europe,2006,24.1,21.1,27.2,,639.66204834,533.909362793,763.741333008
EST,EUR,Europe,2007,23.4,20.5,26.4,,632.100708008,526.368530273,756.439147949
EST,EUR,Europe,2008,22.1,19.3,25.1,,596.709411621,494.834564209,717.539855957
EST,EUR,Europe,2009,20.7,18.0,23.6,,562.670349121,465.173706055,679.481872559
EST,EUR,Europe,2010,19.9,17.3,22.7,,540.604370117,444.294403076,655.680053711
EST,EUR,Europe,2011,19.2,16.6,21.9,,514.097290039,421.603057861,624.919128418
EST,EUR,Europe,2012,18.9,16.3,21.6,,512.476989746,419.342651367,624.84185791
EST,EUR,Europe,2013,18.2,15.7,20.9,,490.911346436,400.438537598,600.788452148
EST,EUR,Europe,2014,18.0,15.5,20.7,,487.44342041,396.187561035,599.113952637
EST,EUR,Europe,2015,17.1,14.6,19.8,,472.442626953,382.208190918,583.486083984
EST,EUR,Europe,2016,17.2,14.8,19.9,,467.775817871,378.457275391,577.922363281
EST,EUR,Europe,2017,16.5,14.1,19.2,,454.401123047,364.356719971,564.90625
EST,EUR,Europe,2018,16.5,14.1,19.3,,446.31439209,356.569793701,557.361999512
EST,EUR,Europe,2019,15.1,12.8,17.7,,426.390533447,337.36138916,536.440795898
EST,EUR,Europe,2020,15.4,12.8,18.1,,429.141967773,335.492706299,545.17376709
EST,EUR,Europe,2021,15.5,12.6,18.7,,454.85836792,345.996551514,585.453552246
ETH,AFR,Africa,2000,25.3,17.2,35.0,,663.608703613,399.198394775,1053.522827148
ETH,AFR,Africa,2001,24.4,16.6,33.6,,644.375,392.732818604,1027.874267578
ETH,AFR,Africa,2002,23.7,16.2,32.6,,631.716308594,388.641265869,1009.313842773
ETH,AFR,Africa,2003,23.0,15.8,31.8,,617.887634277,381.359222412,987.129699707
ETH,AFR,Africa,2004,22.5,15.5,30.9,,604.861083984,375.718048096,964.234436035
ETH,AFR,Africa,2005,21.8,15.1,29.8,,587.648742676,367.653564453,935.321533203
ETH,AFR,Africa,2006,21.0,14.7,28.7,,568.225097656,357.454467773,901.370483398
ETH,AFR,Africa,2007,20.3,14.3,27.7,,551.734191895,347.897277832,869.656433105
ETH,AFR,Africa,2008,19.9,14.0,27.1,,541.287597656,341.985961914,846.528747559
ETH,AFR,Africa,2009,19.3,13.6,26.3,,527.850402832,333.564666748,820.867675781
ETH,AFR,Africa,2010,18.8,13.4,25.7,,518.284179688,328.04019165,802.30090332
ETH,AFR,Africa,2011,18.4,13.1,25.1,,508.338256836,321.581726074,783.838195801
ETH,AFR,Africa,2012,17.9,12.7,24.5,,493.912567139,312.382263184,760.980224609
ETH,AFR,Africa,2013,17.2,12.2,23.6,,475.132202148,299.400054932,731.436767578
ETH,AFR,Africa,2014,16.9,11.9,23.3,,468.282501221,293.774536133,720.90411377
ETH,AFR,Africa,2015,17.2,12.1,23.9,,478.535491943,298.834289551,738.66986084
ETH,AFR,Africa,2016,17.1,11.9,23.8,,478.261779785,297.144958496,740.838623047
ETH,AFR,Africa,2017,17.1,11.8,24.0,,477.488006592,295.080383301,742.6171875
ETH,AFR,Africa,2018,17.1,11.8,24.2,,482.505340576,297.00201416,752.965881348
ETH,AFR,Africa,2019,17.2,11.7,24.4,,485.754211426,297.209320068,762.057739258
ETH,AFR,Africa,2020,17.3,11.7,24.5,"For this geography and year, some non-communicable disease deaths may be included in a separate category called ""other pandemic-related mortality"" due to lack of vital registration data. Estimates of this indicator for 2020 and 2021 may be underestimated, and need to be interpreted with caution.",497.026519775,301.61920166,779.549926758
ETH,AFR,Africa,2021,16.8,11.2,23.7,"For this geography and year, some non-communicable disease deaths may be included in a separate category called ""other pandemic-related mortality"" due to lack of vital registration data. Estimates of this indicator for 2020 and 2021 may be underestimated, and need to be interpreted with caution.",483.588806152,289.751739502,757.472473145
FIN,EUR,Europe,2000,14.7,12.9,16.6,,450.750823975,365.496185303,554.79901123
FIN,EUR,Europe,2001,13.8,12.1,15.7,,436.352722168,352.663543701,538.905334473
FIN,EUR,Europe,2002,13.6,11.9,15.5,,434.761108398,350.530426025,538.291503906
FIN,EUR,Europe,2003,13.4,11.7,15.3,,425.262115479,341.807189941,527.979736328
FIN,EUR,Europe,2004,13.4,11.7,15.3,,413.105407715,330.733154297,513.442077637
FIN,EUR,Europe,2005,13.0,11.3,14.8,,410.358612061,326.676422119,512.034484863
FIN,EUR,Europe,2006,12.5,10.9,14.3,,403.333068848,319.904785156,504.505187988
FIN,EUR,Europe,2007,12.5,10.9,14.3,,402.174835205,318.022918701,503.573638916
FIN,EUR,Europe,2008,12.2,10.6,13.9,,392.138671875,308.881408691,491.946044922
FIN,EUR,Europe,2009,12.2,10.6,13.9,,388.779022217,306.27166748,487.943603516
FIN,EUR,Europe,2010,12.0,10.4,13.8,,385.814025879,303.322540283,485.465759277
FIN,EUR,Europe,2011,11.7,10.1,13.4,,373.530029297,292.640533447,471.284301758
FIN,EUR,Europe,2012,11.4,9.9,13.1,,374.990753174,292.795135498,473.91192627
FIN,EUR,Europe,2013,11.1,9.6,12.8,,364.612426758,283.561279297,462.325012207
FIN,EUR,Europe,2014,10.7,9.2,12.3,,359.748077393,278.78894043,457.584564209
FIN,EUR,Europe,2015,10.7,9.2,12.3,,350.233917236,270.580627441,447.026489258
FIN,EUR,Europe,2016,10.4,8.9,12.1,,351.48425293,270.481079102,450.007965088
FIN,EUR,Europe,2017,10.3,8.8,12.0,,342.873474121,262.880371094,440.543762207
FIN,EUR,Europe,2018,10.0,8.5,11.7,,339.970947266,259.464294434,438.567779541
FIN,EUR,Europe,2019,9.6,8.1,11.3,,334.097167969,253.35798645,433.519134521
FIN,EUR,Europe,2020,9.7,8.1,11.4,,335.963500977,253.377563477,438.065185547
FIN,EUR,Europe,2021,9.6,8.0,11.3,,335.240570068,250.98538208,438.357055664
FJI,WPR,Western Pacific,2000,44.0,34.0,50.5,,1137.906616211,763.278076172,1402.110229492
FJI,WPR,Western Pacific,2001,42.6,33.0,48.8,,1103.862548828,744.163879395,1354.380737305
FJI,WPR,Western Pacific,2002,41.4,32.1,47.5,,1081.859985352,733.306152344,1325.681152344
FJI,WPR,Western Pacific,2003,41.5,32.4,47.5,,1090.818847656,745.629699707,1334.990722656
FJI,WPR,Western Pacific,2004,40.2,31.4,46.0,,1037.924682617,714.692565918,1277.486938477
FJI,WPR,Western Pacific,2005,40.8,32.0,46.6,,1023.935302734,710.123291016,1266.022949219
FJI,WPR,Western Pacific,2006,41.2,32.4,47.1,,1017.047241211,711.053649902,1265.497436523
FJI,WPR,Western Pacific,2007,41.4,32.6,47.2,,1015.43157959,715.149291992,1270.412475586
FJI,WPR,Western Pacific,2008,41.9,33.0,47.8,,1016.448181152,715.928039551,1274.379150391
FJI,WPR,Western Pacific,2009,41.6,32.4,47.7,,1002.938171387,698.41595459,1258.392700195
FJI,WPR,Western Pacific,2010,41.3,32.0,47.7,,1006.95526123,692.971862793,1265.552856445
FJI,WPR,Western Pacific,2011,40.8,31.4,47.3,,1008.269470215,687.07824707,1266.877197266
FJI,WPR,Western Pacific,2012,40.4,30.8,47.2,,996.542907715,673.89855957,1262.974243164
FJI,WPR,Western Pacific,2013,40.2,30.2,47.8,,989.77935791,660.592773438,1274.433105469
FJI,WPR,Western Pacific,2014,40.0,29.5,48.4,,984.322753906,644.17364502,1285.00793457
FJI,WPR,Western Pacific,2015,39.7,28.8,48.7,,975.02130127,626.152832031,1286.103149414
FJI,WPR,Western Pacific,2016,39.4,28.3,49.0,,967.396484375,612.907104492,1288.044921875
FJI,WPR,Western Pacific,2017,39.3,27.9,49.4,,964.89050293,604.149353027,1294.380981445
FJI,WPR,Western Pacific,2018,39.0,27.6,49.5,,958.260314941,594.92376709,1295.895019531
FJI,WPR,Western Pacific,2019,38.8,27.3,49.6,,952.068725586,589.691650391,1297.04675293
FJI,WPR,Western Pacific,2020,38.6,27.3,49.9,"For this geography and year, some non-communicable disease deaths may be included in a separate category called ""other pandemic-related mortality"" due to lack of vital registration data. Estimates of this indicator for 2020 and 2021 may be underestimated, and need to be interpreted with caution.",942.625488281,584.748901367,1294.744506836
FJI,WPR,Western Pacific,2021,37.9,26.7,49.5,"For this geography and year, some non-communicable disease deaths may be included in a separate category called ""other pandemic-related mortality"" due to lack of vital registration data. Estimates of this indicator for 2020 and 2021 may be underestimated, and need to be interpreted with caution.",893.65045166,554.286560059,1246.201049805
FRA,EUR,Europe,2000,14.1,12.0,16.2,,392.389129639,312.45211792,486.435455322
FRA,EUR,Europe,2001,13.8,11.8,15.9,,390.475830078,310.18371582,484.067260742
FRA,EUR,Europe,2002,13.6,11.6,15.6,,387.241943359,306.911834717,480.13394165
FRA,EUR,Europe,2003,13.4,11.4,15.4,,392.250091553,309.901306152,487.004272461
FRA,EUR,Europe,2004,12.8,10.9,14.6,,361.821502686,284.955871582,449.399200439
FRA,EUR,Europe,2005,12.7,10.8,14.6,,361.679748535,283.988891602,449.507019043
FRA,EUR,Europe,2006,12.4,10.5,14.2,,345.544372559,270.958740234,429.512420654
FRA,EUR,Europe,2007,12.2,10.3,14.0,,337.194671631,264.263214111,419.835388184
FRA,EUR,Europe,2008,12.0,10.2,13.8,,334.656219482,262.215698242,417.388244629
FRA,EUR,Europe,2009,11.9,10.1,13.7,,328.45425415,257.171966553,410.352783203
FRA,EUR,Europe,2010,11.8,10.0,13.6,,324.631103516,253.649581909,406.804168701
FRA,EUR,Europe,2011,11.5,9.7,13.3,,313.431274414,244.422042847,393.42175293
FRA,EUR,Europe,2012,11.4,9.6,13.2,,314.525238037,244.361709595,395.727111816
FRA,EUR,Europe,2013,11.2,9.4,12.9,,308.424346924,238.589096069,388.689208984
FRA,EUR,Europe,2014,11.0,9.2,12.7,,297.320281982,228.926834106,375.642608643
FRA,EUR,Europe,2015,10.8,9.0,12.5,,297.402099609,228.328933716,377.043945313
FRA,EUR,Europe,2016,10.8,9.0,12.5,,292.041900635,222.860122681,371.584594727
FRA,EUR,Europe,2017,10.7,8.8,12.5,,296.009613037,224.152053833,378.956878662
FRA,EUR,Europe,2018,10.3,8.4,12.1,,282.730102539,212.270812988,364.289001465
FRA,EUR,Europe,2019,10.1,8.1,11.8,,277.828216553,206.7865448,360.186737061
FRA,EUR,Europe,2020,10.0,8.0,11.8,,276.1534729,204.241271973,359.351776123
FRA,EUR,Europe,2021,10.2,8.1,12.0,,281.514190674,207.099716187,367.041809082
FSM,WPR,Western Pacific,2000,41.6,28.6,54.2,,1055.513671875,696.149475098,1763.069091797
FSM,WPR,Western Pacific,2001,41.4,28.5,53.8,,1047.405273438,695.68347168,1750.744873047
FSM,WPR,Western Pacific,2002,41.1,28.3,53.5,,1036.684448242,685.725280762,1713.253662109
FSM,WPR,Western Pacific,2003,41.0,28.4,53.3,,1031.536987305,680.292541504,1689.809204102
FSM,WPR,Western Pacific,2004,41.1,28.4,53.4,,1034.200439453,682.00769043,1693.296875
FSM,WPR,Western Pacific,2005,41.2,28.5,53.7,,1039.784423828,680.54083252,1689.148681641
FSM,WPR,Western Pacific,2006,40.9,28.4,53.4,,1030.102783203,671.85949707,1663.853271484
FSM,WPR,Western Pacific,2007,40.5,28.1,53.2,,1018.807983398,663.022583008,1644.250854492
FSM,WPR,Western Pacific,2008,40.3,28.0,53.0,,1010.936279297,654.043884277,1622.297973633
FSM,WPR,Western Pacific,2009,40.2,27.8,53.0,,1007.460021973,645.475769043,1604.891967773
FSM,WPR,Western Pacific,2010,40.1,27.8,53.0,,1003.100402832,639.376708984,1591.593139648
FSM,WPR,Western Pacific,2011,40.0,27.9,53.4,,1002.129211426,645.232666016,1610.358520508
FSM,WPR,Western Pacific,2012,39.9,28.0,53.8,,997.055541992,650.594970703,1629.394165039
FSM,WPR,Western Pacific,2013,39.7,28.1,54.1,,989.398498535,651.253417969,1632.562744141
FSM,WPR,Western Pacific,2014,39.0,27.9,53.9,,967.16809082,642.081115723,1610.124267578
FSM,WPR,Western Pacific,2015,39.7,28.6,54.9,,977.121765137,654.193359375,1645.680908203
FSM,WPR,Western Pacific,2016,39.2,28.3,54.8,,965.610534668,648.661865234,1637.270507813
FSM,WPR,Western Pacific,2017,39.1,28.4,55.0,,963.394348145,650.847045898,1651.813720703
FSM,WPR,Western Pacific,2018,39.2,28.5,55.3,,964.523681641,653.797363281,1664.189208984
FSM,WPR,Western Pacific,2019,39.1,28.4,55.5,,962.84942627,655.159851074,1677.936889648
FSM,WPR,Western Pacific,2020,40.7,29.9,57.7,,987.472351074,680.263061523,1736.545043945
FSM,WPR,Western Pacific,2021,40.5,29.7,57.8,,982.35333252,678.387756348,1743.969848633
GAB,AFR,Africa,2000,24.7,14.7,36.2,,707.409973145,369.356170654,1157.999145508
GAB,AFR,Africa,2001,24.4,14.5,35.9,,692.903076172,361.108184814,1134.765014648
GAB,AFR,Africa,2002,22.8,13.4,33.8,,643.065429688,333.007080078,1056.322509766
GAB,AFR,Africa,2003,23.1,13.6,34.1,,634.29888916,327.499664307,1041.275390625
GAB,AFR,Africa,2004,22.6,13.3,33.3,,631.994750977,326.49822998,1034.70690918
GAB,AFR,Africa,2005,24.1,14.3,35.2,,690.114685059,356.016906738,1131.153442383
GAB,AFR,Africa,2006,24.1,14.3,35.1,,696.319335938,359.097290039,1139.825317383
GAB,AFR,Africa,2007,22.7,13.3,33.3,,654.333618164,335.943389893,1073.73449707
GAB,AFR,Africa,2008,22.5,13.2,33.1,,659.720214844,338.204040527,1081.282226563
GAB,AFR,Africa,2009,23.2,13.7,34.0,,676.74407959,346.46270752,1110.029418945
GAB,AFR,Africa,2010,22.9,13.5,33.6,,669.042724609,341.835479736,1099.069458008
GAB,AFR,Africa,2011,22.7,13.3,33.3,,668.649597168,340.709197998,1098.104858398
GAB,AFR,Africa,2012,21.9,12.8,32.3,,647.357116699,328.377990723,1065.555419922
GAB,AFR,Africa,2013,22.0,12.8,32.5,,649.809814453,329.200531006,1070.844604492
GAB,AFR,Africa,2014,23.5,13.7,34.5,,686.49230957,347.181793213,1131.112548828
GAB,AFR,Africa,2015,23.5,13.7,34.5,,685.968933105,345.393249512,1130.028076172
GAB,AFR,Africa,2016,22.8,13.2,33.7,,673.02734375,338.006622314,1108.227050781
GAB,AFR,Africa,2017,22.2,12.7,32.8,,660.472717285,330.078491211,1089.055786133
GAB,AFR,Africa,2018,21.9,12.6,32.5,,657.588806152,328.037475586,1083.385864258
GAB,AFR,Africa,2019,21.5,12.3,31.9,,645.273193359,321.215057373,1062.726074219
GAB,AFR,Africa,2020,19.2,10.8,28.8,"For this geography and year, some non-communicable disease deaths may be included in a separate category called ""other pandemic-related mortality"" due to lack of vital registration data. Estimates of this indicator for 2020 and 2021 may be underestimated, and need to be interpreted with caution.",563.022216797,279.304534912,929.595275879
GAB,AFR,Africa,2021,18.1,10.2,27.3,"For this geography and year, some non-communicable disease deaths may be included in a separate category called ""other pandemic-related mortality"" due to lack of vital registration data. Estimates of this indicator for 2020 and 2021 may be underestimated, and need to be interpreted with caution.",532.737243652,262.829620361,879.55279541
GBR,EUR,Europe,2000,16.5,16.0,16.9,,447.422851563,397.746643066,492.192230225
GBR,EUR,Europe,2001,16.1,15.5,16.5,,460.630432129,406.877471924,507.90222168
GBR,EUR,Europe,2002,15.7,15.2,16.1,,456.107513428,402.309906006,503.731689453
GBR,EUR,Europe,2003,15.3,14.8,15.7,,451.713165283,397.329193115,501.273651123
GBR,EUR,Europe,2004,14.6,14.1,15.0,,429.121368408,376.578369141,478.426269531
GBR,EUR,Europe,2005,14.2,13.7,14.6,,418.327362061,366.434265137,467.515838623
GBR,EUR,Europe,2006,13.8,13.4,14.2,,404.677307129,354.145568848,453.355804443
GBR,EUR,Europe,2007,13.5,13.1,13.9,,398.587738037,348.536743164,448.260040283
GBR,EUR,Europe,2008,13.2,12.7,13.6,,394.204742432,343.965209961,444.906280518
GBR,EUR,Europe,2009,12.6,12.2,13.0,,375.928436279,327.291015625,425.994415283
GBR,EUR,Europe,2010,12.4,12.0,12.8,,371.953979492,323.08972168,422.750061035
GBR,EUR,Europe,2011,11.9,11.5,12.3,,358.224945068,310.560272217,408.432891846
GBR,EUR,Europe,2012,11.7,11.2,12.1,,362.003570557,312.561248779,414.566864014
GBR,EUR,Europe,2013,11.5,11.1,11.9,,359.862243652,310.331756592,413.314239502
GBR,EUR,Europe,2014,11.3,10.8,11.6,,348.740997314,300.423522949,401.780517578
GBR,EUR,Europe,2015,11.3,10.8,11.7,,357.710571289,307.510742188,413.070831299
GBR,EUR,Europe,2016,11.3,10.8,11.6,,352.030700684,303.090057373,406.293029785
GBR,EUR,Europe,2017,11.0,10.6,11.4,,349.173034668,300.18069458,403.844451904
GBR,EUR,Europe,2018,11.3,10.8,11.7,,356.820831299,307.454101563,412.593963623
GBR,EUR,Europe,2019,10.7,10.2,11.1,,336.90020752,290.033599854,390.754974365
GBR,EUR,Europe,2020,10.8,10.3,11.3,,341.850189209,293.830963135,401.156951904
GBR,EUR,Europe,2021,11.0,10.5,11.5,,342.34576416,294.927032471,403.864135742
GEO,EUR,Europe,2000,26.0,22.0,28.9,,739.083496094,572.291259766,830.153381348
GEO,EUR,Europe,2001,25.4,22.0,27.6,,703.520751953,549.672790527,773.326721191
GEO,EUR,Europe,2002,29.0,25.6,31.1,,825.573303223,649.336914063,892.737243652
GEO,EUR,Europe,2003,27.7,24.4,29.7,,824.086730957,643.608581543,891.335876465
GEO,EUR,Europe,2004,27.0,23.8,29.0,,828.012207031,650.482971191,902.610961914
GEO,EUR,Europe,2005,25.8,22.8,27.8,,711.686462402,560.953552246,787.920410156
GEO,EUR,Europe,2006,26.5,23.4,28.6,,726.073364258,570.133850098,812.043395996
GEO,EUR,Europe,2007,26.3,23.3,28.5,,692.771118164,545.405639648,777.889465332
GEO,EUR,Europe,2008,27.0,23.8,29.5,,699.128173828,552.119262695,782.556884766
GEO,EUR,Europe,2009,31.4,27.9,34.2,,773.383117676,610.76361084,862.915222168
GEO,EUR,Europe,2010,28.2,24.9,30.7,,774.621948242,612.196899414,868.986633301
GEO,EUR,Europe,2011,25.9,22.8,28.5,,772.828979492,613.688293457,878.541259766
GEO,EUR,Europe,2012,25.3,22.3,27.9,,740.366271973,594.190612793,849.116394043
GEO,EUR,Europe,2013,24.3,21.4,27.0,,717.151062012,579.016235352,832.086791992
GEO,EUR,Europe,2014,24.2,21.3,26.9,,715.170654297,580.236206055,831.908203125
GEO,EUR,Europe,2015,24.4,21.4,27.1,,705.375976563,572.061828613,822.209777832
GEO,EUR,Europe,2016,24.5,21.5,27.3,,703.598754883,569.808227539,822.649963379
GEO,EUR,Europe,2017,22.9,20.0,25.6,,659.306274414,532.146789551,772.641662598
GEO,EUR,Europe,2018,22.8,20.0,25.5,,634.306518555,508.665557861,743.004943848
GEO,EUR,Europe,2019,22.4,19.5,25.0,,622.251464844,494.569488525,726.416259766
GEO,EUR,Europe,2020,22.6,19.5,25.5,,622.173095703,490.583740234,725.455871582
GEO,EUR,Europe,2021,22.1,18.6,25.4,,628.517578125,480.246368408,748.37713623
GHA,AFR,Africa,2000,24.5,15.5,33.6,,622.339294434,374.805145264,954.733154297
GHA,AFR,Africa,2001,25.1,15.9,34.2,,638.068237305,385.863525391,978.587036133
GHA,AFR,Africa,2002,25.2,15.9,34.2,,645.273193359,390.813934326,989.446899414
GHA,AFR,Africa,2003,25.3,16.0,34.2,,651.620727539,395.886047363,997.534545898
GHA,AFR,Africa,2004,25.2,16.0,33.9,,651.787963867,396.419281006,996.547302246
GHA,AFR,Africa,2005,25.2,16.0,33.7,,652.095275879,397.304992676,996.195678711
GHA,AFR,Africa,2006,25.2,16.0,33.7,,655.749694824,400.159118652,1000.957580566
GHA,AFR,Africa,2007,25.4,16.2,34.0,,658.7421875,401.658416748,1005.444702148
GHA,AFR,Africa,2008,25.5,16.2,34.3,,665.635375977,404.795501709,1017.735534668
GHA,AFR,Africa,2009,25.7,16.4,34.6,,670.61315918,406.818084717,1025.692260742
GHA,AFR,Africa,2010,25.4,16.3,34.5,,664.526000977,403.001068115,1016.041320801
GHA,AFR,Africa,2011,25.4,16.4,34.7,,665.615539551,402.328125,1018.03704834
GHA,AFR,Africa,2012,25.0,16.2,34.5,,657.205078125,395.4815979,1006.188903809
GHA,AFR,Africa,2013,24.7,16.1,34.4,,652.74395752,390.414794922,1001.757995605
GHA,AFR,Africa,2014,24.4,16.0,34.4,,646.120300293,383.359680176,995.640563965
GHA,AFR,Africa,2015,24.2,15.9,34.5,,643.397827148,378.467071533,994.66784668
GHA,AFR,Africa,2016,23.9,15.8,34.6,,637.259643555,371.480621338,990.30847168
GHA,AFR,Africa,2017,23.6,15.6,34.6,,632.306335449,365.68536377,988.745788574
GHA,AFR,Africa,2018,23.2,15.3,34.4,,625.506225586,358.685455322,982.839355469
GHA,AFR,Africa,2019,22.8,15.0,34.1,,619.266662598,352.429504395,978.058410645
GHA,AFR,Africa,2020,22.8,15.0,34.2,"For this geography and year, some non-communicable disease deaths may be included in a separate category called ""other pandemic-related mortality"" due to lack of vital registration data. Estimates of this indicator for 2020 and 2021 may be underestimated, and need to be interpreted with caution.",619.864501953,351.698394775,981.251831055
GHA,AFR,Africa,2021,22.2,14.5,33.5,"For this geography and year, some non-communicable disease deaths may be included in a separate category called ""other pandemic-related mortality"" due to lack of vital registration data. Estimates of this indicator for 2020 and 2021 may be underestimated, and need to be interpreted with caution.",606.380615234,340.274780273,962.61895752
GIN,AFR,Africa,2000,24.1,15.0,34.8,,606.860229492,338.305358887,995.782653809
GIN,AFR,Africa,2001,24.5,15.3,35.5,,616.397094727,344.849487305,1009.51159668
GIN,AFR,Africa,2002,24.9,15.5,36.0,,631.70715332,352.65826416,1034.520751953
GIN,AFR,Africa,2003,25.0,15.5,36.1,,637.353393555,355.599700928,1041.245727539
GIN,AFR,Africa,2004,25.2,15.6,36.3,,642.69152832,358.738311768,1046.694824219
GIN,AFR,Africa,2005,24.9,15.4,35.8,,636.703857422,355.932342529,1034.065795898
GIN,AFR,Africa,2006,25.5,15.7,36.7,,653.993774414,365.795532227,1061.190429688
GIN,AFR,Africa,2007,25.8,15.9,37.0,,661.365661621,370.674407959,1071.510375977
GIN,AFR,Africa,2008,25.9,16.0,37.1,,666.65234375,373.989379883,1079.477416992
GIN,AFR,Africa,2009,25.9,15.9,36.9,,663.92791748,372.266815186,1074.552612305
GIN,AFR,Africa,2010,26.4,16.2,37.6,,682.447631836,383.258453369,1102.904541016
GIN,AFR,Africa,2011,26.3,16.1,37.5,,679.846374512,381.232513428,1099.583251953
GIN,AFR,Africa,2012,26.2,15.9,37.4,,676.368713379,378.5675354,1095.784423828
GIN,AFR,Africa,2013,25.9,15.7,37.1,,671.223754883,374.547912598,1088.662353516
GIN,AFR,Africa,2014,25.9,15.5,37.0,,669.503295898,372.027954102,1086.7578125
GIN,AFR,Africa,2015,25.8,15.3,36.8,,669.006408691,369.168334961,1088.036132813
GIN,AFR,Africa,2016,25.5,15.0,36.6,,661.951538086,364.594268799,1079.062988281
GIN,AFR,Africa,2017,25.3,14.8,36.4,,656.487304688,360.066741943,1073.571533203
GIN,AFR,Africa,2018,24.9,14.6,36.1,,647.789306641,354.764221191,1061.117919922
GIN,AFR,Africa,2019,24.5,14.5,36.0,,643.281066895,351.602844238,1054.516113281
GIN,AFR,Africa,2020,24.4,14.5,36.0,"For this geography and year, some non-communicable disease deaths may be included in a separate category called ""other pandemic-related mortality"" due to lack of vital registration data. Estimates of this indicator for 2020 and 2021 may be underestimated, and need to be interpreted with caution.",643.188476563,350.596954346,1054.099609375
GIN,AFR,Africa,2021,23.6,13.9,35.0,"For this geography and year, some non-communicable disease deaths may be included in a separate category called ""other pandemic-related mortality"" due to lack of vital registration data. Estimates of this indicator for 2020 and 2021 may be underestimated, and need to be interpreted with caution.",617.583496094,333.847381592,1011.608459473
GMB,AFR,Africa,2000,24.0,15.7,37.1,,656.497619629,413.681060791,1243.738891602
GMB,AFR,Africa,2001,24.2,15.7,37.0,,659.414123535,421.156311035,1266.13269043
GMB,AFR,Africa,2002,24.3,15.7,36.9,,664.579956055,432.945556641,1293.681396484
GMB,AFR,Africa,2003,24.4,15.5,36.7,,665.435668945,434.350616455,1295.349365234
GMB,AFR,Africa,2004,24.6,15.6,36.6,,671.659057617,433.335418701,1288.544189453
GMB,AFR,Africa,2005,24.2,15.2,35.7,,661.477600098,422.762634277,1252.812011719
GMB,AFR,Africa,2006,23.6,14.5,34.4,,645.481445313,408.396118164,1208.917358398
GMB,AFR,Africa,2007,23.5,14.3,34.0,,643.282165527,402.356079102,1190.080566406
GMB,AFR,Africa,2008,23.6,14.0,33.7,,646.821777344,399.1434021,1186.454101563
GMB,AFR,Africa,2009,23.4,13.7,33.2,,645.505065918,393.413360596,1173.806396484
GMB,AFR,Africa,2010,22.8,13.1,32.2,,629.097290039,378.832183838,1136.776367188
GMB,AFR,Africa,2011,23.0,12.8,32.5,,635.292480469,375.240020752,1142.725219727
GMB,AFR,Africa,2012,23.1,12.6,32.5,,640.466918945,372.691558838,1145.854003906
GMB,AFR,Africa,2013,22.9,12.4,31.9,,638.081848145,368.696624756,1132.192260742
GMB,AFR,Africa,2014,23.1,12.5,31.8,,646.050354004,369.235717773,1135.395385742
GMB,AFR,Africa,2015,23.0,12.2,31.6,,645.174560547,361.589569092,1129.53918457
GMB,AFR,Africa,2016,23.0,12.2,31.2,,644.263244629,358.437652588,1113.712890625
GMB,AFR,Africa,2017,23.1,12.2,31.2,,646.274658203,356.67288208,1105.264892578
GMB,AFR,Africa,2018,22.9,12.0,30.8,,640.493103027,348.551574707,1088.969970703
GMB,AFR,Africa,2019,23.0,12.0,30.8,,644.629577637,347.992279053,1085.989990234
GMB,AFR,Africa,2020,22.9,12.0,30.6,"For this geography and year, some non-communicable disease deaths may be included in a separate category called ""other pandemic-related mortality"" due to lack of vital registration data. Estimates of this indicator for 2020 and 2021 may be underestimated, and need to be interpreted with caution.",648.080749512,345.970733643,1079.404663086
GMB,AFR,Africa,2021,21.8,11.3,29.5,"For this geography and year, some non-communicable disease deaths may be included in a separate category called ""other pandemic-related mortality"" due to lack of vital registration data. Estimates of this indicator for 2020 and 2021 may be underestimated, and need to be interpreted with caution.",610.442260742,318.155395508,1009.17388916
GNB,AFR,Africa,2000,33.0,19.8,45.7,,855.557312012,468.758514404,1410.698364258
GNB,AFR,Africa,2001,32.1,19.3,44.5,,837.580322266,456.642150879,1380.709228516
GNB,AFR,Africa,2002,31.0,18.5,42.8,,812.271789551,442.671112061,1332.430908203
GNB,AFR,Africa,2003,30.8,18.3,42.4,,791.849731445,430.93081665,1290.410400391
GNB,AFR,Africa,2004,30.7,18.3,42.1,,797.788574219,432.454803467,1295.189575195
GNB,AFR,Africa,2005,29.4,17.4,40.4,,765.554016113,413.461486816,1243.129760742
GNB,AFR,Africa,2006,29.2,17.3,40.1,,767.063842773,413.916046143,1241.141723633
GNB,AFR,Africa,2007,28.9,17.2,39.6,,757.454467773,408.858612061,1219.456176758
GNB,AFR,Africa,2008,28.4,16.8,38.9,,747.647705078,403.047698975,1198.80847168
GNB,AFR,Africa,2009,28.4,16.9,38.9,,748.841430664,403.689178467,1196.873657227
GNB,AFR,Africa,2010,28.1,16.6,38.6,,738.692016602,397.193054199,1177.706054688
GNB,AFR,Africa,2011,27.4,16.2,37.8,,720.159301758,386.870910645,1146.123779297
GNB,AFR,Africa,2012,26.9,15.8,37.2,,704.111877441,377.091156006,1119.495727539
GNB,AFR,Africa,2013,26.6,15.7,36.9,,698.698486328,374.064086914,1109.963134766
GNB,AFR,Africa,2014,26.7,15.8,37.1,,704.254760742,375.604125977,1114.384277344
GNB,AFR,Africa,2015,26.9,15.9,37.3,,710.747436523,377.596435547,1122.432861328
GNB,AFR,Africa,2016,26.6,15.7,37.0,,700.606994629,370.623046875,1105.294433594
GNB,AFR,Africa,2017,26.4,15.6,36.9,,694.670654297,366.037384033,1094.445922852
GNB,AFR,Africa,2018,25.7,15.1,36.0,,672.665283203,353.813598633,1059.103271484
GNB,AFR,Africa,2019,26.1,15.5,36.6,,689.938476563,362.654266357,1080.813476563
GNB,AFR,Africa,2020,26.8,16.0,37.4,"For this geography and year, some non-communicable disease deaths may be included in a separate category called ""other pandemic-related mortality"" due to lack of vital registration data. Estimates of this indicator for 2020 and 2021 may be underestimated, and need to be interpreted with caution.",709.871276855,372.195343018,1106.977416992
GNB,AFR,Africa,2021,25.3,14.9,35.7,"For this geography and year, some non-communicable disease deaths may be included in a separate category called ""other pandemic-related mortality"" due to lack of vital registration data. Estimates of this indicator for 2020 and 2021 may be underestimated, and need to be interpreted with caution.",649.418151855,336.137969971,1016.553344727
GNQ,AFR,Africa,2000,27.9,15.6,40.4,,750.483215332,356.566497803,1204.61328125
GNQ,AFR,Africa,2001,26.1,14.0,37.4,,703.855834961,326.066864014,1112.310668945
GNQ,AFR,Africa,2002,24.4,12.5,34.5,,665.557250977,299.626495361,1034.051513672
GNQ,AFR,Africa,2003,24.0,11.8,33.1,,654.778991699,285.812469482,996.287841797
GNQ,AFR,Africa,2004,23.2,10.9,31.4,,632.600036621,266.733520508,940.346191406
GNQ,AFR,Africa,2005,22.1,10.1,30.0,,608.846313477,253.633621216,903.698791504
GNQ,AFR,Africa,2006,21.1,9.6,28.9,,588.613830566,248.720123291,890.552307129
GNQ,AFR,Africa,2007,20.2,9.2,28.1,,567.712280273,244.605133057,879.150878906
GNQ,AFR,Africa,2008,20.4,9.4,28.5,,567.43157959,251.31678772,902.319763184
GNQ,AFR,Africa,2009,20.2,9.1,28.4,,564.38885498,256.093780518,931.912658691
GNQ,AFR,Africa,2010,20.2,9.1,28.7,,566.338134766,264.522857666,973.106201172
GNQ,AFR,Africa,2011,20.2,9.0,28.5,,563.948791504,265.04006958,985.015441895
GNQ,AFR,Africa,2012,19.9,8.7,28.0,,555.963317871,258.641906738,965.591247559
GNQ,AFR,Africa,2013,18.8,8.3,26.3,,530.451538086,246.012176514,911.219848633
GNQ,AFR,Africa,2014,18.5,8.1,25.8,,521.379455566,239.474075317,886.191894531
GNQ,AFR,Africa,2015,19.1,8.3,26.8,,535.961303711,240.85899353,902.099731445
GNQ,AFR,Africa,2016,19.8,8.7,27.7,,548.275878906,242.399032593,910.217407227
GNQ,AFR,Africa,2017,20.2,9.0,28.3,,569.512878418,250.11390686,932.101501465
GNQ,AFR,Africa,2018,21.0,9.5,29.4,,592.176147461,258.152709961,954.198974609
GNQ,AFR,Africa,2019,21.1,9.6,29.6,,592.095703125,255.582214355,945.489685059
GNQ,AFR,Africa,2020,21.1,9.6,29.3,"For this geography and year, some non-communicable disease deaths may be included in a separate category called ""other pandemic-related mortality"" due to lack of vital registration data. Estimates of this indicator for 2020 and 2021 may be underestimated, and need to be interpreted with caution.",598.224182129,257.203216553,942.87890625
GNQ,AFR,Africa,2021,20.3,9.3,28.2,"For this geography and year, some non-communicable disease deaths may be included in a separate category called ""other pandemic-related mortality"" due to lack of vital registration data. Estimates of this indicator for 2020 and 2021 may be underestimated, and need to be interpreted with caution.",570.388916016,242.190841675,882.62512207
GRC,EUR,Europe,2000,15.0,13.6,17.2,,452.358032227,378.813842773,554.785217285
GRC,EUR,Europe,2001,14.6,13.3,16.8,,436.921600342,364.823059082,534.33190918
GRC,EUR,Europe,2002,14.3,12.9,16.4,,433.051483154,361.502258301,529.887939453
GRC,EUR,Europe,2003,14.3,12.8,16.3,,429.25769043,358.555328369,525.886291504
GRC,EUR,Europe,2004,14.2,12.8,16.2,,420.221893311,350.247650146,515.257385254
GRC,EUR,Europe,2005,13.6,12.2,15.5,,409.025604248,339.106201172,501.342681885
GRC,EUR,Europe,2006,13.4,12.0,15.2,,401.082061768,330.124084473,490.340423584
GRC,EUR,Europe,2007,13.7,12.2,15.5,,407.535949707,334.85043335,496.499298096
GRC,EUR,Europe,2008,13.3,11.7,14.9,,390.31137085,317.864624023,476.969451904
GRC,EUR,Europe,2009,13.1,11.5,14.7,,382.509796143,309.777801514,465.810272217
GRC,EUR,Europe,2010,12.9,11.3,14.4,,377.687225342,303.402984619,458.885253906
GRC,EUR,Europe,2011,13.0,11.4,14.5,,374.281555176,299.153289795,453.161407471
GRC,EUR,Europe,2012,13.2,11.6,14.9,,380.890197754,302.974090576,461.042541504
GRC,EUR,Europe,2013,12.9,11.3,14.5,,358.627227783,283.364135742,434.802246094
GRC,EUR,Europe,2014,12.5,11.0,14.1,,347.273223877,272.391601563,421.353027344
GRC,EUR,Europe,2015,12.7,11.1,14.3,,357.366271973,278.774261475,433.433044434
GRC,EUR,Europe,2016,12.3,10.7,13.8,,345.297180176,268.375030518,418.628479004
GRC,EUR,Europe,2017,12.3,10.7,13.8,,352.818115234,272.533355713,427.076049805
GRC,EUR,Europe,2018,11.9,10.3,13.5,,338.946960449,260.906097412,410.107879639
GRC,EUR,Europe,2019,12.0,10.3,13.5,,343.268310547,262.485565186,415.237915039
GRC,EUR,Europe,2020,12.0,10.3,13.6,,343.16809082,260.57989502,414.401916504
GRC,EUR,Europe,2021,12.0,10.3,13.6,,347.121490479,262.247436523,418.342834473
GRD,AMR,Americas,2000,23.5,19.5,27.6,,690.830932617,541.058166504,839.246643066
GRD,AMR,Americas,2001,22.5,18.7,26.4,,697.418334961,549.782043457,847.645568848
GRD,AMR,Americas,2002,22.6,18.8,26.6,,738.370788574,585.167236328,895.659729004
GRD,AMR,Americas,2003,22.9,19.1,26.8,,786.625244141,625.753723145,953.041748047
GRD,AMR,Americas,2004,22.3,18.5,25.9,,836.852294922,665.940063477,1008.046264648
GRD,AMR,Americas,2005,21.5,17.8,24.9,,863.980957031,685.631652832,1032.856933594
GRD,AMR,Americas,2006,21.0,17.2,24.3,,866.766357422,684.163391113,1031.610473633
GRD,AMR,Americas,2007,20.8,17.0,24.0,,856.352600098,672.512756348,1018.473632813
GRD,AMR,Americas,2008,20.9,17.0,23.9,,847.044555664,664.472961426,1004.23425293
GRD,AMR,Americas,2009,21.4,17.4,24.5,,866.813293457,677.910522461,1029.273803711
GRD,AMR,Americas,2010,22.5,18.2,25.7,,845.73425293,659.089172363,1003.387939453
GRD,AMR,Americas,2011,22.7,18.5,25.9,,710.263366699,552.187561035,848.06817627
GRD,AMR,Americas,2012,22.7,18.6,26.0,,659.282287598,508.761871338,792.236999512
GRD,AMR,Americas,2013,22.3,18.3,25.6,,654.258728027,503.07119751,784.833129883
GRD,AMR,Americas,2014,22.3,18.2,25.7,,662.566955566,507.397613525,796.678344727
GRD,AMR,Americas,2015,22.6,18.5,26.1,,660.520874023,501.832458496,793.022583008
GRD,AMR,Americas,2016,22.5,18.4,26.2,,674.702758789,511.822296143,811.50793457
GRD,AMR,Americas,2017,22.7,18.5,26.4,,669.081054688,504.127563477,805.822570801
GRD,AMR,Americas,2018,22.5,18.2,26.4,,657.10168457,492.225067139,792.455444336
GRD,AMR,Americas,2019,22.6,18.2,26.7,,667.23828125,495.664276123,806.786315918
GRD,AMR,Americas,2020,17.3,13.8,20.7,,530.056213379,390.282592773,643.724121094
GRD,AMR,Americas,2021,17.1,13.3,20.8,,465.139526367,337.954559326,575.915588379
GTM,AMR,Americas,2000,13.9,12.1,16.3,,480.388366699,398.956939697,630.874206543
GTM,AMR,Americas,2001,13.5,11.7,15.9,,478.722717285,399.344970703,635.131713867
GTM,AMR,Americas,2002,13.3,11.5,15.6,,463.044281006,389.340881348,619.825744629
GTM,AMR,Americas,2003,13.9,12.0,16.3,,471.34765625,399.822784424,637.86529541
GTM,AMR,Americas,2004,14.0,12.1,16.5,,471.627258301,404.687713623,646.236938477
GTM,AMR,Americas,2005,14.5,12.6,17.0,,487.114257813,423.731292725,674.511657715
GTM,AMR,Americas,2006,14.4,12.5,16.8,,477.004577637,419.373168945,666.022216797
GTM,AMR,Americas,2007,14.0,12.1,16.3,,446.268798828,394.811584473,629.81262207
GTM,AMR,Americas,2008,13.6,11.7,15.9,,442.725738525,390.399200439,628.293029785
GTM,AMR,Americas,2009,14.3,12.2,16.7,,465.866027832,409.856567383,659.139587402
GTM,AMR,Americas,2010,14.7,12.5,17.1,,477.794158936,420.004730225,677.035705566
GTM,AMR,Americas,2011,14.7,12.5,17.1,,476.496887207,419.635375977,675.763427734
GTM,AMR,Americas,2012,14.9,12.6,17.2,,476.928253174,418.622009277,676.72668457
GTM,AMR,Americas,2013,15.3,12.9,17.8,,490.301025391,429.91293335,696.589172363
GTM,AMR,Americas,2014,15.3,13.0,17.7,,493.266235352,432.386199951,701.743591309
GTM,AMR,Americas,2015,15.7,13.3,18.2,,500.590637207,438.732574463,712.933410645
GTM,AMR,Americas,2016,15.8,13.4,18.3,,498.339141846,437.219421387,711.459960938
GTM,AMR,Americas,2017,15.2,12.9,17.6,,490.142791748,431.533752441,704.245605469
GTM,AMR,Americas,2018,15.8,13.3,18.2,,492.627746582,432.491973877,706.858337402
GTM,AMR,Americas,2019,15.5,13.1,18.0,,498.671600342,440.00692749,719.823913574
GTM,AMR,Americas,2020,16.0,13.2,18.9,"For this geography and year, some non-communicable disease deaths may be included in a separate category called ""other pandemic-related mortality"" due to lack of vital registration data. Estimates of this indicator for 2020 and 2021 may be underestimated, and need to be interpreted with caution.",499.173156738,431.02444458,737.438354492
GTM,AMR,Americas,2021,14.6,11.4,18.0,"For this geography and year, some non-communicable disease deaths may be included in a separate category called ""other pandemic-related mortality"" due to lack of vital registration data. Estimates of this indicator for 2020 and 2021 may be underestimated, and need to be interpreted with caution.",438.242614746,368.896728516,675.057312012
GUY,AMR,Americas,2000,32.1,26.6,37.2,,822.343933105,628.209838867,1019.188781738
GUY,AMR,Americas,2001,31.2,25.8,36.1,,807.483276367,620.729980469,992.216430664
GUY,AMR,Americas,2002,31.4,26.0,36.2,,819.047912598,630.489685059,1002.345458984
GUY,AMR,Americas,2003,31.5,26.2,36.4,,828.267333984,639.33972168,1012.627685547
GUY,AMR,Americas,2004,31.2,25.9,36.0,,825.924438477,640.481201172,1011.50012207
GUY,AMR,Americas,2005,30.9,25.6,35.7,,818.142700195,636.423095703,1006.43951416
GUY,AMR,Americas,2006,30.9,25.6,35.8,,810.844299316,632.48248291,1003.382873535
GUY,AMR,Americas,2007,30.5,25.4,35.2,,789.446838379,619.307739258,978.733398438
GUY,AMR,Americas,2008,30.8,25.6,35.6,,790.343139648,621.020812988,981.956970215
GUY,AMR,Americas,2009,30.4,25.1,35.1,,776.112426758,608.922241211,966.117919922
GUY,AMR,Americas,2010,29.9,24.6,34.7,,764.266296387,597.167297363,955.151245117
GUY,AMR,Americas,2011,29.6,24.3,34.4,,758.423828125,589.033752441,950.36541748
GUY,AMR,Americas,2012,29.3,24.0,34.3,,753.881713867,583.812011719,951.772033691
GUY,AMR,Americas,2013,29.3,23.8,34.6,,753.685302734,581.4765625,963.215576172
GUY,AMR,Americas,2014,29.1,23.3,34.9,,746.854492188,568.52911377,967.235473633
GUY,AMR,Americas,2015,28.9,22.7,35.1,,737.241210938,551.185791016,966.187316895
GUY,AMR,Americas,2016,28.1,21.7,34.7,,709.669616699,522.037414551,940.131347656
GUY,AMR,Americas,2017,27.4,20.9,34.3,,683.272644043,496.000213623,913.84161377
GUY,AMR,Americas,2018,26.9,20.2,33.9,,659.653869629,476.590545654,894.846679688
GUY,AMR,Americas,2019,27.8,20.6,35.3,,676.839599609,485.318786621,929.190856934
GUY,AMR,Americas,2020,29.7,22.0,37.9,,705.127258301,497.685455322,974.108703613
GUY,AMR,Americas,2021,25.4,18.5,33.0,,544.565490723,377.479644775,765.628295898
HND,AMR,Americas,2000,17.0,10.7,25.7,,553.713867188,324.19140625,926.248352051
HND,AMR,Americas,2001,16.9,10.6,25.7,,551.018310547,321.205169678,922.845397949
HND,AMR,Americas,2002,16.9,10.5,25.7,,550.656982422,320.17956543,924.191711426
HND,AMR,Americas,2003,17.2,10.7,26.2,,556.998168945,323.118530273,936.522155762
HND,AMR,Americas,2004,17.5,10.8,26.6,,558.658630371,323.565948486,941.400390625
HND,AMR,Americas,2005,17.9,11.1,27.2,,566.578369141,328.052825928,956.769348145
HND,AMR,Americas,2006,18.0,11.1,27.4,,567.584106445,328.762115479,959.754394531
HND,AMR,Americas,2007,17.9,11.0,27.2,,562.869628906,326.324157715,954.138122559
HND,AMR,Americas,2008,17.7,10.9,27.0,,561.089660645,326.005340576,952.23614502
HND,AMR,Americas,2009,17.6,10.9,26.9,,561.280212402,326.645385742,951.430053711
HND,AMR,Americas,2010,17.7,10.9,27.0,,570.270080566,332.250305176,966.012756348
HND,AMR,Americas,2011,18.0,11.1,27.4,,590.016906738,343.413116455,999.348388672
HND,AMR,Americas,2012,21.5,13.5,32.1,,673.56842041,389.889801025,1141.99621582
HND,AMR,Americas,2013,21.6,13.5,32.2,,673.096008301,389.269683838,1144.978637695
HND,AMR,Americas,2014,21.7,13.6,32.4,,676.07623291,390.558380127,1153.619628906
HND,AMR,Americas,2015,22.0,13.8,32.7,,682.57989502,393.593139648,1168.371826172
HND,AMR,Americas,2016,20.5,12.8,30.6,,635.843383789,369.806091309,1086.176879883
HND,AMR,Americas,2017,20.7,13.0,30.9,,639.425048828,372.211273193,1092.480224609
HND,AMR,Americas,2018,20.4,12.8,30.5,,627.677001953,366.448577881,1073.522827148
HND,AMR,Americas,2019,20.3,12.8,30.3,,622.248352051,364.76348877,1063.125244141
HND,AMR,Americas,2020,19.6,12.5,29.2,"For this geography and year, some non-communicable disease deaths may be included in a separate category called ""other pandemic-related mortality"" due to lack of vital registration data. Estimates of this indicator for 2020 and 2021 may be underestimated, and need to be interpreted with caution.",609.435852051,360.411804199,1037.718261719
HND,AMR,Americas,2021,17.8,11.4,26.9,"For this geography and year, some non-communicable disease deaths may be included in a separate category called ""other pandemic-related mortality"" due to lack of vital registration data. Estimates of this indicator for 2020 and 2021 may be underestimated, and need to be interpreted with caution.",556.023071289,329.371520996,948.845947266
HRV,EUR,Europe,2000,22.6,19.7,26.2,,600.062927246,524.696777344,766.884033203
HRV,EUR,Europe,2001,22.1,19.6,25.1,,591.780334473,523.266479492,741.577148438
HRV,EUR,Europe,2002,21.8,19.3,24.7,,595.77355957,526.061218262,745.820251465
HRV,EUR,Europe,2003,21.6,19.2,24.5,,608.593688965,537.318054199,759.098693848
HRV,EUR,Europe,2004,20.2,17.8,22.9,,560.396728516,488.275085449,695.899353027
HRV,EUR,Europe,2005,20.4,17.9,23.0,,572.902954102,495.04498291,706.894104004
HRV,EUR,Europe,2006,19.5,17.1,22.1,,550.296508789,471.739501953,675.035522461
HRV,EUR,Europe,2007,19.5,17.2,22.1,,558.421142578,477.501190186,682.434326172
HRV,EUR,Europe,2008,19.4,17.1,22.1,,549.570556641,468.159240723,669.676086426
HRV,EUR,Europe,2009,18.7,16.5,21.4,,540.638305664,458.824829102,659.158325195
HRV,EUR,Europe,2010,18.3,16.2,21.0,,528.842590332,447.779663086,644.838745117
HRV,EUR,Europe,2011,18.0,15.9,20.7,,510.246887207,431.610229492,623.191345215
HRV,EUR,Europe,2012,17.6,15.6,20.3,,502.860412598,425.110473633,615.229736328
HRV,EUR,Europe,2013,17.0,14.9,19.6,,481.771575928,406.024200439,592.130126953
HRV,EUR,Europe,2014,16.8,14.8,19.4,,474.544036865,400.361938477,585.704528809
HRV,EUR,Europe,2015,17.2,15.1,19.9,,494.965759277,418.250762939,612.760620117
HRV,EUR,Europe,2016,16.6,14.4,19.2,,461.777435303,387.928405762,576.687316895
HRV,EUR,Europe,2017,16.5,14.3,19.1,,466.574920654,393.464111328,587.086425781
HRV,EUR,Europe,2018,16.5,14.3,19.3,,461.494689941,388.003723145,585.432189941
HRV,EUR,Europe,2019,15.9,13.7,18.7,,449.60269165,376.680328369,575.75994873
HRV,EUR,Europe,2020,15.8,13.3,18.7,,451.091796875,374.162414551,584.593139648
HRV,EUR,Europe,2021,15.9,13.0,19.3,,461.020996094,371.901245117,603.368774414
HTI,AMR,Americas,2000,34.8,22.2,50.4,,934.698791504,533.105224609,1609.928588867
HTI,AMR,Americas,2001,34.6,21.9,50.1,,930.261230469,529.094543457,1606.784667969
HTI,AMR,Americas,2002,34.4,21.7,50.1,,927.548278809,526.625610352,1607.262573242
HTI,AMR,Americas,2003,34.5,21.6,50.2,,930.595275879,526.552062988,1615.546386719
HTI,AMR,Americas,2004,34.4,21.4,50.1,,926.695129395,523.05480957,1608.222045898
HTI,AMR,Americas,2005,34.5,21.3,50.1,,929.188415527,522.161437988,1616.097290039
HTI,AMR,Americas,2006,34.0,21.0,49.6,,917.130493164,514.222351074,1598.251098633
HTI,AMR,Americas,2007,33.8,20.8,49.5,,913.717041016,510.691314697,1596.771118164
HTI,AMR,Americas,2008,33.6,20.6,49.1,,905.593383789,505.297363281,1584.209228516
HTI,AMR,Americas,2009,33.4,20.4,49.0,,901.737548828,500.823547363,1578.527832031
HTI,AMR,Americas,2010,33.3,20.2,48.9,,888.232788086,495.719940186,1555.250366211
HTI,AMR,Americas,2011,33.2,20.1,49.0,,894.629394531,495.983520508,1573.705322266
HTI,AMR,Americas,2012,33.3,20.0,49.2,,895.432556152,493.499603271,1579.21081543
HTI,AMR,Americas,2013,33.2,19.9,49.1,,891.306762695,489.504150391,1572.431030273
HTI,AMR,Americas,2014,33.0,19.8,48.9,,884.454833984,484.639007568,1560.702026367
HTI,AMR,Americas,2015,33.1,19.8,49.0,,883.607055664,483.796966553,1558.876342773
HTI,AMR,Americas,2016,32.6,19.5,48.4,,870.673828125,476.781524658,1535.468994141
HTI,AMR,Americas,2017,32.4,19.4,48.2,,866.440856934,474.099761963,1528.738037109
HTI,AMR,Americas,2018,32.6,19.6,48.7,,870.932983398,474.571166992,1536.511108398
HTI,AMR,Americas,2019,32.7,19.7,48.9,,870.496582031,473.30090332,1535.570068359
HTI,AMR,Americas,2020,33.1,20.1,49.6,"For this geography and year, some non-communicable disease deaths may be included in a separate category called ""other pandemic-related mortality"" due to lack of vital registration data. Estimates of this indicator for 2020 and 2021 may be underestimated, and need to be interpreted with caution.",871.870788574,475.968536377,1537.251342773
HTI,AMR,Americas,2021,31.6,19.1,47.6,"For this geography and year, some non-communicable disease deaths may be included in a separate category called ""other pandemic-related mortality"" due to lack of vital registration data. Estimates of this indicator for 2020 and 2021 may be underestimated, and need to be interpreted with caution.",823.491638184,448.771362305,1457.08984375
HUN,EUR,Europe,2000,29.1,25.9,32.4,,772.311157227,654.669067383,919.881774902
HUN,EUR,Europe,2001,27.2,24.2,30.3,,711.757324219,602.397766113,848.343566895
HUN,EUR,Europe,2002,27.1,24.1,30.3,,709.832519531,600.622619629,845.821716309
HUN,EUR,Europe,2003,27.2,24.1,30.4,,720.874450684,609.974914551,858.17364502
HUN,EUR,Europe,2004,26.8,23.8,29.9,,695.002929688,587.49206543,826.571838379
HUN,EUR,Europe,2005,26.7,23.8,29.8,,706.675354004,598.945495605,839.869384766
HUN,EUR,Europe,2006,26.2,23.3,29.2,,676.628051758,572.024902344,805.288024902
HUN,EUR,Europe,2007,25.9,23.0,28.9,,672.645812988,568.493530273,801.264709473
HUN,EUR,Europe,2008,25.3,22.4,28.2,,645.833068848,544.83215332,770.962646484
HUN,EUR,Europe,2009,25.3,22.4,28.2,,637.756469727,539.130493164,762.018676758
HUN,EUR,Europe,2010,24.5,21.8,27.4,,625.355041504,528.370605469,748.112609863
HUN,EUR,Europe,2011,24.5,21.7,27.4,,609.629272461,514.555175781,729.779907227
HUN,EUR,Europe,2012,23.8,21.1,26.7,,604.666381836,509.085357666,724.639648438
HUN,EUR,Europe,2013,23.1,20.4,25.9,,583.370910645,490.174987793,699.81842041
HUN,EUR,Europe,2014,23.0,20.3,25.8,,575.89263916,483.308898926,691.45111084
HUN,EUR,Europe,2015,23.2,20.6,26.1,,589.084594727,494.725708008,707.681396484
HUN,EUR,Europe,2016,22.8,20.1,25.6,,565.196533203,472.583770752,679.782958984
HUN,EUR,Europe,2017,23.1,20.4,25.9,,577.192077637,482.242492676,693.786071777
HUN,EUR,Europe,2018,22.7,20.1,25.6,,569.448669434,474.995300293,685.326599121
HUN,EUR,Europe,2019,22.1,19.5,24.9,,556.290649414,461.995513916,670.758850098
HUN,EUR,Europe,2020,21.8,18.9,24.9,,557.275695801,456.207489014,679.794311523
HUN,EUR,Europe,2021,21.7,18.3,25.2,,548.773254395,438.011016846,684.192504883
IDN,WPR,Western Pacific,2000,25.9,20.2,31.9,,672.245788574,479.15914917,913.833740234
IDN,WPR,Western Pacific,2001,25.9,20.2,31.9,,674.739868164,481.676696777,916.464477539
IDN,WPR,Western Pacific,2002,26.0,20.3,32.2,,679.948486328,485.967163086,923.167785645
IDN,WPR,Western Pacific,2003,26.2,20.4,32.4,,684.762390137,490.534729004,930.43951416
IDN,WPR,Western Pacific,2004,26.3,20.4,32.6,,688.64831543,492.372528076,936.802001953
IDN,WPR,Western Pacific,2005,26.3,20.4,32.7,,692.465698242,496.04788208,941.043823242
IDN,WPR,Western Pacific,2006,26.2,20.3,32.6,,692.986450195,496.305328369,939.839782715
IDN,WPR,Western Pacific,2007,26.2,20.3,32.7,,695.59576416,498.67880249,944.182373047
IDN,WPR,Western Pacific,2008,26.2,20.2,32.7,,697.14465332,499.413299561,945.496948242
IDN,WPR,Western Pacific,2009,26.1,20.2,32.8,,696.606567383,499.942108154,945.709106445
IDN,WPR,Western Pacific,2010,26.0,20.0,32.8,,697.162841797,497.38369751,948.017822266
IDN,WPR,Western Pacific,2011,25.7,19.6,32.5,,690.976318359,492.419067383,943.504272461
IDN,WPR,Western Pacific,2012,25.5,19.3,32.4,,687.150024414,486.500457764,942.074645996
IDN,WPR,Western Pacific,2013,25.3,19.1,32.3,,681.756774902,479.970275879,938.655822754
IDN,WPR,Western Pacific,2014,25.1,18.8,32.2,,676.898742676,473.350646973,936.794921875
IDN,WPR,Western Pacific,2015,25.0,18.6,32.2,,673.980957031,469.33795166,938.208312988
IDN,WPR,Western Pacific,2016,24.7,18.3,32.0,,670.897338867,465.490722656,935.704956055
IDN,WPR,Western Pacific,2017,24.5,17.9,31.9,,666.020996094,458.478881836,931.271484375
IDN,WPR,Western Pacific,2018,24.3,17.7,31.8,,662.671142578,454.184753418,932.554626465
IDN,WPR,Western Pacific,2019,24.2,17.4,31.7,,659.870544434,449.957519531,932.388122559
IDN,WPR,Western Pacific,2020,23.8,17.0,31.3,"For this geography and year, some non-communicable disease deaths may be included in a separate category called ""other pandemic-related mortality"" due to lack of vital registration data. Estimates of this indicator for 2020 and 2021 may be underestimated, and need to be interpreted with caution.",648.11907959,441.997161865,917.41595459
IDN,WPR,Western Pacific,2021,21.9,15.4,29.1,"For this geography and year, some non-communicable disease deaths may be included in a separate category called ""other pandemic-related mortality"" due to lack of vital registration data. Estimates of this indicator for 2020 and 2021 may be underestimated, and need to be interpreted with caution.",591.980834961,401.444091797,838.719177246
IND,SEAR,South-East Asia,2000,22.9,18.5,28.8,,527.844970703,388.977508545,729.940734863
IND,SEAR,South-East Asia,2001,22.6,18.3,28.4,,519.662841797,386.336791992,717.17199707
IND,SEAR,South-East Asia,2002,22.5,18.4,28.3,,522.397766113,389.482147217,719.933166504
IND,SEAR,South-East Asia,2003,22.3,18.2,27.8,,531.122131348,398.81439209,728.092407227
IND,SEAR,South-East Asia,2004,21.5,17.6,27.2,,531.742492676,400.601928711,733.100708008
IND,SEAR,South-East Asia,2005,21.4,17.6,26.9,,528.735839844,400.254241943,724.322509766
IND,SEAR,South-East Asia,2006,21.7,17.9,27.2,,535.039916992,406.298034668,729.514404297
IND,SEAR,South-East Asia,2007,21.9,18.2,27.3,,553.828063965,423.037109375,750.33581543
IND,SEAR,South-East Asia,2008,22.1,18.3,27.5,,559.38873291,428.294769287,755.005859375
IND,SEAR,South-East Asia,2009,22.1,18.4,27.5,,547.750488281,420.992706299,737.195129395
IND,SEAR,South-East Asia,2010,22.6,18.9,28.0,,549.491333008,423.851318359,738.04888916
IND,SEAR,South-East Asia,2011,22.9,19.2,28.3,,556.163391113,430.237518311,743.524719238
IND,SEAR,South-East Asia,2012,22.9,19.2,28.2,,561.241394043,433.871490479,749.057800293
IND,SEAR,South-East Asia,2013,22.3,18.7,27.5,,580.742858887,449.05178833,773.395996094
IND,SEAR,South-East Asia,2014,22.0,18.4,27.5,,597.607666016,459.875061035,801.20123291
IND,SEAR,South-East Asia,2015,22.6,19.0,27.8,,587.028625488,455.313323975,786.34777832
IND,SEAR,South-East Asia,2016,22.8,19.2,28.1,,579.532653809,452.586212158,782.321166992
IND,SEAR,South-East Asia,2017,23.0,19.4,28.1,,576.848510742,452.819213867,776.535827637
IND,SEAR,South-East Asia,2018,23.6,20.0,29.0,,577.358337402,453.919433594,780.789611816
IND,SEAR,South-East Asia,2019,23.7,19.9,29.2,,575.789916992,450.23248291,784.53729248
IND,SEAR,South-East Asia,2020,23.3,19.3,28.9,"For this geography and year, some non-communicable disease deaths may be included in a separate category called ""other pandemic-related mortality"" due to lack of vital registration data. Estimates of this indicator for 2020 and 2021 may be underestimated, and need to be interpreted with caution.",567.336914063,441.200744629,781.783874512
IND,SEAR,South-East Asia,2021,23.6,19.3,29.4,"For this geography and year, some non-communicable disease deaths may be included in a separate category called ""other pandemic-related mortality"" due to lack of vital registration data. Estimates of this indicator for 2020 and 2021 may be underestimated, and need to be interpreted with caution.",553.348083496,424.683105469,764.556762695
IRL,EUR,Europe,2000,17.7,15.3,19.7,,514.757080078,424.002471924,621.556030273
IRL,EUR,Europe,2001,16.6,14.4,18.6,,485.772979736,397.743682861,588.788146973
IRL,EUR,Europe,2002,15.6,13.6,17.6,,468.819458008,382.441192627,569.745727539
IRL,EUR,Europe,2003,15.4,13.4,17.4,,449.069885254,365.024291992,547.064025879
IRL,EUR,Europe,2004,14.5,12.6,16.4,,435.426086426,352.648406982,532.06237793
IRL,EUR,Europe,2005,13.9,12.0,15.7,,413.362548828,333.015289307,507.746734619
IRL,EUR,Europe,2006,13.4,11.5,15.2,,409.390258789,328.317504883,505.871490479
IRL,EUR,Europe,2007,13.0,11.2,14.7,,405.851165771,324.432800293,502.96963501
IRL,EUR,Europe,2008,13.0,11.2,14.8,,394.721191406,314.65335083,490.679840088
IRL,EUR,Europe,2009,12.8,11.0,14.6,,392.935119629,311.821075439,489.788360596
IRL,EUR,Europe,2010,11.5,9.9,13.2,,359.014678955,282.057983398,449.905151367
IRL,EUR,Europe,2011,11.9,10.2,13.8,,368.651977539,288.961791992,462.478912354
IRL,EUR,Europe,2012,11.6,10.0,13.5,,369.556976318,288.372283936,464.233428955
IRL,EUR,Europe,2013,11.4,9.8,13.4,,365.286193848,283.829772949,459.952087402
IRL,EUR,Europe,2014,10.9,9.3,12.8,,350.048217773,270.574737549,441.339599609
IRL,EUR,Europe,2015,10.6,9.0,12.4,,349.84866333,268.50189209,442.028900146
IRL,EUR,Europe,2016,10.5,8.7,12.2,,339.719940186,259.085998535,429.417175293
IRL,EUR,Europe,2017,10.4,8.6,12.2,,335.193359375,252.73626709,425.642425537
IRL,EUR,Europe,2018,10.1,8.2,11.8,,330.824310303,248.084091187,423.294555664
IRL,EUR,Europe,2019,9.9,8.0,11.6,,325.394104004,241.691619873,421.107421875
IRL,EUR,Europe,2020,9.6,7.8,11.4,,317.155426025,233.842651367,412.400970459
IRL,EUR,Europe,2021,9.6,7.7,11.4,,307.132751465,223.645935059,401.31930542
IRN,EMR,Eastern Mediterranean,2000,18.9,16.0,21.0,,535.906311035,420.863006592,661.99609375
IRN,EMR,Eastern Mediterranean,2001,18.5,15.8,20.6,,525.123779297,413.553771973,645.418823242
IRN,EMR,Eastern Mediterranean,2002,18.2,15.5,20.2,,518.164123535,407.112335205,631.521606445
IRN,EMR,Eastern Mediterranean,2003,17.7,15.2,19.7,,505.711334229,396.193908691,613.195739746
IRN,EMR,Eastern Mediterranean,2004,17.5,15.0,19.5,,501.324462891,391.155944824,606.258483887
IRN,EMR,Eastern Mediterranean,2005,17.2,14.7,19.2,,492.042999268,382.421722412,592.922363281
IRN,EMR,Eastern Mediterranean,2006,16.9,14.5,19.0,,484.542541504,373.936248779,582.119750977
IRN,EMR,Eastern Mediterranean,2007,16.6,14.2,18.7,,477.847839355,367.348907471,572.86529541
IRN,EMR,Eastern Mediterranean,2008,16.2,13.8,18.2,,465.482879639,355.966491699,557.814025879
IRN,EMR,Eastern Mediterranean,2009,15.8,13.4,17.9,,456.118255615,346.524841309,546.182739258
IRN,EMR,Eastern Mediterranean,2010,15.2,12.8,17.3,,446.200561523,336.498199463,533.975830078
IRN,EMR,Eastern Mediterranean,2011,14.9,12.5,17.0,,437.694976807,328.078735352,524.97253418
IRN,EMR,Eastern Mediterranean,2012,14.9,12.4,17.0,,431.769317627,322.779541016,519.237304688
IRN,EMR,Eastern Mediterranean,2013,15.0,12.6,17.1,,435.422088623,326.985687256,523.317260742
IRN,EMR,Eastern Mediterranean,2014,15.2,12.8,17.3,,439.855804443,330.325073242,528.70892334
IRN,EMR,Eastern Mediterranean,2015,15.3,12.9,17.5,,444.707336426,335.649627686,534.31072998
IRN,EMR,Eastern Mediterranean,2016,15.2,12.9,17.5,,446.066741943,336.753417969,537.444030762
IRN,EMR,Eastern Mediterranean,2017,15.1,12.7,17.3,,443.205444336,334.576416016,537.501159668
IRN,EMR,Eastern Mediterranean,2018,14.9,12.5,17.2,,436.349273682,328.11138916,533.591003418
IRN,EMR,Eastern Mediterranean,2019,14.9,12.5,17.3,,435.839508057,327.388427734,536.593566895
IRN,EMR,Eastern Mediterranean,2020,13.9,11.6,16.3,"For this geography and year, some non-communicable disease deaths may be included in a separate category called ""other pandemic-related mortality"" due to lack of vital registration data. Estimates of this indicator for 2020 and 2021 may be underestimated, and need to be interpreted with caution.",449.231231689,342.642974854,576.429138184
IRN,EMR,Eastern Mediterranean,2021,13.9,11.7,16.4,"For this geography and year, some non-communicable disease deaths may be included in a separate category called ""other pandemic-related mortality"" due to lack of vital registration data. Estimates of this indicator for 2020 and 2021 may be underestimated, and need to be interpreted with caution.",395.232910156,306.039276123,519.65020752
IRQ,EMR,Eastern Mediterranean,2000,27.6,19.6,38.7,,644.954162598,428.603942871,1010.218566895
IRQ,EMR,Eastern Mediterranean,2001,27.0,19.1,38.0,,631.595092773,420.86151123,993.502441406
IRQ,EMR,Eastern Mediterranean,2002,26.7,19.0,37.8,,624.593933105,417.406829834,985.031616211
IRQ,EMR,Eastern Mediterranean,2003,26.5,18.8,37.4,,620.056396484,415.366638184,978.430480957
IRQ,EMR,Eastern Mediterranean,2004,26.2,18.6,37.1,,614.606445313,411.898010254,970.467895508
IRQ,EMR,Eastern Mediterranean,2005,25.8,18.3,36.5,,608.021850586,408.101013184,957.949890137
IRQ,EMR,Eastern Mediterranean,2006,25.5,18.0,35.9,,599.31652832,402.662780762,941.738647461
IRQ,EMR,Eastern Mediterranean,2007,25.5,18.0,35.8,,604.77911377,407.224273682,944.175354004
IRQ,EMR,Eastern Mediterranean,2008,25.4,18.0,35.5,,611.155822754,411.855957031,944.691955566
IRQ,EMR,Eastern Mediterranean,2009,25.2,17.8,35.0,,606.33013916,408.018951416,931.446166992
IRQ,EMR,Eastern Mediterranean,2010,24.8,17.5,34.4,,600.001647949,402.977783203,916.075561523
IRQ,EMR,Eastern Mediterranean,2011,24.5,17.3,33.8,,593.582946777,398.888183594,901.946533203
IRQ,EMR,Eastern Mediterranean,2012,24.0,17.0,33.1,,585.350830078,393.622619629,885.452514648
IRQ,EMR,Eastern Mediterranean,2013,23.6,16.6,32.4,,574.906005859,385.960296631,867.237426758
IRQ,EMR,Eastern Mediterranean,2014,23.0,16.2,31.8,,562.828369141,376.700469971,847.985656738
IRQ,EMR,Eastern Mediterranean,2015,22.5,15.7,31.2,,555.337463379,369.864379883,835.746826172
IRQ,EMR,Eastern Mediterranean,2016,22.2,15.4,30.8,,549.557922363,364.287231445,829.610961914
IRQ,EMR,Eastern Mediterranean,2017,22.0,15.1,30.7,,547.099609375,362.19354248,830.860717773
IRQ,EMR,Eastern Mediterranean,2018,22.2,15.2,31.2,,565.253112793,373.969848633,860.092163086
IRQ,EMR,Eastern Mediterranean,2019,22.4,15.2,31.6,,588.354797363,389.935394287,894.538330078
IRQ,EMR,Eastern Mediterranean,2020,24.6,16.7,34.1,"For this geography and year, some non-communicable disease deaths may be included in a separate category called ""other pandemic-related mortality"" due to lack of vital registration data. Estimates of this indicator for 2020 and 2021 may be underestimated, and need to be interpreted with caution.",696.768188477,467.580749512,1051.306396484
IRQ,EMR,Eastern Mediterranean,2021,22.7,15.2,31.7,"For this geography and year, some non-communicable disease deaths may be included in a separate category called ""other pandemic-related mortality"" due to lack of vital registration data. Estimates of this indicator for 2020 and 2021 may be underestimated, and need to be interpreted with caution.",628.447143555,417.776397705,947.663452148
ISL,EUR,Europe,2000,13.2,11.2,15.5,,390.368438721,308.840911865,491.049835205
ISL,EUR,Europe,2001,12.6,10.7,14.7,,381.144683838,301.22668457,480.058929443
ISL,EUR,Europe,2002,12.1,10.3,14.2,,373.621704102,294.793151855,471.422729492
ISL,EUR,Europe,2003,11.8,10.0,13.7,,366.438690186,289.128997803,462.836669922
ISL,EUR,Europe,2004,11.4,9.7,13.4,,358.983886719,282.001922607,454.988372803
ISL,EUR,Europe,2005,11.4,9.6,13.3,,355.032897949,278.399291992,450.961639404
ISL,EUR,Europe,2006,11.0,9.3,12.9,,345.948364258,271.594543457,439.841369629
ISL,EUR,Europe,2007,10.7,9.0,12.6,,343.351379395,268.884063721,437.617767334
ISL,EUR,Europe,2008,10.2,8.6,12.0,,339.887451172,266.034454346,433.731048584
ISL,EUR,Europe,2009,9.9,8.3,11.7,,331.723571777,259.133422852,423.566314697
ISL,EUR,Europe,2010,9.9,8.3,11.7,,330.542449951,257.566131592,422.807556152
ISL,EUR,Europe,2011,9.7,8.1,11.5,,323.147186279,250.917480469,414.546905518
ISL,EUR,Europe,2012,9.4,7.8,11.1,,318.086242676,246.143981934,409.160583496
ISL,EUR,Europe,2013,9.3,7.8,11.1,,314.432220459,242.469146729,405.455780029
ISL,EUR,Europe,2014,9.3,7.7,11.1,,317.138916016,243.662002563,410.336425781
ISL,EUR,Europe,2015,9.2,7.6,10.9,,313.457550049,240.950057983,405.564788818
ISL,EUR,Europe,2016,8.7,7.2,10.4,,309.875701904,237.577438354,402.081115723
ISL,EUR,Europe,2017,8.5,7.0,10.2,,306.649139404,233.651275635,399.644470215
ISL,EUR,Europe,2018,8.3,6.9,10.0,,304.03125,229.891616821,398.560211182
ISL,EUR,Europe,2019,8.6,7.0,10.3,,301.940887451,226.198501587,398.094207764
ISL,EUR,Europe,2020,8.2,6.8,9.9,,294.560119629,218.692703247,389.5496521
ISL,EUR,Europe,2021,8.5,6.9,10.2,,299.32043457,220.293991089,395.630584717
ISR,EUR,Europe,2000,14.3,12.2,16.4,,427.859161377,353.824035645,554.800048828
ISR,EUR,Europe,2001,13.7,11.6,15.6,,411.68927002,337.885070801,532.817443848
ISR,EUR,Europe,2002,13.0,10.9,14.8,,409.367492676,334.743774414,530.421630859
ISR,EUR,Europe,2003,12.7,10.6,14.3,,401.453796387,327.617614746,520.307678223
ISR,EUR,Europe,2004,12.0,10.1,13.7,,387.09375,314.544372559,503.141479492
ISR,EUR,Europe,2005,12.2,10.2,13.9,,384.155883789,310.654846191,499.787536621
ISR,EUR,Europe,2006,11.6,9.8,13.3,,369.7394104,297.837860107,479.609130859
ISR,EUR,Europe,2007,11.5,9.7,13.1,,370.287689209,297.746185303,478.75302124
ISR,EUR,Europe,2008,11.0,9.3,12.6,,346.997161865,276.908599854,448.465087891
ISR,EUR,Europe,2009,10.3,8.7,11.9,,324.648590088,257.459777832,419.673858643
ISR,EUR,Europe,2010,10.4,8.8,12.0,,321.34274292,252.964157104,415.136047363
ISR,EUR,Europe,2011,10.0,8.4,11.6,,315.82043457,247.141143799,406.919036865
ISR,EUR,Europe,2012,9.8,8.2,11.4,,319.541351318,248.424316406,411.459228516
ISR,EUR,Europe,2013,9.9,8.3,11.4,,309.955627441,239.257537842,398.715515137
ISR,EUR,Europe,2014,9.5,7.8,10.9,,302.618591309,231.970504761,389.944458008
ISR,EUR,Europe,2015,9.5,7.9,11.0,,307.363647461,234.192474365,395.80480957
ISR,EUR,Europe,2016,9.1,7.5,10.5,,296.045562744,223.53364563,381.905273438
ISR,EUR,Europe,2017,9.0,7.4,10.4,,292.657531738,219.093917847,379.211639404
ISR,EUR,Europe,2018,9.0,7.4,10.5,,285.570861816,211.731216431,371.820465088
ISR,EUR,Europe,2019,8.9,7.3,10.4,,284.787353516,209.281082153,372.948516846
ISR,EUR,Europe,2020,8.4,6.8,9.9,,273.834228516,199.240112305,361.098510742
ISR,EUR,Europe,2021,7.6,6.1,9.0,,276.657562256,195.854141235,372.190002441
ITA,EUR,Europe,2000,13.6,12.7,14.3,,411.661010742,345.497039795,486.658691406
ITA,EUR,Europe,2001,13.3,12.4,13.9,,400.584442139,334.855895996,475.306976318
ITA,EUR,Europe,2002,12.9,12.0,13.5,,388.979675293,324.098968506,461.90826416
ITA,EUR,Europe,2003,12.7,11.9,13.3,,397.44317627,329.568115234,472.973114014
ITA,EUR,Europe,2004,12.0,11.2,12.6,,370.359069824,305.441345215,441.831695557
ITA,EUR,Europe,2005,11.8,11.0,12.4,,372.513214111,305.437347412,445.729125977
ITA,EUR,Europe,2006,11.4,10.6,11.9,,351.196411133,287.313690186,420.357086182
ITA,EUR,Europe,2007,11.2,10.4,11.7,,347.538604736,283.413146973,416.248260498
ITA,EUR,Europe,2008,10.9,10.2,11.5,,341.984771729,278.434112549,409.540649414
ITA,EUR,Europe,2009,10.8,10.1,11.4,,336.317810059,273.625579834,402.693786621
ITA,EUR,Europe,2010,10.4,9.7,11.0,,324.761932373,263.304077148,389.660308838
ITA,EUR,Europe,2011,10.6,9.8,11.1,,325.888305664,263.49597168,391.796905518
ITA,EUR,Europe,2012,10.4,9.7,11.0,,326.083953857,262.91595459,392.514770508
ITA,EUR,Europe,2013,10.0,9.3,10.5,,310.022766113,249.401153564,373.673431396
ITA,EUR,Europe,2014,9.8,9.1,10.3,,301.187103271,241.728775024,363.449371338
ITA,EUR,Europe,2015,9.8,9.1,10.4,,313.485809326,251.167404175,378.640838623
ITA,EUR,Europe,2016,9.3,8.7,9.9,,293.607086182,234.396789551,355.533782959
ITA,EUR,Europe,2017,9.4,8.7,9.9,,302.695922852,240.864807129,367.173583984
ITA,EUR,Europe,2018,9.3,8.5,9.8,,293.549072266,233.148498535,356.830688477
ITA,EUR,Europe,2019,8.9,8.2,9.5,,287.176879883,226.481231689,350.889221191
ITA,EUR,Europe,2020,8.8,8.0,9.4,,291.769958496,230.162078857,358.545776367
ITA,EUR,Europe,2021,9.1,8.3,9.8,,284.943786621,225.516082764,348.945892334
JAM,AMR,Americas,2000,20.1,16.6,23.0,,585.112426758,455.934936523,712.379150391
JAM,AMR,Americas,2001,19.6,16.3,22.5,,590.103820801,460.823272705,715.513000488
JAM,AMR,Americas,2002,19.3,16.1,22.0,,568.411560059,444.298797607,684.411254883
JAM,AMR,Americas,2003,18.5,15.4,21.1,,564.84185791,439.340179443,679.317504883
JAM,AMR,Americas,2004,17.0,14.1,19.4,,545.699951172,422.621551514,655.131530762
JAM,AMR,Americas,2005,18.7,15.3,21.7,,623.444396973,476.37612915,757.812805176
JAM,AMR,Americas,2006,14.9,12.3,17.2,,512.741394043,390.710479736,620.612854004
JAM,AMR,Americas,2007,23.0,19.1,26.4,,739.442932129,565.176330566,894.345275879
JAM,AMR,Americas,2008,20.2,15.7,24.6,,683.345825195,494.94833374,861.326477051
JAM,AMR,Americas,2009,17.3,14.3,20.0,,614.340942383,473.089935303,735.937011719
JAM,AMR,Americas,2010,14.6,12.0,17.0,,567.38861084,432.392944336,683.256286621
JAM,AMR,Americas,2011,17.2,14.4,20.1,,620.211975098,477.804321289,749.365844727
JAM,AMR,Americas,2012,15.2,12.6,17.8,,577.696228027,442.406768799,700.83972168
JAM,AMR,Americas,2013,15.3,12.7,17.9,,579.605407715,445.585479736,705.502258301
JAM,AMR,Americas,2014,17.2,14.3,20.1,,666.323364258,514.134399414,809.802490234
JAM,AMR,Americas,2015,19.7,15.9,23.9,,675.657409668,507.235595703,843.036865234
JAM,AMR,Americas,2016,19.4,15.0,24.5,,683.686462402,495.066131592,876.513183594
JAM,AMR,Americas,2017,19.7,14.7,25.4,,672.614685059,474.336791992,880.957519531
JAM,AMR,Americas,2018,19.2,14.1,25.2,,669.537353516,463.262268066,886.002685547
JAM,AMR,Americas,2019,19.3,13.9,25.5,,694.601013184,473.960174561,919.204833984
JAM,AMR,Americas,2020,18.3,12.9,24.5,"For this geography and year, some non-communicable disease deaths may be included in a separate category called ""other pandemic-related mortality"" due to lack of vital registration data. Estimates of this indicator for 2020 and 2021 may be underestimated, and need to be interpreted with caution.",679.656311035,447.745849609,911.94708252
JAM,AMR,Americas,2021,20.2,14.5,26.9,"For this geography and year, some non-communicable disease deaths may be included in a separate category called ""other pandemic-related mortality"" due to lack of vital registration data. Estimates of this indicator for 2020 and 2021 may be underestimated, and need to be interpreted with caution.",766.224853516,517.852783203,1022.887695313
JOR,EMR,Eastern Mediterranean,2000,24.7,16.8,31.2,,655.806091309,418.211578369,876.661621094
JOR,EMR,Eastern Mediterranean,2001,24.5,16.8,30.7,,670.929016113,432.706542969,889.202758789
JOR,EMR,Eastern Mediterranean,2002,24.1,16.7,29.9,,664.021911621,431.365142822,872.963317871
JOR,EMR,Eastern Mediterranean,2003,23.3,16.2,28.5,,618.592346191,403.584503174,809.54699707
JOR,EMR,Eastern Mediterranean,2004,23.1,16.1,27.9,,628.669921875,414.426483154,814.645812988
JOR,EMR,Eastern Mediterranean,2005,22.8,16.0,27.5,,661.282287598,437.73324585,850.559936523
JOR,EMR,Eastern Mediterranean,2006,22.1,15.6,26.6,,654.196777344,436.408813477,840.234313965
JOR,EMR,Eastern Mediterranean,2007,20.7,14.5,24.8,,566.731079102,377.251190186,731.879821777
JOR,EMR,Eastern Mediterranean,2008,19.7,13.7,23.5,,520.893676758,343.749847412,675.146850586
JOR,EMR,Eastern Mediterranean,2009,18.7,13.0,22.3,,498.413299561,326.967224121,647.562133789
JOR,EMR,Eastern Mediterranean,2010,17.9,12.4,21.4,,485.26385498,317.38369751,632.305419922
JOR,EMR,Eastern Mediterranean,2011,17.4,11.9,20.7,,477.955871582,312.182342529,624.145324707
JOR,EMR,Eastern Mediterranean,2012,16.9,11.5,20.2,,470.291595459,306.391540527,616.202941895
JOR,EMR,Eastern Mediterranean,2013,16.2,11.0,19.6,,457.29397583,297.061981201,604.329101563
JOR,EMR,Eastern Mediterranean,2014,15.5,10.5,19.2,,442.081695557,287.591125488,592.554260254
JOR,EMR,Eastern Mediterranean,2015,14.6,9.9,18.6,,418.091186523,270.655151367,567.467224121
JOR,EMR,Eastern Mediterranean,2016,14.0,9.4,18.0,,405.375732422,260.630706787,553.981628418
JOR,EMR,Eastern Mediterranean,2017,13.4,8.9,17.6,,390.617431641,248.715637207,539.282043457
JOR,EMR,Eastern Mediterranean,2018,12.8,8.4,17.1,,372.159393311,233.506210327,520.002380371
JOR,EMR,Eastern Mediterranean,2019,12.7,8.2,17.2,,367.898345947,228.116134644,519.018676758
JOR,EMR,Eastern Mediterranean,2020,12.9,8.4,17.8,"For this geography and year, some non-communicable disease deaths may be included in a separate category called ""other pandemic-related mortality"" due to lack of vital registration data. Estimates of this indicator for 2020 and 2021 may be underestimated, and need to be interpreted with caution.",395.507202148,243.685150146,561.379638672
JOR,EMR,Eastern Mediterranean,2021,11.6,7.4,16.3,"For this geography and year, some non-communicable disease deaths may be included in a separate category called ""other pandemic-related mortality"" due to lack of vital registration data. Estimates of this indicator for 2020 and 2021 may be underestimated, and need to be interpreted with caution.",380.892333984,232.966308594,546.012512207
JPN,WPR,Western Pacific,2000,11.3,10.6,11.9,,290.12701416,247.638504028,351.742340088
JPN,WPR,Western Pacific,2001,11.0,10.3,11.6,,283.254699707,240.596542358,344.669158936
JPN,WPR,Western Pacific,2002,10.7,10.0,11.2,,276.123291016,233.669586182,336.904693604
JPN,WPR,Western Pacific,2003,10.5,9.8,11.0,,272.548736572,230.384414673,333.543121338
JPN,WPR,Western Pacific,2004,10.4,9.7,10.9,,268.654632568,226.545639038,328.597320557
JPN,WPR,Western Pacific,2005,10.3,9.7,10.8,,269.998962402,227.028213501,330.270172119
JPN,WPR,Western Pacific,2006,10.0,9.3,10.4,,262.146697998,219.568908691,320.979614258
JPN,WPR,Western Pacific,2007,9.9,9.2,10.3,,258.817047119,216.240264893,317.58807373
JPN,WPR,Western Pacific,2008,9.8,9.0,10.1,,256.956878662,214.381774902,316.282562256
JPN,WPR,Western Pacific,2009,9.5,8.8,9.9,,249.185943604,207.792114258,307.127838135
JPN,WPR,Western Pacific,2010,9.6,8.9,10.0,,250.928939819,208.854873657,309.757171631
JPN,WPR,Western Pacific,2011,9.6,8.9,9.9,,250.499694824,208.038879395,308.887390137
JPN,WPR,Western Pacific,2012,9.4,8.6,9.7,,246.426513672,203.764923096,304.864074707
JPN,WPR,Western Pacific,2013,9.2,8.5,9.5,,241.799499512,199.584152222,300.397003174
JPN,WPR,Western Pacific,2014,9.0,8.3,9.3,,237.350509644,195.566986084,295.627716064
JPN,WPR,Western Pacific,2015,8.7,8.0,9.0,,233.313812256,191.496139526,291.30267334
JPN,WPR,Western Pacific,2016,8.7,8.1,9.1,,231.048522949,188.997253418,288.31817627
JPN,WPR,Western Pacific,2017,8.6,8.0,9.0,,233.555282593,190.150650024,292.329956055
JPN,WPR,Western Pacific,2018,8.4,7.9,8.8,,231.236190796,187.865890503,290.266815186
JPN,WPR,Western Pacific,2019,8.3,7.7,8.7,,229.270431519,186.181137085,288.630096436
JPN,WPR,Western Pacific,2020,8.2,7.5,8.5,,226.826156616,182.824417114,286.001342773
JPN,WPR,Western Pacific,2021,8.0,7.4,8.4,,230.701751709,184.858535767,290.120178223
KAZ,EUR,Europe,2000,39.4,35.3,44.3,,966.758972168,789.28527832,1111.155639648
KAZ,EUR,Europe,2001,38.2,34.5,43.2,,969.486083984,787.938293457,1109.779907227
KAZ,EUR,Europe,2002,37.4,33.8,42.4,,970.578918457,786.383300781,1104.50012207
KAZ,EUR,Europe,2003,38.4,34.9,43.5,,1006.782531738,814.106140137,1140.826293945
KAZ,EUR,Europe,2004,36.9,33.8,42.1,,959.626831055,774.81451416,1091.202758789
KAZ,EUR,Europe,2005,37.3,34.4,42.7,,972.180236816,787.929748535,1106.01940918
KAZ,EUR,Europe,2006,36.3,33.8,41.9,,950.637084961,774.196594238,1082.940063477
KAZ,EUR,Europe,2007,35.7,33.4,41.4,,943.505310059,769.735351563,1074.29675293
KAZ,EUR,Europe,2008,33.5,31.7,39.4,,892.893737793,729.638671875,1019.188415527
KAZ,EUR,Europe,2009,31.4,30.0,37.6,,826.861083984,678.249145508,953.365539551
KAZ,EUR,Europe,2010,31.5,30.2,37.8,,849.978027344,697.834228516,982.130432129
KAZ,EUR,Europe,2011,30.3,29.0,36.4,,829.182678223,679.16394043,960.735412598
KAZ,EUR,Europe,2012,29.2,27.6,34.8,,806.880371094,656.636291504,934.184326172
KAZ,EUR,Europe,2013,27.1,25.2,32.1,,755.900512695,609.216491699,875.910461426
KAZ,EUR,Europe,2014,26.1,23.9,30.6,,723.13659668,581.24395752,840.106811523
KAZ,EUR,Europe,2015,25.5,23.0,29.6,,701.41418457,562.656494141,817.948242188
KAZ,EUR,Europe,2016,25.1,22.5,29.1,,689.773986816,550.402709961,803.344482422
KAZ,EUR,Europe,2017,24.0,21.2,27.8,,664.187316895,524.4140625,771.517883301
KAZ,EUR,Europe,2018,24.0,21.1,27.7,,656.093811035,514.161376953,759.680236816
KAZ,EUR,Europe,2019,23.8,20.7,27.6,,654.454711914,509.07598877,760.373962402
KAZ,EUR,Europe,2020,23.2,19.7,27.0,"For this geography and year, some non-communicable disease deaths may be included in a separate category called ""other pandemic-related mortality"" due to lack of vital registration data. Estimates of this indicator for 2020 and 2021 may be underestimated, and need to be interpreted with caution.",635.317260742,490.011749268,749.826782227
KAZ,EUR,Europe,2021,21.2,17.5,24.7,"For this geography and year, some non-communicable disease deaths may be included in a separate category called ""other pandemic-related mortality"" due to lack of vital registration data. Estimates of this indicator for 2020 and 2021 may be underestimated, and need to be interpreted with caution.",594.182739258,455.829742432,712.906433105
KEN,AFR,Africa,2000,15.6,10.4,22.9,,427.05255127,253.317703247,741.236083984
KEN,AFR,Africa,2001,15.6,10.5,22.5,,423.438537598,254.77204895,726.605895996
KEN,AFR,Africa,2002,15.9,10.9,23.0,,435.325256348,264.724121094,742.399353027
KEN,AFR,Africa,2003,16.2,11.2,22.9,,439.60446167,270.769287109,739.660095215
KEN,AFR,Africa,2004,16.6,11.6,23.4,,449.809265137,278.391143799,754.995483398
KEN,AFR,Africa,2005,16.9,11.7,23.6,,458.243499756,284.054748535,765.912719727
KEN,AFR,Africa,2006,17.1,11.9,23.7,,467.98815918,290.814422607,778.406799316
KEN,AFR,Africa,2007,17.5,12.3,24.3,,481.370880127,301.034912109,798.731323242
KEN,AFR,Africa,2008,17.9,12.6,24.7,,496.508178711,312.771453857,820.656860352
KEN,AFR,Africa,2009,18.2,12.8,25.0,,505.854400635,319.61428833,835.755126953
KEN,AFR,Africa,2010,18.6,13.2,25.6,,521.256652832,331.386901855,864.145080566
KEN,AFR,Africa,2011,18.9,13.5,26.0,,528.789245605,339.402618408,881.999389648
KEN,AFR,Africa,2012,17.1,12.2,24.0,,504.235961914,322.277374268,849.948913574
KEN,AFR,Africa,2013,17.9,12.7,25.0,,508.86315918,324.599639893,857.381835938
KEN,AFR,Africa,2014,18.1,12.8,25.4,,515.645996094,325.555786133,861.569580078
KEN,AFR,Africa,2015,18.3,12.8,25.8,,525.871337891,326.044281006,870.43359375
KEN,AFR,Africa,2016,18.2,12.6,25.8,,522.935974121,322.304199219,871.707519531
KEN,AFR,Africa,2017,18.7,12.9,26.5,,539.169433594,333.069580078,903.526977539
KEN,AFR,Africa,2018,19.4,13.2,27.5,,567.817932129,345.491424561,944.328125
KEN,AFR,Africa,2019,19.1,12.8,27.1,,562.095031738,335.122528076,921.906616211
KEN,AFR,Africa,2020,18.8,12.5,26.7,"For this geography and year, some non-communicable disease deaths may be included in a separate category called ""other pandemic-related mortality"" due to lack of vital registration data. Estimates of this indicator for 2020 and 2021 may be underestimated, and need to be interpreted with caution.",530.819335938,320.726837158,869.186340332
KEN,AFR,Africa,2021,18.0,11.8,25.7,"For this geography and year, some non-communicable disease deaths may be included in a separate category called ""other pandemic-related mortality"" due to lack of vital registration data. Estimates of this indicator for 2020 and 2021 may be underestimated, and need to be interpreted with caution.",507.839813232,306.693206787,839.87109375
KGZ,EUR,Europe,2000,33.9,29.3,36.7,,903.710144043,702.59564209,1009.245422363
KGZ,EUR,Europe,2001,32.4,28.0,35.1,,848.286376953,658.81427002,946.925415039
KGZ,EUR,Europe,2002,33.6,29.3,36.5,,924.00012207,719.772827148,1030.55456543
KGZ,EUR,Europe,2003,34.4,30.3,37.6,,932.773925781,732.706604004,1044.662109375
KGZ,EUR,Europe,2004,33.1,29.0,36.3,,873.637390137,688.657775879,988.408569336
KGZ,EUR,Europe,2005,33.1,29.0,36.3,,886.20916748,700.468933105,1003.383422852
KGZ,EUR,Europe,2006,33.0,28.9,36.2,,882.392272949,699.721740723,1003.559265137
KGZ,EUR,Europe,2007,32.0,27.9,35.1,,843.110473633,674.08001709,965.236694336
KGZ,EUR,Europe,2008,30.6,26.5,33.5,,827.875854492,665.889587402,952.020568848
KGZ,EUR,Europe,2009,29.6,25.4,32.1,,818.397338867,658.325927734,941.340270996
KGZ,EUR,Europe,2010,28.0,23.2,31.6,,801.386169434,634.192626953,910.656860352
KGZ,EUR,Europe,2011,28.6,22.5,33.6,,801.896057129,616.54901123,883.380432129
KGZ,EUR,Europe,2012,27.2,20.4,33.0,,796.540344238,596.194580078,851.577392578
KGZ,EUR,Europe,2013,26.5,19.3,32.7,,748.416503906,542.363525391,780.909362793
KGZ,EUR,Europe,2014,26.5,19.1,32.9,,755.962097168,532.862487793,769.68927002
KGZ,EUR,Europe,2015,25.2,17.9,31.6,,730.052978516,503.280517578,979.502685547
KGZ,EUR,Europe,2016,23.2,16.4,29.2,,670.522949219,454.551422119,908.091674805
KGZ,EUR,Europe,2017,23.7,17.1,29.4,,665.688598633,451.777526855,900.990783691
KGZ,EUR,Europe,2018,23.1,16.8,28.6,,645.773071289,436.300628662,646.789367676
KGZ,EUR,Europe,2019,22.7,16.4,28.2,,632.143066406,423.694030762,639.678283691
KGZ,EUR,Europe,2020,21.8,15.5,27.3,"For this geography and year, some non-communicable disease deaths may be included in a separate category called ""other pandemic-related mortality"" due to lack of vital registration data. Estimates of this indicator for 2020 and 2021 may be underestimated, and need to be interpreted with caution.",593.045471191,385.627319336,603.873413086
KGZ,EUR,Europe,2021,18.8,13.1,23.8,"For this geography and year, some non-communicable disease deaths may be included in a separate category called ""other pandemic-related mortality"" due to lack of vital registration data. Estimates of this indicator for 2020 and 2021 may be underestimated, and need to be interpreted with caution.",527.205444336,337.455383301,557.769104004
KHM,WPR,Western Pacific,2000,28.1,17.7,37.1,,783.784790039,491.586791992,1349.400634766
KHM,WPR,Western Pacific,2001,27.6,17.4,36.3,,770.835876465,482.395385742,1315.542236328
KHM,WPR,Western Pacific,2002,26.6,16.7,35.1,,737.8203125,461.175872803,1251.33215332
KHM,WPR,Western Pacific,2003,26.1,16.5,34.7,,729.809875488,454.519622803,1233.521606445
KHM,WPR,Western Pacific,2004,25.9,16.4,34.4,,725.112182617,450.29385376,1219.713012695
KHM,WPR,Western Pacific,2005,25.6,16.2,34.2,,719.64630127,445.386322021,1203.525268555
KHM,WPR,Western Pacific,2006,25.1,15.9,33.6,,709.09765625,437.49395752,1176.156494141
KHM,WPR,Western Pacific,2007,25.0,15.9,33.4,,708.959472656,435.137084961,1162.698852539
KHM,WPR,Western Pacific,2008,24.7,15.7,33.1,,704.616455078,431.125274658,1148.085449219
KHM,WPR,Western Pacific,2009,24.5,15.6,33.0,,700.747192383,428.244537354,1137.45715332
KHM,WPR,Western Pacific,2010,24.4,15.7,33.2,,700.201049805,426.099243164,1133.661865234
KHM,WPR,Western Pacific,2011,24.2,15.6,33.2,,695.705932617,421.385955811,1120.950805664
KHM,WPR,Western Pacific,2012,24.1,15.6,33.3,,694.126586914,417.259857178,1115.002075195
KHM,WPR,Western Pacific,2013,23.8,15.5,33.2,,690.373535156,412.436126709,1106.752075195
KHM,WPR,Western Pacific,2014,23.7,15.5,33.4,,689.224304199,409.131072998,1105.349609375
KHM,WPR,Western Pacific,2015,23.6,15.6,33.7,,688.192749023,406.762695313,1100.850952148
KHM,WPR,Western Pacific,2016,23.5,15.6,34.1,,687.484436035,403.388519287,1096.778564453
KHM,WPR,Western Pacific,2017,23.4,15.7,34.5,,686.783569336,399.622070313,1091.802124023
KHM,WPR,Western Pacific,2018,23.4,15.8,34.9,,685.312194824,395.860321045,1087.810180664
KHM,WPR,Western Pacific,2019,23.3,15.8,35.3,,683.581176758,393.298492432,1088.781982422
KHM,WPR,Western Pacific,2020,23.5,16.2,36.2,"For this geography and year, some non-communicable disease deaths may be included in a separate category called ""other pandemic-related mortality"" due to lack of vital registration data. Estimates of this indicator for 2020 and 2021 may be underestimated, and need to be interpreted with caution.",687.572937012,395.179260254,1100.656982422
KHM,WPR,Western Pacific,2021,22.6,15.6,35.4,"For this geography and year, some non-communicable disease deaths may be included in a separate category called ""other pandemic-related mortality"" due to lack of vital registration data. Estimates of this indicator for 2020 and 2021 may be underestimated, and need to be interpreted with caution.",665.103149414,380.988464355,1068.62097168
KIR,WPR,Western Pacific,2000,43.8,31.4,57.0,,1097.874633789,633.4765625,1694.067993164
KIR,WPR,Western Pacific,2001,43.3,30.8,56.3,,1089.013427734,627.821960449,1687.078369141
KIR,WPR,Western Pacific,2002,43.1,30.2,55.7,,1086.314941406,625.671142578,1688.566894531
KIR,WPR,Western Pacific,2003,42.8,29.7,55.3,,1075.262329102,619.592468262,1676.839477539
KIR,WPR,Western Pacific,2004,42.7,29.5,55.3,,1072.047851563,617.50177002,1676.223999023
KIR,WPR,Western Pacific,2005,42.8,29.2,55.1,,1078.588867188,618.529846191,1691.397338867
KIR,WPR,Western Pacific,2006,42.5,28.8,54.7,,1067.721069336,611.606018066,1672.668579102
KIR,WPR,Western Pacific,2007,42.6,28.9,55.0,,1076.586425781,610.995361328,1677.891357422
KIR,WPR,Western Pacific,2008,42.6,28.9,55.2,,1077.750976563,607.475952148,1663.998291016
KIR,WPR,Western Pacific,2009,42.6,28.8,55.2,,1075.568481445,602.075866699,1654.22265625
KIR,WPR,Western Pacific,2010,42.6,28.9,55.5,,1077.067260742,598.448181152,1648.726806641
KIR,WPR,Western Pacific,2011,42.8,29.0,55.7,,1081.314331055,599.657836914,1652.919799805
KIR,WPR,Western Pacific,2012,42.4,28.7,55.6,,1071.341430664,591.017822266,1636.434692383
KIR,WPR,Western Pacific,2013,42.2,28.5,55.6,,1067.677612305,586.996276855,1634.82824707
KIR,WPR,Western Pacific,2014,42.0,28.2,55.6,,1059.391235352,579.449768066,1622.387817383
KIR,WPR,Western Pacific,2015,41.8,28.0,55.5,,1054.042236328,574.347473145,1609.222900391
KIR,WPR,Western Pacific,2016,41.6,28.0,55.4,,1049.8515625,569.379577637,1592.337524414
KIR,WPR,Western Pacific,2017,41.2,27.8,55.2,,1039.99987793,559.272644043,1564.257446289
KIR,WPR,Western Pacific,2018,40.7,27.5,54.9,,1026.114746094,546.986206055,1529.95715332
KIR,WPR,Western Pacific,2019,40.6,27.6,55.1,,1031.967285156,546.047668457,1532.447875977
KIR,WPR,Western Pacific,2020,42.5,28.9,57.3,,1066.237915039,568.159362793,1586.863891602
KIR,WPR,Western Pacific,2021,44.1,30.0,59.0,,1099.60144043,592.984985352,1650.451171875
KOR,WPR,Western Pacific,2000,16.9,12.8,21.5,,521.670166016,367.973022461,726.319885254
KOR,WPR,Western Pacific,2001,16.2,12.3,20.6,,493.697845459,348.027648926,688.23236084
KOR,WPR,Western Pacific,2002,15.9,12.0,20.2,,483.329040527,341.442047119,675.69317627
KOR,WPR,Western Pacific,2003,15.1,11.5,19.3,,454.025726318,320.632995605,636.590515137
KOR,WPR,Western Pacific,2004,14.6,11.1,18.7,,436.10369873,307.280059814,612.285583496
KOR,WPR,Western Pacific,2005,13.8,10.5,17.7,,414.342254639,290.375457764,583.131103516
KOR,WPR,Western Pacific,2006,13.1,9.9,16.8,,393.224182129,274.484893799,555.904663086
KOR,WPR,Western Pacific,2007,12.5,9.5,16.1,,376.660980225,261.669036865,535.311584473
KOR,WPR,Western Pacific,2008,11.9,8.9,15.3,,354.442687988,244.542373657,505.141967773
KOR,WPR,Western Pacific,2009,11.3,8.5,14.6,,331.868560791,227.161621094,473.757995605
KOR,WPR,Western Pacific,2010,10.9,8.2,14.2,,325.954803467,221.797271729,466.450286865
KOR,WPR,Western Pacific,2011,10.3,7.7,13.4,,311.536102295,210.66859436,446.34854126
KOR,WPR,Western Pacific,2012,9.8,7.3,12.8,,308.099060059,206.82409668,442.356628418
KOR,WPR,Western Pacific,2013,9.2,6.8,12.1,,290.890289307,193.983001709,419.203277588
KOR,WPR,Western Pacific,2014,8.9,6.5,11.7,,277.446929932,183.421783447,402.080688477
KOR,WPR,Western Pacific,2015,8.4,6.1,11.2,,268.864593506,176.207229614,392.248657227
KOR,WPR,Western Pacific,2016,8.2,5.9,10.9,,258.266540527,168.155502319,378.687042236
KOR,WPR,Western Pacific,2017,7.7,5.5,10.3,,247.532394409,159.397354126,365.636566162
KOR,WPR,Western Pacific,2018,7.5,5.3,10.1,,241.234146118,153.96572876,359.093994141
KOR,WPR,Western Pacific,2019,7.3,5.1,9.9,,228.571563721,144.236801147,343.368103027
KOR,WPR,Western Pacific,2020,7.0,4.9,9.7,,226.245559692,140.60093689,342.936920166
KOR,WPR,Western Pacific,2021,6.9,4.7,9.6,,223.239151001,138.152404785,339.588897705
KWT,EMR,Eastern Mediterranean,2000,17.4,15.1,19.8,,441.912506104,351.992767334,561.29095459
KWT,EMR,Eastern Mediterranean,2001,14.6,12.6,16.7,,392.753936768,307.572479248,502.460327148
KWT,EMR,Eastern Mediterranean,2002,15.8,13.7,18.0,,416.71005249,328.283294678,526.558959961
KWT,EMR,Eastern Mediterranean,2003,14.8,12.8,16.9,,393.951599121,308.250854492,496.236175537
KWT,EMR,Eastern Mediterranean,2004,15.2,13.2,17.2,,403.161346436,315.270477295,504.541412354
KWT,EMR,Eastern Mediterranean,2005,15.7,13.6,17.8,,408.868591309,319.600921631,507.248596191
KWT,EMR,Eastern Mediterranean,2006,15.6,13.6,17.7,,405.282592773,316.058959961,498.215637207
KWT,EMR,Eastern Mediterranean,2007,15.0,13.0,17.1,,388.084625244,300.207000732,476.944122314
KWT,EMR,Eastern Mediterranean,2008,16.3,14.3,18.6,,421.5574646,328.228027344,513.807861328
KWT,EMR,Eastern Mediterranean,2009,14.8,12.9,16.8,,384.36541748,296.82522583,471.047393799
KWT,EMR,Eastern Mediterranean,2010,13.1,11.3,15.0,,343.704223633,262.73727417,425.692138672
KWT,EMR,Eastern Mediterranean,2011,11.7,10.1,13.5,,312.011169434,236.405593872,389.613220215
KWT,EMR,Eastern Mediterranean,2012,11.8,10.4,13.8,,314.432373047,239.699966431,393.433990479
KWT,EMR,Eastern Mediterranean,2013,11.1,10.0,13.2,,301.2159729,230.16847229,378.705657959
KWT,EMR,Eastern Mediterranean,2014,10.8,9.6,12.7,,293.686828613,219.971939087,364.796478271
KWT,EMR,Eastern Mediterranean,2015,11.5,10.2,13.4,,305.042938232,228.343093872,373.41595459
KWT,EMR,Eastern Mediterranean,2016,10.5,9.2,12.2,,278.346710205,205.270904541,338.782653809
KWT,EMR,Eastern Mediterranean,2017,10.5,9.1,11.9,,278.045440674,203.180023193,334.429870605
KWT,EMR,Eastern Mediterranean,2018,9.9,8.5,11.3,,269.635650635,197.010223389,326.608947754
KWT,EMR,Eastern Mediterranean,2019,10.1,8.7,11.5,,281.830383301,208.209899902,345.254394531
KWT,EMR,Eastern Mediterranean,2020,11.0,9.3,12.9,"For this geography and year, some non-communicable disease deaths may be included in a separate category called ""other pandemic-related mortality"" due to lack of vital registration data. Estimates of this indicator for 2020 and 2021 may be underestimated, and need to be interpreted with caution.",317.011322021,230.972763062,397.088256836
KWT,EMR,Eastern Mediterranean,2021,9.3,6.9,11.5,"For this geography and year, some non-communicable disease deaths may be included in a separate category called ""other pandemic-related mortality"" due to lack of vital registration data. Estimates of this indicator for 2020 and 2021 may be underestimated, and need to be interpreted with caution.",301.809814453,239.826568604,478.286224365
LAO,WPR,Western Pacific,2000,34.3,21.7,47.9,,865.55279541,538.812561035,1557.972290039
LAO,WPR,Western Pacific,2001,34.0,21.7,47.5,,861.981994629,558.947753906,1606.499633789
LAO,WPR,Western Pacific,2002,33.2,21.2,46.4,,843.26171875,569.204528809,1633.36730957
LAO,WPR,Western Pacific,2003,32.5,20.7,45.5,,824.292602539,578.909240723,1654.270141602
LAO,WPR,Western Pacific,2004,32.1,20.5,44.8,,814.608154297,593.755554199,1695.292114258
LAO,WPR,Western Pacific,2005,31.8,20.4,44.5,,810.980651855,593.946716309,1690.047851563
LAO,WPR,Western Pacific,2006,31.4,20.1,43.8,,796.829589844,559.359558105,1580.487182617
LAO,WPR,Western Pacific,2007,30.7,19.7,43.0,,775.474182129,518.077575684,1449.773071289
LAO,WPR,Western Pacific,2008,30.4,19.6,42.6,,771.19128418,494.303619385,1376.862060547
LAO,WPR,Western Pacific,2009,29.8,19.2,41.9,,755.136901855,471.620422363,1306.310791016
LAO,WPR,Western Pacific,2010,29.2,18.9,41.1,,742.767333984,454.424743652,1255.398071289
LAO,WPR,Western Pacific,2011,28.6,18.5,40.4,,730.975219727,440.421905518,1216.182861328
LAO,WPR,Western Pacific,2012,28.2,18.2,39.9,,724.022033691,431.925964355,1188.934204102
LAO,WPR,Western Pacific,2013,28.0,18.1,39.5,,722.520019531,429.02230835,1172.598999023
LAO,WPR,Western Pacific,2014,27.9,18.1,39.5,,725.704650879,428.30291748,1170.15625
LAO,WPR,Western Pacific,2015,27.6,17.9,39.1,,721.266235352,425.226257324,1157.670043945
LAO,WPR,Western Pacific,2016,27.4,17.9,38.8,,714.981384277,423.7784729,1143.825439453
LAO,WPR,Western Pacific,2017,27.2,17.7,38.7,,709.449401855,421.711334229,1134.075439453
LAO,WPR,Western Pacific,2018,27.2,17.7,38.7,,707.877319336,422.896911621,1129.819580078
LAO,WPR,Western Pacific,2019,27.1,17.6,38.6,,704.548217773,421.795410156,1124.944580078
LAO,WPR,Western Pacific,2020,28.1,18.4,39.9,"For this geography and year, some non-communicable disease deaths may be included in a separate category called ""other pandemic-related mortality"" due to lack of vital registration data. Estimates of this indicator for 2020 and 2021 may be underestimated, and need to be interpreted with caution.",729.085510254,440.001586914,1168.479370117
LAO,WPR,Western Pacific,2021,26.5,17.2,38.0,"For this geography and year, some non-communicable disease deaths may be included in a separate category called ""other pandemic-related mortality"" due to lack of vital registration data. Estimates of this indicator for 2020 and 2021 may be underestimated, and need to be interpreted with caution.",687.095458984,414.488189697,1107.647827148
LBN,EMR,Eastern Mediterranean,2000,17.2,12.0,23.7,,502.745910645,321.232788086,769.869445801
LBN,EMR,Eastern Mediterranean,2001,16.4,11.5,22.7,,486.694610596,310.663299561,746.173828125
LBN,EMR,Eastern Mediterranean,2002,15.6,10.9,21.6,,467.811126709,296.802734375,720.723144531
LBN,EMR,Eastern Mediterranean,2003,15.1,10.6,20.9,,455.708435059,288.410736084,704.198791504
LBN,EMR,Eastern Mediterranean,2004,14.7,10.3,20.2,,444.822753906,282.325805664,686.715026855
LBN,EMR,Eastern Mediterranean,2005,14.7,10.3,20.1,,442.415374756,281.245574951,681.730712891
LBN,EMR,Eastern Mediterranean,2006,14.5,10.2,19.8,,435.59286499,278.057647705,670.350402832
LBN,EMR,Eastern Mediterranean,2007,14.4,10.2,19.7,,433.226623535,277.744506836,666.146728516
LBN,EMR,Eastern Mediterranean,2008,14.4,10.2,19.7,,430.191589355,276.990112305,660.673706055
LBN,EMR,Eastern Mediterranean,2009,14.3,10.1,19.4,,424.324035645,274.921783447,650.53729248
LBN,EMR,Eastern Mediterranean,2010,14.1,10.0,19.2,,417.958251953,271.940917969,640.604064941
LBN,EMR,Eastern Mediterranean,2011,14.2,10.1,19.3,,420.889801025,275.281158447,643.483093262
LBN,EMR,Eastern Mediterranean,2012,14.2,10.0,19.3,,418.006469727,274.189300537,639.153015137
LBN,EMR,Eastern Mediterranean,2013,14.2,10.0,19.3,,414.555786133,272.583496094,634.28692627
LBN,EMR,Eastern Mediterranean,2014,13.9,9.8,19.0,,407.199188232,268.098693848,624.896911621
LBN,EMR,Eastern Mediterranean,2015,13.6,9.6,18.6,,398.941589355,262.629699707,613.159118652
LBN,EMR,Eastern Mediterranean,2016,12.9,9.1,17.7,,384.737487793,252.665634155,593.34375
LBN,EMR,Eastern Mediterranean,2017,12.5,8.7,17.1,,374.823242188,245.613739014,580.510375977
LBN,EMR,Eastern Mediterranean,2018,12.1,8.3,16.6,,365.503814697,239.024337769,569.787475586
LBN,EMR,Eastern Mediterranean,2019,12.1,8.3,16.7,,366.422210693,238.00680542,575.140625
LBN,EMR,Eastern Mediterranean,2020,12.7,8.6,17.6,"For this geography and year, some non-communicable disease deaths may be included in a separate category called ""other pandemic-related mortality"" due to lack of vital registration data. Estimates of this indicator for 2020 and 2021 may be underestimated, and need to be interpreted with caution.",367.277923584,234.857818604,575.615905762
LBN,EMR,Eastern Mediterranean,2021,11.9,7.9,16.6,"For this geography and year, some non-communicable disease deaths may be included in a separate category called ""other pandemic-related mortality"" due to lack of vital registration data. Estimates of this indicator for 2020 and 2021 may be underestimated, and need to be interpreted with caution.",362.614624023,227.516479492,567.702026367
LBR,AFR,Africa,2000,23.1,14.9,35.7,,608.500427246,342.135894775,1004.651123047
LBR,AFR,Africa,2001,22.6,14.6,35.0,,593.234680176,336.158081055,981.774230957
LBR,AFR,Africa,2002,23.2,15.1,35.9,,613.651794434,350.378479004,1018.418273926
LBR,AFR,Africa,2003,22.1,14.3,34.3,,579.720458984,333.024139404,966.477478027
LBR,AFR,Africa,2004,23.0,14.9,35.6,,608.508911133,350.3409729,1021.552978516
LBR,AFR,Africa,2005,22.0,14.2,34.3,,582.608703613,335.128967285,984.117858887
LBR,AFR,Africa,2006,22.2,14.2,34.6,,589.313659668,341.313537598,999.3515625
LBR,AFR,Africa,2007,22.1,14.1,34.2,,584.632995605,339.663757324,995.913574219
LBR,AFR,Africa,2008,22.1,14.0,34.3,,588.582580566,341.316070557,1008.825378418
LBR,AFR,Africa,2009,23.0,14.5,35.3,,609.498474121,353.791534424,1045.94140625
LBR,AFR,Africa,2010,23.6,14.8,35.9,,624.04083252,362.245666504,1072.414428711
LBR,AFR,Africa,2011,24.1,14.9,36.4,,643.601013184,372.959197998,1107.888427734
LBR,AFR,Africa,2012,23.7,14.5,35.7,,632.31817627,366.596801758,1092.589599609
LBR,AFR,Africa,2013,22.9,13.9,34.6,,610.249755859,353.929016113,1061.162353516
LBR,AFR,Africa,2014,22.6,13.4,33.9,,572.798339844,330.275177002,998.812988281
LBR,AFR,Africa,2015,22.7,13.3,34.0,,588.683288574,339.691101074,1032.166137695
LBR,AFR,Africa,2016,22.5,13.1,33.6,,591.229858398,341.216827393,1041.910400391
LBR,AFR,Africa,2017,22.4,12.9,33.4,,588.591308594,338.518310547,1041.413330078
LBR,AFR,Africa,2018,22.0,12.5,32.7,,580.710632324,334.120483398,1030.390136719
LBR,AFR,Africa,2019,22.0,12.4,32.6,,584.129943848,335.705169678,1038.281982422
LBR,AFR,Africa,2020,22.4,12.6,33.1,"For this geography and year, some non-communicable disease deaths may be included in a separate category called ""other pandemic-related mortality"" due to lack of vital registration data. Estimates of this indicator for 2020 and 2021 may be underestimated, and need to be interpreted with caution.",585.968261719,334.671478271,1040.035522461
LBR,AFR,Africa,2021,22.0,12.2,32.4,"For this geography and year, some non-communicable disease deaths may be included in a separate category called ""other pandemic-related mortality"" due to lack of vital registration data. Estimates of this indicator for 2020 and 2021 may be underestimated, and need to be interpreted with caution.",565.905883789,319.313598633,1001.735717773
LBY,EMR,Eastern Mediterranean,2000,20.0,13.3,26.2,,504.739257813,300.860198975,754.260986328
LBY,EMR,Eastern Mediterranean,2001,20.9,14.1,27.3,,531.581420898,319.691711426,789.129394531
LBY,EMR,Eastern Mediterranean,2002,21.2,14.3,27.8,,545.109313965,329.888702393,806.150024414
LBY,EMR,Eastern Mediterranean,2003,21.4,14.6,28.3,,549.522583008,333.810211182,812.837097168
LBY,EMR,Eastern Mediterranean,2004,20.9,14.3,27.7,,534.848449707,327.484191895,792.032043457
LBY,EMR,Eastern Mediterranean,2005,20.9,14.5,28.0,,538.424499512,331.100952148,798.602416992
LBY,EMR,Eastern Mediterranean,2006,20.1,13.9,27.0,,512.886352539,315.416870117,765.81451416
LBY,EMR,Eastern Mediterranean,2007,20.6,14.3,27.7,,527.407653809,324.396240234,788.570068359
LBY,EMR,Eastern Mediterranean,2008,20.7,14.3,27.9,,543.561157227,333.633453369,811.920043945
LBY,EMR,Eastern Mediterranean,2009,20.6,14.2,27.9,,555.553771973,340.964080811,832.898986816
LBY,EMR,Eastern Mediterranean,2010,20.0,13.7,27.4,,553.309387207,338.0206604,833.596618652
LBY,EMR,Eastern Mediterranean,2011,20.6,13.8,28.1,,573.498657227,344.653411865,865.418823242
LBY,EMR,Eastern Mediterranean,2012,19.5,12.8,26.5,,537.867126465,318.306304932,811.889465332
LBY,EMR,Eastern Mediterranean,2013,18.7,12.1,25.6,,520.718688965,305.674102783,789.523742676
LBY,EMR,Eastern Mediterranean,2014,19.9,12.7,27.2,,548.053894043,317.050384521,838.764465332
LBY,EMR,Eastern Mediterranean,2015,20.4,12.8,28.1,,551.724975586,314.860595703,854.351196289
LBY,EMR,Eastern Mediterranean,2016,20.9,13.0,28.9,,562.469848633,317.719268799,879.708618164
LBY,EMR,Eastern Mediterranean,2017,21.3,13.2,29.6,,574.665161133,321.14276123,904.906433105
LBY,EMR,Eastern Mediterranean,2018,21.4,13.1,29.8,,577.305358887,320.547424316,911.211547852
LBY,EMR,Eastern Mediterranean,2019,20.9,12.7,29.3,,564.645996094,311.177612305,895.332397461
LBY,EMR,Eastern Mediterranean,2020,20.7,12.5,29.1,"For this geography and year, some non-communicable disease deaths may be included in a separate category called ""other pandemic-related mortality"" due to lack of vital registration data. Estimates of this indicator for 2020 and 2021 may be underestimated, and need to be interpreted with caution.",561.057434082,309.188934326,894.498901367
LBY,EMR,Eastern Mediterranean,2021,19.8,11.8,28.0,"For this geography and year, some non-communicable disease deaths may be included in a separate category called ""other pandemic-related mortality"" due to lack of vital registration data. Estimates of this indicator for 2020 and 2021 may be underestimated, and need to be interpreted with caution.",531.015014648,291.1015625,850.479431152
LCA,AMR,Americas,2000,20.5,18.2,24.9,,587.553344727,517.791015625,781.608215332
LCA,AMR,Americas,2001,20.2,17.6,24.0,,582.927185059,510.1980896,769.472595215
LCA,AMR,Americas,2002,19.4,17.0,23.4,,567.393249512,501.173126221,755.160705566
LCA,AMR,Americas,2003,19.2,17.0,23.4,,560.006958008,497.268035889,750.563415527
LCA,AMR,Americas,2004,19.0,17.0,23.4,,542.305480957,482.462005615,730.886108398
LCA,AMR,Americas,2005,18.9,17.2,23.6,,530.37677002,471.430328369,716.829589844
LCA,AMR,Americas,2006,18.6,17.0,23.5,,519.769836426,460.472167969,704.855651855
LCA,AMR,Americas,2007,17.8,16.1,22.4,,487.76449585,428.106506348,663.627502441
LCA,AMR,Americas,2008,17.5,15.3,21.4,,482.969451904,416.415710449,652.276306152
LCA,AMR,Americas,2009,17.2,14.7,20.5,,460.709686279,393.595794678,613.115661621
LCA,AMR,Americas,2010,16.9,14.3,20.0,,445.366882324,375.993927002,588.877685547
LCA,AMR,Americas,2011,16.3,13.7,19.3,,426.590423584,359.282012939,566.234802246
LCA,AMR,Americas,2012,16.5,13.9,19.5,,434.06036377,365.229248047,577.702270508
LCA,AMR,Americas,2013,16.3,13.8,19.3,,437.578491211,369.508331299,581.979187012
LCA,AMR,Americas,2014,16.2,13.6,19.3,,435.447967529,363.164642334,580.606140137
LCA,AMR,Americas,2015,16.3,13.6,19.5,,439.770751953,362.046630859,584.98425293
LCA,AMR,Americas,2016,16.5,13.6,19.9,,452.38293457,369.114227295,602.135070801
LCA,AMR,Americas,2017,16.4,13.4,20.0,,454.225097656,366.898681641,606.476745605
LCA,AMR,Americas,2018,16.3,13.2,20.1,,454.497741699,363.486785889,610.305480957
LCA,AMR,Americas,2019,16.2,13.0,20.2,,457.610321045,361.6953125,618.641540527
LCA,AMR,Americas,2020,16.4,13.0,20.6,"For this geography and year, some non-communicable disease deaths may be included in a separate category called ""other pandemic-related mortality"" due to lack of vital registration data. Estimates of this indicator for 2020 and 2021 may be underestimated, and need to be interpreted with caution.",466.690124512,364.18862915,636.875549316
LCA,AMR,Americas,2021,15.5,12.0,19.8,"For this geography and year, some non-communicable disease deaths may be included in a separate category called ""other pandemic-related mortality"" due to lack of vital registration data. Estimates of this indicator for 2020 and 2021 may be underestimated, and need to be interpreted with caution.",466.605834961,359.141479492,647.293212891
LKA,SEAR,South-East Asia,2000,22.5,16.7,28.3,,606.537536621,503.236999512,997.909790039
LKA,SEAR,South-East Asia,2001,21.2,15.6,26.4,,573.77520752,465.563873291,919.613464355
LKA,SEAR,South-East Asia,2002,20.5,15.3,25.5,,563.089477539,453.161987305,883.454589844
LKA,SEAR,South-East Asia,2003,20.7,15.6,25.5,,569.84387207,456.755004883,875.117980957
LKA,SEAR,South-East Asia,2004,20.1,15.3,24.8,,559.797485352,446.77142334,847.23059082
LKA,SEAR,South-East Asia,2005,20.9,15.9,25.8,,578.649658203,455.608734131,866.308776855
LKA,SEAR,South-East Asia,2006,20.1,15.2,25.0,,575.734069824,451.255584717,859.323181152
LKA,SEAR,South-East Asia,2007,19.3,14.8,23.7,,560.725097656,441.735015869,822.553405762
LKA,SEAR,South-East Asia,2008,19.2,14.7,23.6,,560.586975098,438.346221924,813.867126465
LKA,SEAR,South-East Asia,2009,18.7,14.3,23.0,,549.415161133,424.328948975,790.38873291
LKA,SEAR,South-East Asia,2010,18.2,13.9,22.5,,526.108581543,400.800262451,748.450561523
LKA,SEAR,South-East Asia,2011,18.3,14.0,22.8,,531.366943359,397.862335205,745.965576172
LKA,SEAR,South-East Asia,2012,17.6,13.4,22.0,,517.483032227,382.082580566,720.494628906
LKA,SEAR,South-East Asia,2013,17.5,13.2,21.9,,519.022705078,377.369842529,713.572265625
LKA,SEAR,South-East Asia,2014,17.2,12.9,21.6,,510.105010986,363.245178223,694.280883789
LKA,SEAR,South-East Asia,2015,16.9,12.1,22.0,,501.493560791,341.090484619,691.481628418
LKA,SEAR,South-East Asia,2016,16.4,11.2,22.2,,482.61227417,313.286376953,680.986572266
LKA,SEAR,South-East Asia,2017,16.2,10.7,22.7,,474.952087402,298.939544678,686.132568359
LKA,SEAR,South-East Asia,2018,16.0,10.3,22.7,,464.80581665,287.378631592,681.961791992
LKA,SEAR,South-East Asia,2019,15.6,9.7,22.5,,448.195892334,270.550964355,665.405517578
LKA,SEAR,South-East Asia,2020,12.0,6.4,18.2,"For this geography and year, some non-communicable disease deaths may be included in a separate category called ""other pandemic-related mortality"" due to lack of vital registration data. Estimates of this indicator for 2020 and 2021 may be underestimated, and need to be interpreted with caution.",334.726867676,164.242950439,527.382446289
LKA,SEAR,South-East Asia,2021,13.9,7.7,20.8,"For this geography and year, some non-communicable disease deaths may be included in a separate category called ""other pandemic-related mortality"" due to lack of vital registration data. Estimates of this indicator for 2020 and 2021 may be underestimated, and need to be interpreted with caution.",405.383087158,223.745697021,619.378051758
LSO,AFR,Africa,2000,23.6,14.2,35.3,,689.333557129,373.287780762,1146.780395508
LSO,AFR,Africa,2001,22.7,13.7,34.0,,612.659973145,333.728302002,1014.830566406
LSO,AFR,Africa,2002,23.6,14.3,35.1,,654.592651367,357.839660645,1078.639892578
LSO,AFR,Africa,2003,25.6,15.4,38.0,,723.946716309,393.330047607,1191.210693359
LSO,AFR,Africa,2004,26.3,15.7,39.3,,732.921813965,395.794586182,1210.745727539
LSO,AFR,Africa,2005,28.9,17.2,42.7,,792.963989258,424.850402832,1306.377563477
LSO,AFR,Africa,2006,30.4,18.0,44.5,,840.758850098,446.959564209,1388.149658203
LSO,AFR,Africa,2007,31.2,18.7,46.1,,875.682556152,468.910675049,1455.395507813
LSO,AFR,Africa,2008,29.7,18.1,44.5,,817.157165527,443.24621582,1361.097412109
LSO,AFR,Africa,2009,29.2,18.0,44.2,,804.831665039,440.416046143,1348.090454102
LSO,AFR,Africa,2010,34.5,22.0,52.0,,963.849975586,531.239746094,1641.27355957
LSO,AFR,Africa,2011,35.2,22.9,53.7,,985.060180664,548.28704834,1698.305664063
LSO,AFR,Africa,2012,31.4,20.5,49.8,,885.782043457,496.657806396,1540.802490234
LSO,AFR,Africa,2013,33.3,22.0,53.0,,933.593811035,526.952392578,1650.426513672
LSO,AFR,Africa,2014,36.5,24.3,57.8,,1013.887390137,574.271118164,1826.641235352
LSO,AFR,Africa,2015,38.0,25.5,60.3,,1048.284545898,597.273010254,1916.369628906
LSO,AFR,Africa,2016,38.0,25.6,60.4,,1046.541259766,600.378601074,1929.600463867
LSO,AFR,Africa,2017,36.9,24.9,59.3,,1021.049682617,591.729614258,1895.25793457
LSO,AFR,Africa,2018,36.9,24.8,59.5,,1024.651977539,595.713012695,1918.759643555
LSO,AFR,Africa,2019,36.9,24.8,59.8,,1026.56628418,598.756530762,1938.636230469
LSO,AFR,Africa,2020,37.5,25.3,60.6,"For this geography and year, some non-communicable disease deaths may be included in a separate category called ""other pandemic-related mortality"" due to lack of vital registration data. Estimates of this indicator for 2020 and 2021 may be underestimated, and need to be interpreted with caution.",1012.636962891,592.295715332,1931.317504883
LSO,AFR,Africa,2021,36.3,24.4,59.1,"For this geography and year, some non-communicable disease deaths may be included in a separate category called ""other pandemic-related mortality"" due to lack of vital registration data. Estimates of this indicator for 2020 and 2021 may be underestimated, and need to be interpreted with caution.",934.700561523,545.643493652,1797.283691406
LTU,EUR,Europe,2000,24.2,22.1,27.9,,636.604553223,562.187988281,783.601745605
LTU,EUR,Europe,2001,24.5,22.4,28.2,,659.271118164,582.801818848,810.839111328
LTU,EUR,Europe,2002,24.6,22.4,28.2,,656.867858887,578.209716797,806.729797363
LTU,EUR,Europe,2003,24.5,22.3,28.0,,647.556213379,569.792419434,795.514648438
LTU,EUR,Europe,2004,24.9,22.6,28.4,,647.205749512,567.346313477,795.055053711
LTU,EUR,Europe,2005,25.8,23.5,29.3,,672.959289551,590.382507324,825.114685059
LTU,EUR,Europe,2006,26.5,24.2,30.2,,691.155090332,603.363464355,845.987915039
LTU,EUR,Europe,2007,26.7,24.3,30.4,,700.165222168,606.883789063,856.189331055
LTU,EUR,Europe,2008,25.2,23.0,28.9,,660.494567871,570.251159668,806.152587891
LTU,EUR,Europe,2009,24.4,22.2,28.1,,621.453796387,534.998535156,759.870239258
LTU,EUR,Europe,2010,23.7,21.6,27.3,,617.565307617,532.58026123,757.341552734
LTU,EUR,Europe,2011,23.7,21.6,27.4,,597.104003906,515.957092285,735.077453613
LTU,EUR,Europe,2012,22.9,20.9,26.6,,583.095031738,503.057769775,720.624084473
LTU,EUR,Europe,2013,22.2,20.2,25.8,,578.242736816,498.259735107,716.795410156
LTU,EUR,Europe,2014,21.4,19.3,24.8,,556.825012207,477.650939941,691.908081055
LTU,EUR,Europe,2015,22.2,19.9,25.7,,572.937988281,492.502990723,713.039001465
LTU,EUR,Europe,2016,21.4,19.1,24.8,,557.652770996,479.434295654,697.174194336
LTU,EUR,Europe,2017,19.9,17.6,23.0,,535.513305664,458.33114624,673.33807373
LTU,EUR,Europe,2018,19.9,17.5,23.0,,524.27130127,447.497650146,662.206420898
LTU,EUR,Europe,2019,19.8,17.4,23.0,,506.315826416,428.873352051,640.670043945
LTU,EUR,Europe,2020,20.7,17.8,24.2,,546.937744141,453.345825195,699.390563965
LTU,EUR,Europe,2021,19.8,16.5,23.6,,534.463623047,429.893737793,691.491882324
LUX,EUR,Europe,2000,15.0,12.9,17.2,,434.728881836,349.771057129,526.172668457
LUX,EUR,Europe,2001,14.7,12.7,17.0,,425.778167725,342.419921875,515.920654297
LUX,EUR,Europe,2002,14.2,12.2,16.4,,415.741699219,334.346252441,504.228210449
LUX,EUR,Europe,2003,13.8,11.9,16.0,,407.007629395,326.829345703,493.069763184
LUX,EUR,Europe,2004,13.6,11.7,15.7,,403.901824951,323.553497314,489.733612061
LUX,EUR,Europe,2005,13.3,11.4,15.3,,392.93939209,314.163635254,477.933441162
LUX,EUR,Europe,2006,12.7,10.9,14.6,,379.767669678,303.017272949,463.638793945
LUX,EUR,Europe,2007,12.1,10.4,14.0,,367.081573486,292.332244873,450.690307617
LUX,EUR,Europe,2008,11.9,10.2,13.8,,358.192138672,285.326324463,441.118591309
LUX,EUR,Europe,2009,11.6,9.9,13.5,,342.52722168,272.661102295,422.415771484
LUX,EUR,Europe,2010,11.5,9.8,13.4,,336.175170898,266.532043457,416.210296631
LUX,EUR,Europe,2011,11.1,9.4,12.9,,328.875976563,260.240112305,407.850250244
LUX,EUR,Europe,2012,10.6,9.0,12.4,,324.794586182,256.491699219,404.264587402
LUX,EUR,Europe,2013,10.2,8.7,12.0,,316.662689209,250.115249634,395.488067627
LUX,EUR,Europe,2014,9.9,8.4,11.6,,306.088653564,242.1381073,383.444885254
LUX,EUR,Europe,2015,9.6,8.1,11.3,,301.937072754,238.439208984,379.955932617
LUX,EUR,Europe,2016,9.3,7.9,10.9,,297.222106934,234.270248413,373.868499756
LUX,EUR,Europe,2017,9.2,7.8,10.8,,293.583984375,230.502456665,370.130462646
LUX,EUR,Europe,2018,8.9,7.5,10.5,,288.48916626,225.38923645,365.344482422
LUX,EUR,Europe,2019,8.6,7.2,10.1,,288.628112793,224.447052002,367.581817627
LUX,EUR,Europe,2020,8.1,6.7,9.6,,258.34777832,198.895446777,331.125335693
LUX,EUR,Europe,2021,7.8,6.5,9.3,,263.710601807,202.257781982,341.305175781
LVA,EUR,Europe,2000,28.0,25.2,31.5,,726.200622559,631.354431152,872.256835938
LVA,EUR,Europe,2001,29.1,26.4,32.9,,752.750915527,656.907104492,906.214538574
LVA,EUR,Europe,2002,29.0,26.3,32.7,,737.260192871,643.601623535,890.971374512
LVA,EUR,Europe,2003,28.3,25.6,32.0,,736.532165527,643.278015137,892.522155762
LVA,EUR,Europe,2004,28.2,25.4,31.8,,729.163513184,635.993347168,886.395263672
LVA,EUR,Europe,2005,28.5,25.6,32.0,,741.722229004,647.122680664,902.148925781
LVA,EUR,Europe,2006,29.1,26.1,32.6,,749.09362793,651.898376465,907.149780273
LVA,EUR,Europe,2007,28.7,25.6,32.0,,744.193054199,642.806152344,900.381652832
LVA,EUR,Europe,2008,27.3,24.2,30.5,,691.381713867,594.053039551,836.976989746
LVA,EUR,Europe,2009,26.1,23.1,29.3,,660.704406738,566.784240723,802.164367676
LVA,EUR,Europe,2010,26.1,23.1,29.4,,654.65814209,562.569519043,798.357788086
LVA,EUR,Europe,2011,25.2,22.4,28.6,,615.00982666,528.092590332,752.295837402
LVA,EUR,Europe,2012,24.1,21.4,27.5,,611.197814941,523.791748047,751.212219238
LVA,EUR,Europe,2013,23.6,20.9,26.9,,594.382507324,508.512390137,730.135681152
LVA,EUR,Europe,2014,23.3,20.6,26.7,,578.644104004,493.104553223,714.020874023
LVA,EUR,Europe,2015,22.1,19.4,25.4,,571.387023926,485.266265869,707.453552246
LVA,EUR,Europe,2016,22.1,19.3,25.3,,565.895019531,479.762115479,703.072937012
LVA,EUR,Europe,2017,22.4,19.5,25.7,,566.355163574,479.069732666,705.936950684
LVA,EUR,Europe,2018,22.2,19.3,25.6,,566.108581543,476.972961426,708.022094727
LVA,EUR,Europe,2019,21.1,18.1,24.5,,540.114013672,451.675140381,680.922058105
LVA,EUR,Europe,2020,21.1,17.8,24.8,,545.767822266,449.166534424,697.848571777
LVA,EUR,Europe,2021,22.7,18.7,27.2,,595.787719727,476.822662354,773.074462891
MAR,EMR,Eastern Mediterranean,2000,24.0,16.2,32.6,,628.645568848,388.464904785,966.163208008
MAR,EMR,Eastern Mediterranean,2001,23.8,16.0,32.6,,623.737060547,385.309844971,958.902038574
MAR,EMR,Eastern Mediterranean,2002,23.5,15.6,32.3,,616.860839844,379.403717041,950.057678223
MAR,EMR,Eastern Mediterranean,2003,23.6,15.7,32.5,,620.319213867,382.402923584,954.749267578
MAR,EMR,Eastern Mediterranean,2004,23.6,15.6,32.6,,621.947753906,383.040588379,957.337402344
MAR,EMR,Eastern Mediterranean,2005,23.6,15.5,32.8,,624.5,383.250610352,963.240234375
MAR,EMR,Eastern Mediterranean,2006,23.5,15.5,32.9,,624.745849609,382.679168701,963.974121094
MAR,EMR,Eastern Mediterranean,2007,23.6,15.5,33.1,,626.444274902,383.49041748,968.027587891
MAR,EMR,Eastern Mediterranean,2008,23.3,15.3,32.8,,622.179870605,380.063568115,962.836914063
MAR,EMR,Eastern Mediterranean,2009,23.1,15.1,32.7,,619.390869141,378.013031006,962.680419922
MAR,EMR,Eastern Mediterranean,2010,22.9,15.0,32.7,,617.333007813,375.56552124,963.787780762
MAR,EMR,Eastern Mediterranean,2011,22.9,14.8,32.8,,618.659912109,374.221313477,970.044799805
MAR,EMR,Eastern Mediterranean,2012,22.7,14.6,32.9,,617.673950195,371.346740723,974.168579102
MAR,EMR,Eastern Mediterranean,2013,22.6,14.5,32.9,,618.512329102,370.332366943,975.783203125
MAR,EMR,Eastern Mediterranean,2014,22.6,14.4,32.9,,620.166870117,370.197692871,978.394226074
MAR,EMR,Eastern Mediterranean,2015,22.7,14.5,32.9,,622.114318848,371.594573975,979.159851074
MAR,EMR,Eastern Mediterranean,2016,22.6,14.5,32.8,,623.387939453,372.757446289,977.907958984
MAR,EMR,Eastern Mediterranean,2017,22.6,14.5,32.7,,624.198608398,375.375518799,974.803710938
MAR,EMR,Eastern Mediterranean,2018,22.7,14.8,32.6,,626.166809082,379.733337402,974.118041992
MAR,EMR,Eastern Mediterranean,2019,22.6,14.8,32.4,,624.096496582,380.703552246,969.0625
MAR,EMR,Eastern Mediterranean,2020,22.6,14.9,32.2,"For this geography and year, some non-communicable disease deaths may be included in a separate category called ""other pandemic-related mortality"" due to lack of vital registration data. Estimates of this indicator for 2020 and 2021 may be underestimated, and need to be interpreted with caution.",631.812805176,389.929321289,982.151794434
MAR,EMR,Eastern Mediterranean,2021,22.0,14.4,31.3,"For this geography and year, some non-communicable disease deaths may be included in a separate category called ""other pandemic-related mortality"" due to lack of vital registration data. Estimates of this indicator for 2020 and 2021 may be underestimated, and need to be interpreted with caution.",610.39074707,380.291107178,954.370361328
MDA,EUR,Europe,2000,36.1,33.4,40.4,,1093.35546875,951.247375488,1324.775146484
MDA,EUR,Europe,2001,34.3,31.5,38.3,,1054.130859375,904.341064453,1270.43359375
MDA,EUR,Europe,2002,35.3,32.4,39.3,,1090.889648438,928.301940918,1302.861572266
MDA,EUR,Europe,2003,35.3,32.1,39.1,,1096.339355469,923.817810059,1297.415649414
MDA,EUR,Europe,2004,34.6,31.4,38.3,,1039.522705078,869.544189453,1231.492675781
MDA,EUR,Europe,2005,35.6,32.4,39.5,,1102.205932617,921.835510254,1305.342895508
MDA,EUR,Europe,2006,34.4,31.2,38.1,,1025.934814453,854.964660645,1213.947875977
MDA,EUR,Europe,2007,33.0,29.9,36.6,,975.897216797,811.975219727,1153.111694336
MDA,EUR,Europe,2008,31.8,28.7,35.2,,929.214233398,771.275390625,1100.640625
MDA,EUR,Europe,2009,31.9,28.8,35.3,,918.151611328,763.237243652,1088.862060547
MDA,EUR,Europe,2010,31.8,28.7,35.2,,929.058166504,774.246398926,1102.260009766
MDA,EUR,Europe,2011,28.2,25.3,31.3,,812.182800293,674.799804688,962.400817871
MDA,EUR,Europe,2012,26.7,24.0,29.7,,784.402038574,650.065795898,927.601928711
MDA,EUR,Europe,2013,25.2,22.5,28.0,,730.588623047,602.187316895,861.064147949
MDA,EUR,Europe,2014,25.3,22.5,28.0,,738.038635254,603.004943848,862.750610352
MDA,EUR,Europe,2015,26.3,23.2,28.9,,739.544189453,594.423034668,855.854980469
MDA,EUR,Europe,2016,25.6,22.4,28.0,,695.384277344,551.88861084,798.946044922
MDA,EUR,Europe,2017,24.0,20.9,26.3,,659.069030762,516.45526123,752.881530762
MDA,EUR,Europe,2018,24.1,20.9,26.3,,650.3671875,506.895599365,741.575256348
MDA,EUR,Europe,2019,24.0,20.3,26.7,,632.614379883,481.511413574,733.529785156
MDA,EUR,Europe,2020,23.7,20.2,26.0,,640.674255371,488.552093506,734.823059082
MDA,EUR,Europe,2021,24.7,20.6,27.6,,733.301757813,548.628051758,853.921142578
MDG,AFR,Africa,2000,29.4,19.3,41.1,,753.483581543,436.13760376,1216.587402344
MDG,AFR,Africa,2001,29.0,19.0,40.7,,745.770202637,430.598114014,1208.24206543
MDG,AFR,Africa,2002,29.5,19.2,41.3,,756.837036133,436.102752686,1227.259887695
MDG,AFR,Africa,2003,29.8,19.4,41.8,,763.429199219,440.740570068,1238.311767578
MDG,AFR,Africa,2004,29.8,19.3,41.9,,764.374572754,439.05279541,1245.359375
MDG,AFR,Africa,2005,29.2,18.8,41.3,,750.71887207,429.518218994,1229.387451172
MDG,AFR,Africa,2006,28.8,18.4,41.0,,742.87902832,422.167205811,1222.205932617
MDG,AFR,Africa,2007,28.3,17.9,40.4,,729.12713623,411.336486816,1206.567382813
MDG,AFR,Africa,2008,28.0,17.6,40.2,,723.764953613,406.086181641,1202.521118164
MDG,AFR,Africa,2009,27.9,17.5,40.1,,718.485839844,401.673431396,1197.700683594
MDG,AFR,Africa,2010,27.8,17.4,40.1,,717.894287109,399.3644104,1200.810546875
MDG,AFR,Africa,2011,27.7,17.2,40.1,,715.668029785,396.959259033,1202.440673828
MDG,AFR,Africa,2012,27.2,16.8,39.5,,702.856445313,388.83770752,1186.086425781
MDG,AFR,Africa,2013,27.0,16.6,39.4,,701.566833496,387.17276001,1185.736938477
MDG,AFR,Africa,2014,27.2,16.8,39.7,,705.688781738,389.643493652,1193.915161133
MDG,AFR,Africa,2015,26.8,16.5,39.2,,696.757385254,384.725769043,1179.817504883
MDG,AFR,Africa,2016,26.9,16.4,39.3,,696.58984375,384.187591553,1183.506713867
MDG,AFR,Africa,2017,26.6,16.1,38.9,,691.786804199,381.180755615,1178.275878906
MDG,AFR,Africa,2018,26.5,16.1,38.9,,692.574768066,381.272857666,1183.257446289
MDG,AFR,Africa,2019,26.5,16.0,38.9,,693.773803711,382.173980713,1188.779907227
MDG,AFR,Africa,2020,27.0,16.4,39.7,"For this geography and year, some non-communicable disease deaths may be included in a separate category called ""other pandemic-related mortality"" due to lack of vital registration data. Estimates of this indicator for 2020 and 2021 may be underestimated, and need to be interpreted with caution.",715.739624023,396.114807129,1228.265625
MDG,AFR,Africa,2021,25.9,15.8,38.3,"For this geography and year, some non-communicable disease deaths may be included in a separate category called ""other pandemic-related mortality"" due to lack of vital registration data. Estimates of this indicator for 2020 and 2021 may be underestimated, and need to be interpreted with caution.",682.248291016,377.675537109,1170.054931641
MDV,SEAR,South-East Asia,2000,29.9,20.9,40.5,,762.772155762,492.851623535,1135.194702148
MDV,SEAR,South-East Asia,2001,29.1,20.5,39.5,,751.438171387,490.831542969,1114.314819336
MDV,SEAR,South-East Asia,2002,28.0,20.0,37.7,,741.355285645,490.460327148,1098.083618164
MDV,SEAR,South-East Asia,2003,27.2,19.6,36.5,,738.242248535,492.611633301,1093.008789063
MDV,SEAR,South-East Asia,2004,25.4,18.4,34.3,,715.462890625,479.999481201,1054.850097656
MDV,SEAR,South-East Asia,2005,24.5,17.8,32.9,,691.698242188,464.955169678,1012.765808105
MDV,SEAR,South-East Asia,2006,23.6,17.2,31.7,,680.1171875,457.665008545,993.081848145
MDV,SEAR,South-East Asia,2007,22.8,16.6,30.5,,668.525024414,451.557678223,976.751831055
MDV,SEAR,South-East Asia,2008,22.2,16.2,29.7,,651.257202148,442.436065674,951.713989258
MDV,SEAR,South-East Asia,2009,21.5,15.7,28.8,,635.194458008,433.537414551,929.709655762
MDV,SEAR,South-East Asia,2010,20.7,15.1,27.9,,624.75012207,428.421936035,916.326843262
MDV,SEAR,South-East Asia,2011,19.8,14.4,26.7,,608.00579834,416.415283203,890.142578125
MDV,SEAR,South-East Asia,2012,18.6,13.5,25.3,,563.732299805,384.999206543,824.734741211
MDV,SEAR,South-East Asia,2013,17.3,12.5,23.6,,543.754821777,370.993408203,796.176940918
MDV,SEAR,South-East Asia,2014,16.0,11.7,22.2,,523.100585938,361.978759766,780.887695313
MDV,SEAR,South-East Asia,2015,15.1,11.1,21.5,,503.065155029,358.331207275,782.554748535
MDV,SEAR,South-East Asia,2016,14.2,10.6,20.8,,482.551025391,354.055145264,779.890686035
MDV,SEAR,South-East Asia,2017,13.6,10.3,20.3,,464.359588623,347.412902832,774.959960938
MDV,SEAR,South-East Asia,2018,12.9,9.8,19.9,,444.252563477,338.745788574,766.506958008
MDV,SEAR,South-East Asia,2019,12.6,9.5,19.9,,911.539916992,718.274230957,1661.909790039
MDV,SEAR,South-East Asia,2020,11.2,8.4,18.0,"For this geography and year, some non-communicable disease deaths may be included in a separate category called ""other pandemic-related mortality"" due to lack of vital registration data. Estimates of this indicator for 2020 and 2021 may be underestimated, and need to be interpreted with caution.",886.975891113,706.573608398,1698.173828125
MDV,SEAR,South-East Asia,2021,9.0,6.4,14.8,"For this geography and year, some non-communicable disease deaths may be included in a separate category called ""other pandemic-related mortality"" due to lack of vital registration data. Estimates of this indicator for 2020 and 2021 may be underestimated, and need to be interpreted with caution.",824.317687988,657.421630859,1582.317382813
MEX,AMR,Americas,2000,17.0,15.8,18.0,,481.964477539,414.066345215,552.225646973
MEX,AMR,Americas,2001,16.7,15.4,17.7,,476.509277344,408.109130859,546.705871582
MEX,AMR,Americas,2002,17.1,15.8,18.1,,480.878723145,411.964111328,550.385314941
MEX,AMR,Americas,2003,17.1,15.8,18.1,,483.869812012,413.77557373,553.710388184
MEX,AMR,Americas,2004,16.8,15.4,17.7,,473.045257568,403.438690186,542.063476563
MEX,AMR,Americas,2005,16.8,15.5,17.8,,480.974182129,410.149017334,551.816894531
MEX,AMR,Americas,2006,16.5,15.0,17.4,,465.279663086,395.452911377,537.471435547
MEX,AMR,Americas,2007,16.3,14.8,17.3,,462.5574646,393.147369385,539.915710449
MEX,AMR,Americas,2008,16.7,15.1,17.8,,478.479980469,410.052703857,562.692382813
MEX,AMR,Americas,2009,16.4,15.0,17.5,,470.836273193,407.368896484,556.511230469
MEX,AMR,Americas,2010,16.4,14.9,17.5,,482.586334229,420.240966797,573.965637207
MEX,AMR,Americas,2011,15.8,14.4,16.8,,463.225952148,405.946350098,556.226806641
MEX,AMR,Americas,2012,15.8,14.5,16.9,,458.909545898,406.472991943,557.45892334
MEX,AMR,Americas,2013,15.4,14.2,16.5,,453.34588623,406.720977783,555.303283691
MEX,AMR,Americas,2014,15.8,14.7,17.0,,460.172698975,417.661376953,567.58581543
MEX,AMR,Americas,2015,15.8,14.8,17.2,,463.32510376,424.395294189,578.980895996
MEX,AMR,Americas,2016,16.1,15.2,17.6,,466.616668701,431.77130127,586.983825684
MEX,AMR,Americas,2017,15.7,15.0,17.3,,456.675811768,425.209747314,577.991760254
MEX,AMR,Americas,2018,15.3,14.7,16.8,,446.854156494,419.840576172,565.458374023
MEX,AMR,Americas,2019,15.3,14.8,16.9,,449.543426514,421.220306396,566.527770996
MEX,AMR,Americas,2020,16.7,14.8,19.8,,458.353851318,399.986724854,607.958068848
MEX,AMR,Americas,2021,16.3,13.7,20.1,,455.399627686,380.536560059,622.456787109
MKD,EUR,Europe,2000,25.7,20.5,31.2,,738.750244141,588.889160156,971.935791016
MKD,EUR,Europe,2001,25.2,20.2,30.7,,705.509887695,557.724304199,922.246765137
MKD,EUR,Europe,2002,25.8,20.6,31.4,,755.748413086,594.288269043,984.627380371
MKD,EUR,Europe,2003,24.9,20.0,30.6,,747.383056641,585.7578125,973.552246094
MKD,EUR,Europe,2004,24.0,19.3,29.6,,724.680419922,565.557678223,943.24987793
MKD,EUR,Europe,2005,24.2,19.5,29.9,,729.704589844,568.171813965,947.524841309
MKD,EUR,Europe,2006,24.6,19.8,30.5,,713.627563477,552.993164063,922.247131348
MKD,EUR,Europe,2007,24.5,19.8,30.6,,732.158752441,566.309814453,942.754211426
MKD,EUR,Europe,2008,23.4,18.9,29.3,,696.653442383,535.748779297,896.40447998
MKD,EUR,Europe,2009,23.2,18.8,29.2,,681.832702637,521.477600098,877.790771484
MKD,EUR,Europe,2010,22.7,18.3,28.7,,667.028015137,508.726867676,859.463012695
MKD,EUR,Europe,2011,22.6,18.3,28.8,,666.935668945,507.380584717,860.808959961
MKD,EUR,Europe,2012,21.9,17.6,28.0,,674.81628418,512.718017578,875.056213379
MKD,EUR,Europe,2013,21.0,16.9,27.2,,631.75579834,478.285308838,825.446105957
MKD,EUR,Europe,2014,21.4,17.2,27.6,,649.625061035,490.894744873,850.581787109
MKD,EUR,Europe,2015,21.5,17.2,27.9,,648.376342773,487.326141357,853.711242676
MKD,EUR,Europe,2016,20.8,16.6,27.2,,624.880737305,468.428222656,826.807556152
MKD,EUR,Europe,2017,20.0,15.8,26.3,,614.110961914,458.996734619,817.480895996
MKD,EUR,Europe,2018,20.0,15.9,26.5,,584.230041504,435.463592529,783.586425781
MKD,EUR,Europe,2019,19.3,15.1,26.0,,650.75604248,480.673828125,871.219726563
MKD,EUR,Europe,2020,19.8,15.3,27.8,,622.022583008,451.582397461,854.284118652
MKD,EUR,Europe,2021,19.6,14.6,28.5,,579.15234375,405.093261719,817.992431641
MLI,AFR,Africa,2000,25.8,15.3,37.0,,663.188537598,332.442321777,1094.093383789
MLI,AFR,Africa,2001,25.5,15.1,36.7,,658.897033691,330.772399902,1091.130981445
MLI,AFR,Africa,2002,25.4,15.0,36.5,,656.630432129,330.892059326,1087.837524414
MLI,AFR,Africa,2003,25.0,14.8,36.1,,648.366638184,328.723175049,1074.659301758
MLI,AFR,Africa,2004,24.7,14.7,35.7,,643.666259766,327.835693359,1068.028076172
MLI,AFR,Africa,2005,24.5,14.6,35.5,,640.297973633,327.154144287,1064.356079102
MLI,AFR,Africa,2006,24.5,14.6,35.6,,642.625427246,329.171783447,1069.962158203
MLI,AFR,Africa,2007,24.8,14.8,36.0,,650.337341309,333.986694336,1083.374389648
MLI,AFR,Africa,2008,25.1,15.0,36.4,,659.20324707,339.136291504,1098.074462891
MLI,AFR,Africa,2009,25.1,15.0,36.4,,662.448303223,341.594451904,1103.039794922
MLI,AFR,Africa,2010,24.9,14.9,36.3,,658.104309082,340.320251465,1095.701538086
MLI,AFR,Africa,2011,24.9,14.9,36.3,,658.613220215,341.406799316,1097.427001953
MLI,AFR,Africa,2012,25.1,15.0,36.7,,663.994140625,344.553741455,1105.987426758
MLI,AFR,Africa,2013,25.2,15.1,36.8,,664.249084473,345.898376465,1106.134155273
MLI,AFR,Africa,2014,25.3,15.1,37.1,,666.047058105,346.475402832,1110.604736328
MLI,AFR,Africa,2015,25.4,15.1,37.4,,670.348632813,346.951416016,1122.966308594
MLI,AFR,Africa,2016,25.1,14.9,37.1,,664.939025879,344.108520508,1115.332519531
MLI,AFR,Africa,2017,24.8,14.6,36.7,,657.013977051,339.464538574,1103.551757813
MLI,AFR,Africa,2018,24.6,14.4,36.5,,650.657775879,336.473266602,1095.693359375
MLI,AFR,Africa,2019,24.2,14.2,36.0,,643.145568848,332.935119629,1085.681274414
MLI,AFR,Africa,2020,24.2,14.1,35.9,"For this geography and year, some non-communicable disease deaths may be included in a separate category called ""other pandemic-related mortality"" due to lack of vital registration data. Estimates of this indicator for 2020 and 2021 may be underestimated, and need to be interpreted with caution.",648.725219727,334.335479736,1092.250610352
MLI,AFR,Africa,2021,23.0,13.2,34.4,"For this geography and year, some non-communicable disease deaths may be included in a separate category called ""other pandemic-related mortality"" due to lack of vital registration data. Estimates of this indicator for 2020 and 2021 may be underestimated, and need to be interpreted with caution.",618.320983887,314.508636475,1039.482421875
MLT,EUR,Europe,2000,15.7,13.8,18.5,,471.756622314,389.200439453,598.257751465
MLT,EUR,Europe,2001,15.2,13.3,17.8,,456.456573486,376.015075684,583.573303223
MLT,EUR,Europe,2002,14.4,12.6,17.0,,443.032287598,365.192230225,569.467529297
MLT,EUR,Europe,2003,13.9,12.2,16.5,,437.070953369,361.170013428,566.362731934
MLT,EUR,Europe,2004,13.4,11.8,16.0,,430.454711914,356.053497314,561.962402344
MLT,EUR,Europe,2005,13.2,11.5,15.6,,425.101989746,352.01260376,555.098266602
MLT,EUR,Europe,2006,13.0,11.2,15.2,,417.193023682,343.454345703,546.29284668
MLT,EUR,Europe,2007,12.8,11.0,15.0,,404.99407959,331.324432373,532.97668457
MLT,EUR,Europe,2008,12.4,10.8,14.9,,389.238952637,318.998474121,516.473205566
MLT,EUR,Europe,2009,12.1,10.6,14.7,,377.80178833,309.544586182,503.670593262
MLT,EUR,Europe,2010,11.8,10.3,14.2,,371.776916504,303.408874512,497.030212402
MLT,EUR,Europe,2011,11.5,10.1,13.8,,361.441986084,294.810638428,481.548919678
MLT,EUR,Europe,2012,11.1,9.7,13.3,,350.833618164,284.942443848,467.095367432
MLT,EUR,Europe,2013,10.9,9.3,13.0,,340.192687988,275.45904541,456.4815979
MLT,EUR,Europe,2014,10.8,9.1,12.8,,332.157226563,267.508361816,448.201080322
MLT,EUR,Europe,2015,10.7,9.0,12.7,,325.218078613,258.972442627,440.009857178
MLT,EUR,Europe,2016,10.6,8.8,12.5,,317.919891357,249.652938843,431.186920166
MLT,EUR,Europe,2017,10.4,8.5,12.3,,311.842010498,242.694656372,423.419128418
MLT,EUR,Europe,2018,10.1,8.3,12.0,,303.131256104,234.55229187,412.612915039
MLT,EUR,Europe,2019,10.0,8.2,11.9,,304.915802002,233.643508911,414.332946777
MLT,EUR,Europe,2020,9.7,7.9,11.6,,295.386810303,223.861175537,405.434112549
MLT,EUR,Europe,2021,9.8,7.9,11.7,,300.481201172,228.349533081,409.694366455
MMR,SEAR,South-East Asia,2000,33.1,21.8,45.8,,847.059570313,497.954803467,1322.516845703
MMR,SEAR,South-East Asia,2001,32.8,21.7,45.3,,836.749633789,495.126403809,1301.375976563
MMR,SEAR,South-East Asia,2002,32.7,21.7,45.0,,835.002624512,496.096069336,1295.033569336
MMR,SEAR,South-East Asia,2003,32.6,21.7,44.8,,833.89440918,497.710632324,1290.10168457
MMR,SEAR,South-East Asia,2004,32.7,21.9,44.8,,834.726623535,501.04574585,1287.640869141
MMR,SEAR,South-East Asia,2005,32.2,21.6,44.0,,821.620117188,496.315063477,1261.294433594
MMR,SEAR,South-East Asia,2006,31.8,21.5,43.5,,811.476989746,493.107727051,1240.197021484
MMR,SEAR,South-East Asia,2007,30.8,20.8,42.2,,786.19720459,480.058807373,1197.335327148
MMR,SEAR,South-East Asia,2008,30.1,20.4,41.2,,771.458068848,472.77746582,1172.729492188
MMR,SEAR,South-East Asia,2009,29.0,19.6,39.8,,741.516235352,455.906311035,1125.090698242
MMR,SEAR,South-East Asia,2010,28.3,19.1,38.9,,725.49407959,447.508178711,1098.955932617
MMR,SEAR,South-East Asia,2011,27.5,18.5,37.8,,707.446960449,436.353790283,1071.761108398
MMR,SEAR,South-East Asia,2012,27.1,18.2,37.4,,699.141662598,430.923248291,1060.794799805
MMR,SEAR,South-East Asia,2013,26.5,17.8,36.7,,689.532165527,424.573364258,1047.997314453
MMR,SEAR,South-East Asia,2014,26.2,17.6,36.4,,685.809020996,421.539428711,1044.790649414
MMR,SEAR,South-East Asia,2015,26.2,17.6,36.4,,685.436218262,421.399719238,1046.350219727
MMR,SEAR,South-East Asia,2016,25.9,17.4,36.1,,684.157470703,420.622528076,1046.381103516
MMR,SEAR,South-East Asia,2017,25.5,17.1,35.6,,676.579284668,415.159729004,1037.607543945
MMR,SEAR,South-East Asia,2018,25.7,17.1,35.9,,683.82611084,419.107086182,1052.315795898
MMR,SEAR,South-East Asia,2019,25.6,17.0,35.8,,683.164245605,417.899230957,1054.685180664
MMR,SEAR,South-East Asia,2020,25.8,17.2,36.2,"For this geography and year, some non-communicable disease deaths may be included in a separate category called ""other pandemic-related mortality"" due to lack of vital registration data. Estimates of this indicator for 2020 and 2021 may be underestimated, and need to be interpreted with caution.",683.854980469,418.298828125,1059.894165039
MMR,SEAR,South-East Asia,2021,24.0,15.8,34.2,"For this geography and year, some non-communicable disease deaths may be included in a separate category called ""other pandemic-related mortality"" due to lack of vital registration data. Estimates of this indicator for 2020 and 2021 may be underestimated, and need to be interpreted with caution.",639.696777344,388.733001709,996.331359863
MNE,EUR,Europe,2000,25.8,20.4,31.6,,654.865722656,515.719116211,927.206665039
MNE,EUR,Europe,2001,25.8,20.5,31.5,,666.662536621,526.546386719,950.814453125
MNE,EUR,Europe,2002,25.9,20.6,31.5,,677.238220215,535.470092773,967.030822754
MNE,EUR,Europe,2003,25.7,20.5,31.4,,681.491821289,536.556030273,963.480102539
MNE,EUR,Europe,2004,25.5,20.3,31.1,,680.707885742,528.260559082,948.562072754
MNE,EUR,Europe,2005,25.0,20.0,30.5,,671.317138672,508.648895264,919.249328613
MNE,EUR,Europe,2006,24.4,19.5,29.9,,655.320251465,485.312438965,878.395568848
MNE,EUR,Europe,2007,23.6,18.7,28.9,,630.157043457,458.422515869,831.755737305
MNE,EUR,Europe,2008,23.1,18.3,28.3,,612.632385254,440.988616943,798.648925781
MNE,EUR,Europe,2009,22.5,17.8,27.8,,598.083129883,429.67590332,771.339355469
MNE,EUR,Europe,2010,22.1,17.3,27.3,,586.80267334,419.696716309,753.447998047
MNE,EUR,Europe,2011,21.7,17.0,27.0,,580.901123047,415.153106689,745.602478027
MNE,EUR,Europe,2012,21.3,16.6,26.6,,574.81628418,410.145599365,739.294616699
MNE,EUR,Europe,2013,20.9,16.3,26.3,,565.830444336,405.601623535,731.459106445
MNE,EUR,Europe,2014,20.8,16.1,26.2,,554.14465332,399.02255249,722.422119141
MNE,EUR,Europe,2015,20.6,15.9,26.1,,542.888244629,391.30355835,713.807556152
MNE,EUR,Europe,2016,20.4,15.7,26.0,,531.82598877,383.319732666,703.453125
MNE,EUR,Europe,2017,20.5,15.7,26.2,,528.345825195,381.34866333,701.849243164
MNE,EUR,Europe,2018,20.4,15.6,26.2,,524.445556641,378.528747559,701.184326172
MNE,EUR,Europe,2019,20.9,15.9,27.0,,548.413879395,394.239044189,738.150390625
MNE,EUR,Europe,2020,21.4,16.3,27.8,"For this geography and year, some non-communicable disease deaths may be included in a separate category called ""other pandemic-related mortality"" due to lack of vital registration data. Estimates of this indicator for 2020 and 2021 may be underestimated, and need to be interpreted with caution.",577.023986816,414.701690674,779.683532715
MNE,EUR,Europe,2021,18.0,13.4,23.9,"For this geography and year, some non-communicable disease deaths may be included in a separate category called ""other pandemic-related mortality"" due to lack of vital registration data. Estimates of this indicator for 2020 and 2021 may be underestimated, and need to be interpreted with caution.",471.209838867,336.421844482,649.159484863
MNG,WPR,Western Pacific,2000,40.0,29.6,51.2,,1051.62902832,720.833129883,1513.386352539
MNG,WPR,Western Pacific,2001,40.2,29.8,51.5,,1066.731689453,735.362365723,1537.057250977
MNG,WPR,Western Pacific,2002,39.8,29.5,51.2,,1051.547485352,722.623901367,1519.807617188
MNG,WPR,Western Pacific,2003,39.5,29.1,50.9,,1042.515625,712.79083252,1506.22265625
MNG,WPR,Western Pacific,2004,38.9,28.7,50.4,,1022.222351074,699.059997559,1477.651000977
MNG,WPR,Western Pacific,2005,38.3,28.3,49.7,,1009.128356934,692.077514648,1457.092773438
MNG,WPR,Western Pacific,2006,37.2,27.5,48.4,,986.633544922,677.928710938,1422.884399414
MNG,WPR,Western Pacific,2007,36.0,26.7,47.1,,948.952209473,651.041809082,1367.100463867
MNG,WPR,Western Pacific,2008,34.9,26.0,45.5,,929.770751953,637.292114258,1337.415649414
MNG,WPR,Western Pacific,2009,36.1,26.9,46.8,,953.492919922,653.913574219,1363.389038086
MNG,WPR,Western Pacific,2010,35.9,26.8,46.4,,939.797302246,641.304992676,1343.244628906
MNG,WPR,Western Pacific,2011,34.5,25.5,44.4,,917.973144531,627.494873047,1313.750244141
MNG,WPR,Western Pacific,2012,33.1,24.3,42.6,,884.247131348,606.950134277,1269.663330078
MNG,WPR,Western Pacific,2013,32.4,23.8,41.8,,859.718933105,590.223937988,1235.766479492
MNG,WPR,Western Pacific,2014,31.6,23.2,40.8,,822.924926758,561.837463379,1182.7890625
MNG,WPR,Western Pacific,2015,31.0,22.9,40.3,,819.217956543,558.255187988,1170.53503418
MNG,WPR,Western Pacific,2016,30.4,22.5,39.7,,801.724121094,542.146972656,1136.834350586
MNG,WPR,Western Pacific,2017,29.6,21.9,38.5,,775.262756348,519.885437012,1091.304321289
MNG,WPR,Western Pacific,2018,29.2,21.5,38.3,,756.997802734,502.80758667,1060.875
MNG,WPR,Western Pacific,2019,28.7,21.1,37.9,,739.433959961,484.223388672,1037.876953125
MNG,WPR,Western Pacific,2020,24.5,17.7,32.7,"For this geography and year, some non-communicable disease deaths may be included in a separate category called ""other pandemic-related mortality"" due to lack of vital registration data. Estimates of this indicator for 2020 and 2021 may be underestimated, and need to be interpreted with caution.",614.326843262,402.176086426,870.756530762
MNG,WPR,Western Pacific,2021,26.3,18.7,35.1,"For this geography and year, some non-communicable disease deaths may be included in a separate category called ""other pandemic-related mortality"" due to lack of vital registration data. Estimates of this indicator for 2020 and 2021 may be underestimated, and need to be interpreted with caution.",711.514770508,469.998260498,1026.610229492
MOZ,AFR,Africa,2000,21.9,14.3,32.6,,570.84777832,315.582244873,924.950683594
MOZ,AFR,Africa,2001,21.2,13.6,31.6,,552.82635498,306.712768555,900.576843262
MOZ,AFR,Africa,2002,21.2,13.5,31.5,,554.288696289,308.363677979,905.317260742
MOZ,AFR,Africa,2003,20.9,13.3,31.1,,549.632995605,306.503143311,901.226074219
MOZ,AFR,Africa,2004,21.0,13.2,31.1,,552.229980469,308.724060059,908.32611084
MOZ,AFR,Africa,2005,21.3,13.3,31.3,,558.895874023,313.012329102,921.628112793
MOZ,AFR,Africa,2006,22.7,14.2,33.2,,592.888183594,332.645507813,980.714172363
MOZ,AFR,Africa,2007,25.5,16.0,36.6,,652.972167969,367.246582031,1078.324584961
MOZ,AFR,Africa,2008,26.3,16.4,37.6,,671.213134766,377.271270752,1111.920288086
MOZ,AFR,Africa,2009,27.1,16.8,38.5,,693.824279785,389.215698242,1151.313354492
MOZ,AFR,Africa,2010,27.9,17.3,39.4,,717.545959473,401.963378906,1191.488769531
MOZ,AFR,Africa,2011,28.1,17.3,39.8,,727.550292969,406.459716797,1210.879638672
MOZ,AFR,Africa,2012,28.0,17.2,39.8,,730.410400391,405.950653076,1217.217163086
MOZ,AFR,Africa,2013,28.7,17.7,41.0,,753.640075684,418.039794922,1260.885620117
MOZ,AFR,Africa,2014,29.7,18.4,42.8,,780.548156738,431.9894104,1314.071411133
MOZ,AFR,Africa,2015,29.6,18.3,43.1,,778.157043457,428.795532227,1318.786376953
MOZ,AFR,Africa,2016,30.2,18.8,44.4,,802.622009277,440.805664063,1371.070556641
MOZ,AFR,Africa,2017,30.3,18.9,45.1,,814.496398926,445.325500488,1399.967773438
MOZ,AFR,Africa,2018,29.8,18.6,44.8,,806.682189941,438.356903076,1393.234008789
MOZ,AFR,Africa,2019,28.7,17.9,43.8,,780.293884277,422.048187256,1353.724609375
MOZ,AFR,Africa,2020,28.8,18.1,44.3,"For this geography and year, some non-communicable disease deaths may be included in a separate category called ""other pandemic-related mortality"" due to lack of vital registration data. Estimates of this indicator for 2020 and 2021 may be underestimated, and need to be interpreted with caution.",778.736633301,419.813354492,1355.149291992
MOZ,AFR,Africa,2021,26.6,16.7,42.0,"For this geography and year, some non-communicable disease deaths may be included in a separate category called ""other pandemic-related mortality"" due to lack of vital registration data. Estimates of this indicator for 2020 and 2021 may be underestimated, and need to be interpreted with caution.",708.204956055,377.953521729,1244.241577148
MRT,AFR,Africa,2000,20.8,12.1,32.5,,553.43157959,300.608795166,953.210266113
MRT,AFR,Africa,2001,20.4,11.9,32.1,,541.368164063,294.223236084,933.735351563
MRT,AFR,Africa,2002,20.0,11.7,31.4,,537.678100586,292.134216309,927.941223145
MRT,AFR,Africa,2003,19.6,11.5,30.9,,525.126159668,285.972473145,906.147583008
MRT,AFR,Africa,2004,19.6,11.5,30.9,,530.442199707,289.02243042,912.599731445
MRT,AFR,Africa,2005,18.7,11.0,29.6,,509.172271729,277.297546387,876.452819824
MRT,AFR,Africa,2006,18.7,11.0,29.7,,513.398620605,278.823638916,882.406066895
MRT,AFR,Africa,2007,18.7,11.0,29.7,,511.782775879,278.290374756,876.58782959
MRT,AFR,Africa,2008,18.3,10.8,29.0,,502.8671875,273.323028564,860.467651367
MRT,AFR,Africa,2009,18.3,10.7,28.9,,504.895996094,275.170562744,865.163513184
MRT,AFR,Africa,2010,18.1,10.6,28.6,,503.172210693,275.094604492,862.457824707
MRT,AFR,Africa,2011,17.8,10.3,28.0,,494.111755371,270.461212158,847.446716309
MRT,AFR,Africa,2012,18.3,10.6,28.6,,509.77154541,278.177825928,874.814453125
MRT,AFR,Africa,2013,18.0,10.3,28.1,,504.573577881,275.027557373,862.970275879
MRT,AFR,Africa,2014,18.1,10.4,28.2,,507.373443604,275.575714111,863.741210938
MRT,AFR,Africa,2015,18.1,10.4,28.4,,508.242828369,273.930511475,865.030456543
MRT,AFR,Africa,2016,18.1,10.4,28.5,,512.074462891,274.679077148,869.269714355
MRT,AFR,Africa,2017,18.3,10.5,28.8,,518.182739258,276.614532471,878.771850586
MRT,AFR,Africa,2018,18.3,10.5,28.9,,520.13079834,276.239593506,880.418762207
MRT,AFR,Africa,2019,18.4,10.6,29.1,,525.852905273,277.99697876,886.15838623
MRT,AFR,Africa,2020,18.8,10.8,29.6,"For this geography and year, some non-communicable disease deaths may be included in a separate category called ""other pandemic-related mortality"" due to lack of vital registration data. Estimates of this indicator for 2020 and 2021 may be underestimated, and need to be interpreted with caution.",543.496948242,285.446960449,910.804138184
MRT,AFR,Africa,2021,18.7,10.6,29.4,"For this geography and year, some non-communicable disease deaths may be included in a separate category called ""other pandemic-related mortality"" due to lack of vital registration data. Estimates of this indicator for 2020 and 2021 may be underestimated, and need to be interpreted with caution.",527.207397461,273.692871094,882.194152832
MUS,AFR,Africa,2000,29.2,25.5,34.1,,740.081420898,615.112915039,919.53338623
MUS,AFR,Africa,2001,29.0,25.4,33.8,,732.70300293,609.131103516,911.518188477
MUS,AFR,Africa,2002,28.9,25.5,33.8,,720.107543945,600.851318359,896.18536377
MUS,AFR,Africa,2003,28.4,25.1,33.2,,726.086120605,607.215698242,906.601867676
MUS,AFR,Africa,2004,28.4,25.2,33.2,,714.898864746,599.077758789,895.980163574
MUS,AFR,Africa,2005,27.7,24.6,32.3,,701.448242188,585.532653809,887.773498535
MUS,AFR,Africa,2006,26.6,23.6,31.1,,685.533813477,572.192443848,872.555725098
MUS,AFR,Africa,2007,26.7,23.7,31.2,,672.142883301,561.563415527,861.041503906
MUS,AFR,Africa,2008,25.7,22.7,30.0,,652.652038574,546.028808594,839.652099609
MUS,AFR,Africa,2009,25.0,22.1,29.2,,635.482910156,530.429321289,820.545227051
MUS,AFR,Africa,2010,24.3,21.4,28.4,,614.177062988,512.083068848,795.344848633
MUS,AFR,Africa,2011,23.9,21.0,28.0,,603.49798584,501.279937744,782.039916992
MUS,AFR,Africa,2012,24.0,21.0,28.0,,597.325561523,495.796813965,771.426269531
MUS,AFR,Africa,2013,23.4,20.4,27.4,,590.299621582,489.02444458,762.58380127
MUS,AFR,Africa,2014,23.2,20.3,27.1,,578.694641113,479.72064209,747.484985352
MUS,AFR,Africa,2015,23.4,20.5,27.3,,575.707824707,476.657165527,745.054199219
MUS,AFR,Africa,2016,22.9,20.0,26.8,,569.772827148,471.097015381,739.094055176
MUS,AFR,Africa,2017,22.9,20.0,26.9,,564.827331543,467.336181641,733.349182129
MUS,AFR,Africa,2018,23.0,20.1,27.1,,564.832946777,467.557678223,732.434631348
MUS,AFR,Africa,2019,22.8,20.0,27.1,,559.712463379,462.522827148,729.574157715
MUS,AFR,Africa,2020,22.8,20.0,27.2,,589.572692871,485.245941162,777.789733887
MUS,AFR,Africa,2021,21.7,19.0,26.0,,566.707397461,466.866760254,747.709350586
MWI,AFR,Africa,2000,27.3,18.0,39.0,,720.629089355,439.718170166,1278.673583984
MWI,AFR,Africa,2001,26.5,17.4,37.8,,702.800476074,423.504089355,1224.540405273
MWI,AFR,Africa,2002,26.0,17.0,37.1,,689.632019043,411.280822754,1186.30090332
MWI,AFR,Africa,2003,26.4,17.3,37.5,,703.718261719,416.758850098,1198.722290039
MWI,AFR,Africa,2004,26.5,17.3,37.4,,699.114624023,412.074768066,1182.552978516
MWI,AFR,Africa,2005,25.3,16.4,35.8,,672.700317383,394.650817871,1135.685913086
MWI,AFR,Africa,2006,26.9,17.6,37.8,,694.071899414,407.467437744,1166.752685547
MWI,AFR,Africa,2007,26.2,17.2,36.9,,678.519042969,398.387695313,1138.448486328
MWI,AFR,Africa,2008,24.8,16.1,35.0,,651.719726563,382.345672607,1096.754272461
MWI,AFR,Africa,2009,24.6,15.9,34.7,,646.62713623,380.008636475,1092.232910156
MWI,AFR,Africa,2010,24.2,15.5,34.0,,629.548400879,369.947845459,1066.777099609
MWI,AFR,Africa,2011,24.3,15.5,34.1,,633.088256836,372.245727539,1078.041015625
MWI,AFR,Africa,2012,24.4,15.4,34.2,,632.424499512,371.951049805,1081.737670898
MWI,AFR,Africa,2013,24.0,15.0,33.7,,623.675170898,366.097198486,1071.0859375
MWI,AFR,Africa,2014,24.2,15.0,33.9,,630.165161133,368.929473877,1087.490478516
MWI,AFR,Africa,2015,24.6,15.1,34.5,,646.767150879,377.993499756,1120.182617188
MWI,AFR,Africa,2016,25.1,15.3,35.1,,659.059509277,384.012115479,1144.279663086
MWI,AFR,Africa,2017,25.8,15.5,35.8,,678.888122559,393.487304688,1181.425415039
MWI,AFR,Africa,2018,26.0,15.4,36.1,,688.618896484,397.134460449,1201.967163086
MWI,AFR,Africa,2019,26.1,15.3,36.3,,700.606994629,401.752471924,1226.419677734
MWI,AFR,Africa,2020,26.1,15.1,36.3,"For this geography and year, some non-communicable disease deaths may be included in a separate category called ""other pandemic-related mortality"" due to lack of vital registration data. Estimates of this indicator for 2020 and 2021 may be underestimated, and need to be interpreted with caution.",710.107421875,406.622009277,1251.725341797
MWI,AFR,Africa,2021,24.9,14.2,34.8,"For this geography and year, some non-communicable disease deaths may be included in a separate category called ""other pandemic-related mortality"" due to lack of vital registration data. Estimates of this indicator for 2020 and 2021 may be underestimated, and need to be interpreted with caution.",667.191589355,374.977813721,1166.771850586
MYS,WPR,Western Pacific,2000,22.3,17.5,28.6,,595.383178711,428.700805664,866.309631348
MYS,WPR,Western Pacific,2001,21.3,16.7,27.2,,573.792541504,418.630554199,836.479797363
MYS,WPR,Western Pacific,2002,20.9,16.4,26.5,,566.276855469,417.390319824,828.396606445
MYS,WPR,Western Pacific,2003,21.1,16.7,26.7,,578.351623535,431.196655273,848.412658691
MYS,WPR,Western Pacific,2004,20.6,16.3,26.1,,571.744628906,430.468475342,845.578979492
MYS,WPR,Western Pacific,2005,20.0,15.8,25.3,,560.317382813,425.974975586,835.662475586
MYS,WPR,Western Pacific,2006,19.6,15.4,24.7,,545.226989746,415.563171387,817.921508789
MYS,WPR,Western Pacific,2007,19.3,15.2,24.3,,537.460998535,408.451263428,808.530334473
MYS,WPR,Western Pacific,2008,19.5,15.3,24.6,,548.037353516,417.073974609,826.249145508
MYS,WPR,Western Pacific,2009,19.4,15.2,24.5,,555.67376709,423.552642822,844.640136719
MYS,WPR,Western Pacific,2010,19.2,14.7,24.9,,553.193725586,408.314575195,845.661804199
MYS,WPR,Western Pacific,2011,19.0,14.5,24.7,,535.913513184,384.475158691,799.97869873
MYS,WPR,Western Pacific,2012,18.3,14.3,23.6,,515.660705566,367.826965332,752.085327148
MYS,WPR,Western Pacific,2013,17.9,13.7,23.5,,512.30456543,354.273101807,749.139709473
MYS,WPR,Western Pacific,2014,18.1,14.0,23.7,,516.157165527,355.540527344,746.645812988
MYS,WPR,Western Pacific,2015,19.4,15.0,25.4,,533.869995117,365.009796143,771.882995605
MYS,WPR,Western Pacific,2016,19.6,15.0,25.7,,525.566101074,356.031036377,763.529724121
MYS,WPR,Western Pacific,2017,19.8,15.1,26.2,,529.042053223,356.613769531,774.06072998
MYS,WPR,Western Pacific,2018,19.9,15.1,26.5,,524.859008789,351.685211182,773.495666504
MYS,WPR,Western Pacific,2019,19.7,14.9,26.3,,519.429138184,345.789031982,770.079467773
MYS,WPR,Western Pacific,2020,17.4,13.0,23.4,"For this geography and year, some non-communicable disease deaths may be included in a separate category called ""other pandemic-related mortality"" due to lack of vital registration data. Estimates of this indicator for 2020 and 2021 may be underestimated, and need to be interpreted with caution.",435.3800354,286.064971924,649.265869141
MYS,WPR,Western Pacific,2021,19.9,15.0,26.8,"For this geography and year, some non-communicable disease deaths may be included in a separate category called ""other pandemic-related mortality"" due to lack of vital registration data. Estimates of this indicator for 2020 and 2021 may be underestimated, and need to be interpreted with caution.",526.368591309,345.583892822,788.53717041
NAM,AFR,Africa,2000,25.7,16.7,35.7,,663.033081055,393.274719238,1059.254882813
NAM,AFR,Africa,2001,25.7,16.7,35.6,,661.622680664,393.302368164,1056.628540039
NAM,AFR,Africa,2002,26.2,16.9,36.3,,661.134765625,392.110961914,1053.713989258
NAM,AFR,Africa,2003,26.3,17.1,36.5,,663.780456543,394.545288086,1058.787597656
NAM,AFR,Africa,2004,25.9,16.8,36.0,,654.563232422,389.466064453,1047.514404297
NAM,AFR,Africa,2005,25.3,16.4,35.2,,651.046875,388.473937988,1041.747802734
NAM,AFR,Africa,2006,24.2,15.7,33.7,,638.575378418,382.647613525,1025.250244141
NAM,AFR,Africa,2007,23.4,15.2,32.7,,620.606628418,371.869750977,997.687561035
NAM,AFR,Africa,2008,23.1,15.0,32.3,,602.163574219,359.802093506,972.027770996
NAM,AFR,Africa,2009,24.2,15.7,33.9,,659.670471191,392.480163574,1071.048217773
NAM,AFR,Africa,2010,23.9,15.4,33.5,,652.186828613,386.436401367,1060.76550293
NAM,AFR,Africa,2011,22.5,14.4,32.0,,612.880065918,362.019683838,1002.565124512
NAM,AFR,Africa,2012,22.1,14.1,31.7,,605.724731445,356.339752197,993.775756836
NAM,AFR,Africa,2013,22.1,14.1,31.9,,609.398376465,356.160552979,1003.091308594
NAM,AFR,Africa,2014,22.8,14.3,33.1,,628.003540039,364.193115234,1036.06640625
NAM,AFR,Africa,2015,23.7,14.8,34.4,,640.569091797,369.693389893,1060.747070313
NAM,AFR,Africa,2016,23.4,14.5,34.3,,635.554138184,366.898406982,1053.231567383
NAM,AFR,Africa,2017,23.2,14.4,34.2,,632.106079102,365.126373291,1048.948852539
NAM,AFR,Africa,2018,23.1,14.3,34.0,,632.807434082,366.767578125,1050.692260742
NAM,AFR,Africa,2019,22.8,14.0,33.5,,636.118774414,369.421142578,1054.960693359
NAM,AFR,Africa,2020,23.6,14.5,34.5,"For this geography and year, some non-communicable disease deaths may be included in a separate category called ""other pandemic-related mortality"" due to lack of vital registration data. Estimates of this indicator for 2020 and 2021 may be underestimated, and need to be interpreted with caution.",659.050415039,383.72277832,1091.232421875
NAM,AFR,Africa,2021,23.1,13.8,33.7,"For this geography and year, some non-communicable disease deaths may be included in a separate category called ""other pandemic-related mortality"" due to lack of vital registration data. Estimates of this indicator for 2020 and 2021 may be underestimated, and need to be interpreted with caution.",556.994689941,312.920837402,907.758056641
NER,AFR,Africa,2000,20.8,11.0,33.4,,555.932434082,260.461456299,1030.053710938
NER,AFR,Africa,2001,21.0,11.1,33.7,,563.196533203,263.964233398,1042.935058594
NER,AFR,Africa,2002,20.5,10.8,33.0,,557.008666992,260.480285645,1031.670532227
NER,AFR,Africa,2003,20.7,10.9,33.1,,562.015380859,262.595489502,1037.172851563
NER,AFR,Africa,2004,20.2,10.6,32.5,,550.05657959,256.5234375,1015.238830566
NER,AFR,Africa,2005,20.4,10.7,32.7,,558.945922852,260.200012207,1030.981323242
NER,AFR,Africa,2006,20.1,10.5,32.3,,548.116516113,255.382568359,1012.308776855
NER,AFR,Africa,2007,20.0,10.4,32.3,,552.888427734,257.585205078,1021.734985352
NER,AFR,Africa,2008,19.4,10.1,31.4,,537.665771484,251.160339355,995.75579834
NER,AFR,Africa,2009,19.7,10.3,31.7,,546.950561523,255.865600586,1012.358642578
NER,AFR,Africa,2010,19.8,10.3,31.8,,551.07232666,258.949798584,1019.093017578
NER,AFR,Africa,2011,20.2,10.6,32.6,,563.900146484,265.085021973,1043.544433594
NER,AFR,Africa,2012,20.6,10.9,33.0,,569.818847656,269.758789063,1052.360961914
NER,AFR,Africa,2013,20.8,11.2,33.1,,573.709838867,274.413787842,1055.096191406
NER,AFR,Africa,2014,20.9,11.2,33.1,,576.807556152,276.509124756,1058.476196289
NER,AFR,Africa,2015,20.9,10.9,33.4,,582.91809082,275.34854126,1076.140014648
NER,AFR,Africa,2016,20.8,11.0,33.3,,581.786376953,276.517120361,1073.755981445
NER,AFR,Africa,2017,20.7,11.0,33.1,,577.098937988,277.239990234,1064.369873047
NER,AFR,Africa,2018,20.7,11.1,33.2,,575.314208984,276.278930664,1062.466186523
NER,AFR,Africa,2019,20.6,11.1,33.4,,575.297546387,276.680633545,1062.897583008
NER,AFR,Africa,2020,20.6,11.1,33.5,"For this geography and year, some non-communicable disease deaths may be included in a separate category called ""other pandemic-related mortality"" due to lack of vital registration data. Estimates of this indicator for 2020 and 2021 may be underestimated, and need to be interpreted with caution.",578.6640625,276.910125732,1062.482177734
NER,AFR,Africa,2021,20.2,10.8,32.9,"For this geography and year, some non-communicable disease deaths may be included in a separate category called ""other pandemic-related mortality"" due to lack of vital registration data. Estimates of this indicator for 2020 and 2021 may be underestimated, and need to be interpreted with caution.",567.359130859,268.535949707,1037.688964844
NGA,AFR,Africa,2000,20.9,13.0,29.9,,570.44720459,343.792053223,873.015014648
NGA,AFR,Africa,2001,21.1,13.1,30.2,,576.931945801,347.052703857,882.498779297
NGA,AFR,Africa,2002,20.7,12.8,29.5,,565.614379883,341.969207764,860.645935059
NGA,AFR,Africa,2003,20.2,12.6,28.9,,557.203552246,337.466064453,845.53918457
NGA,AFR,Africa,2004,20.0,12.5,28.4,,551.616760254,336.324737549,835.624267578
NGA,AFR,Africa,2005,19.4,12.2,27.5,,536.914733887,328.603179932,809.657958984
NGA,AFR,Africa,2006,19.2,12.1,27.2,,534.575805664,327.570983887,806.082519531
NGA,AFR,Africa,2007,18.9,12.1,26.8,,529.041992188,325.966186523,796.340332031
NGA,AFR,Africa,2008,18.6,11.7,26.3,,518.959106445,318.351165771,779.4921875
NGA,AFR,Africa,2009,18.6,11.8,26.2,,519.271728516,317.535552979,778.354736328
NGA,AFR,Africa,2010,18.3,11.7,25.8,,511.630187988,314.541809082,766.744873047
NGA,AFR,Africa,2011,18.1,11.5,25.6,,506.359283447,309.528320313,756.928894043
NGA,AFR,Africa,2012,18.0,11.5,25.3,,503.183929443,307.441925049,749.466003418
NGA,AFR,Africa,2013,17.9,11.4,25.0,,498.501800537,306.641540527,739.645629883
NGA,AFR,Africa,2014,17.6,11.3,24.7,,492.149963379,303.133728027,729.176452637
NGA,AFR,Africa,2015,17.4,11.0,24.5,,489.209564209,298.458557129,724.921875
NGA,AFR,Africa,2016,17.3,10.9,24.2,,486.774932861,297.473419189,719.938415527
NGA,AFR,Africa,2017,17.1,10.6,24.1,,480.544586182,291.918670654,713.27154541
NGA,AFR,Africa,2018,17.1,10.6,24.1,,479.777923584,290.931518555,713.516235352
NGA,AFR,Africa,2019,17.1,10.7,24.2,,478.42074585,290.908477783,711.795654297
NGA,AFR,Africa,2020,17.9,10.9,25.5,"For this geography and year, some non-communicable disease deaths may be included in a separate category called ""other pandemic-related mortality"" due to lack of vital registration data. Estimates of this indicator for 2020 and 2021 may be underestimated, and need to be interpreted with caution.",498.706512451,297.367767334,745.738647461
NGA,AFR,Africa,2021,17.7,11.0,25.1,"For this geography and year, some non-communicable disease deaths may be included in a separate category called ""other pandemic-related mortality"" due to lack of vital registration data. Estimates of this indicator for 2020 and 2021 may be underestimated, and need to be interpreted with caution.",495.45993042,295.28817749,737.747924805
NIC,AMR,Americas,2000,13.4,10.0,17.7,,374.67980957,236.721374512,503.770355225
NIC,AMR,Americas,2001,13.7,10.3,18.1,,379.38381958,238.371871948,502.701293945
NIC,AMR,Americas,2002,14.4,10.9,19.0,,396.828674316,247.349502563,518.398925781
NIC,AMR,Americas,2003,14.3,10.7,18.8,,408.086090088,250.728134155,523.981872559
NIC,AMR,Americas,2004,14.3,10.7,18.8,,413.909484863,250.918106079,523.829589844
NIC,AMR,Americas,2005,14.8,11.0,19.3,,415.753143311,248.374298096,517.759033203
NIC,AMR,Americas,2006,13.1,9.6,17.2,,392.106018066,230.614685059,485.460357666
NIC,AMR,Americas,2007,14.0,10.3,18.2,,401.190673828,237.04006958,496.055999756
NIC,AMR,Americas,2008,14.4,10.6,18.7,,411.630340576,245.042984009,512.485046387
NIC,AMR,Americas,2009,14.1,10.4,18.5,,410.058563232,245.873916626,515.306762695
NIC,AMR,Americas,2010,13.6,10.0,17.9,,395.346160889,238.292709351,503.231231689
NIC,AMR,Americas,2011,14.0,10.4,18.5,,408.991363525,250.243667603,528.213806152
NIC,AMR,Americas,2012,14.2,10.5,18.7,,407.351196289,251.955001831,534.725891113
NIC,AMR,Americas,2013,13.9,10.3,18.4,,406.675323486,254.172683716,542.334655762
NIC,AMR,Americas,2014,14.0,10.4,18.6,,404.247131348,254.748291016,547.398254395
NIC,AMR,Americas,2015,12.9,9.5,17.3,,378.860015869,239.273406982,520.048095703
NIC,AMR,Americas,2016,13.6,10.1,18.3,,392.017883301,249.987792969,544.398742676
NIC,AMR,Americas,2017,13.2,9.8,18.0,,374.764343262,239.175567627,528.811218262
NIC,AMR,Americas,2018,13.1,9.7,17.9,,377.878173828,241.581726074,539.955871582
NIC,AMR,Americas,2019,12.8,9.4,17.6,,370.882598877,236.966583252,536.358520508
NIC,AMR,Americas,2020,12.4,8.9,17.5,,342.916870117,214.622039795,506.866241455
NIC,AMR,Americas,2021,12.6,8.8,18.4,,306.807830811,191.888687134,484.616912842
NLD,EUR,Europe,2000,16.4,14.4,18.5,,464.87097168,377.895172119,570.098449707
NLD,EUR,Europe,2001,15.9,14.0,18.0,,457.847564697,371.163299561,562.380981445
NLD,EUR,Europe,2002,15.7,13.8,17.8,,456.746765137,369.604766846,561.825744629
NLD,EUR,Europe,2003,15.1,13.2,17.1,,446.532623291,360.236602783,550.268249512
NLD,EUR,Europe,2004,14.5,12.7,16.5,,424.183349609,340.991210938,523.833190918
NLD,EUR,Europe,2005,14.0,12.2,15.9,,410.165557861,328.84072876,508.27645874
NLD,EUR,Europe,2006,13.5,11.8,15.3,,398.166046143,318.423278809,495.049072266
NLD,EUR,Europe,2007,13.2,11.5,15.0,,383.020507813,305.574829102,477.227722168
NLD,EUR,Europe,2008,13.0,11.3,14.8,,378.267974854,300.851257324,472.459594727
NLD,EUR,Europe,2009,12.6,11.0,14.4,,365.061096191,290.00088501,456.56350708
NLD,EUR,Europe,2010,12.6,10.9,14.3,,362.200653076,286.738708496,454.269866943
NLD,EUR,Europe,2011,12.1,10.6,13.8,,352.3621521,278.520172119,442.52255249
NLD,EUR,Europe,2012,12.0,10.4,13.7,,353.255126953,278.714630127,444.595733643
NLD,EUR,Europe,2013,11.6,10.1,13.2,,347.588470459,273.50668335,438.421844482
NLD,EUR,Europe,2014,11.1,9.6,12.7,,334.985717773,262.578063965,423.737884521
NLD,EUR,Europe,2015,11.2,9.6,12.8,,342.605651855,268.160369873,434.546905518
NLD,EUR,Europe,2016,11.1,9.5,12.7,,339.976989746,265.299285889,432.408111572
NLD,EUR,Europe,2017,10.6,9.1,12.2,,331.768981934,257.397918701,423.788787842
NLD,EUR,Europe,2018,10.3,8.8,11.9,,315.408416748,244.215698242,403.670349121
NLD,EUR,Europe,2019,10.0,8.4,11.5,,301.675628662,232.305099487,387.600463867
NLD,EUR,Europe,2020,9.6,8.0,11.2,,296.326782227,226.663742065,382.466522217
NLD,EUR,Europe,2021,9.9,8.2,11.6,,308.123565674,234.216323853,397.99597168
NOR,EUR,Europe,2000,14.3,13.4,15.2,,430.43081665,370.863250732,500.601928711
NOR,EUR,Europe,2001,14.0,13.1,14.8,,426.360626221,366.232910156,496.691131592
NOR,EUR,Europe,2002,13.9,13.1,14.8,,421.124206543,361.279296875,491.681976318
NOR,EUR,Europe,2003,13.1,12.3,14.0,,403.040283203,343.909515381,472.442169189
NOR,EUR,Europe,2004,12.7,11.8,13.5,,388.53604126,330.19229126,457.102172852
NOR,EUR,Europe,2005,12.3,11.5,13.2,,375.242919922,318.244506836,441.967712402
NOR,EUR,Europe,2006,12.0,11.2,12.8,,369.261810303,312.053344727,436.393554688
NOR,EUR,Europe,2007,12.0,11.2,12.7,,369.252868652,312.148376465,436.267089844
NOR,EUR,Europe,2008,11.7,10.9,12.4,,363.316223145,306.227996826,430.255950928
NOR,EUR,Europe,2009,11.3,10.5,12.0,,350.446960449,294.349365234,416.428833008
NOR,EUR,Europe,2010,11.2,10.5,12.0,,350.390167236,293.34753418,417.555938721
NOR,EUR,Europe,2011,10.8,10.1,11.5,,339.961090088,284.300933838,405.671905518
NOR,EUR,Europe,2012,10.6,9.9,11.4,,339.935821533,283.846191406,406.823303223
NOR,EUR,Europe,2013,10.5,9.8,11.3,,330.215576172,274.97668457,395.440734863
NOR,EUR,Europe,2014,9.9,9.2,10.6,,319.500488281,264.769592285,384.017730713
NOR,EUR,Europe,2015,9.5,8.8,10.1,,314.179229736,259.201812744,379.318359375
NOR,EUR,Europe,2016,9.4,8.7,10.1,,308.302978516,254.054031372,372.351531982
NOR,EUR,Europe,2017,9.1,8.4,9.8,,300.168823242,246.14276123,364.243774414
NOR,EUR,Europe,2018,8.7,8.0,9.4,,294.391143799,240.889923096,358.61138916
NOR,EUR,Europe,2019,8.3,7.7,9.0,,289.004577637,235.186584473,353.384765625
NOR,EUR,Europe,2020,8.0,7.4,8.7,,282.739807129,228.371459961,347.045776367
NOR,EUR,Europe,2021,7.8,7.2,8.5,,280.773284912,226.655212402,345.755249023
NPL,SEAR,South-East Asia,2000,19.6,11.7,29.1,,494.420227051,272.378631592,816.13671875
NPL,SEAR,South-East Asia,2001,19.0,11.4,28.3,,483.02154541,267.195587158,796.21307373
NPL,SEAR,South-East Asia,2002,18.5,11.1,27.5,,469.454986572,261.803344727,771.228027344
NPL,SEAR,South-East Asia,2003,18.4,11.1,27.3,,470.147735596,263.6171875,770.662902832
NPL,SEAR,South-East Asia,2004,18.2,11.1,27.1,,466.651519775,263.849212646,762.798461914
NPL,SEAR,South-East Asia,2005,18.2,11.1,27.0,,465.619689941,265.528106689,758.651306152
NPL,SEAR,South-East Asia,2006,18.3,11.3,27.2,,472.105499268,271.595550537,766.31640625
NPL,SEAR,South-East Asia,2007,18.6,11.5,27.5,,459.854370117,265.579071045,744.414306641
NPL,SEAR,South-East Asia,2008,18.9,11.8,27.9,,472.25088501,274.237335205,761.717590332
NPL,SEAR,South-East Asia,2009,19.2,12.0,28.3,,486.182434082,284.082550049,781.907714844
NPL,SEAR,South-East Asia,2010,19.1,12.1,28.3,,493.831787109,289.427124023,791.686462402
NPL,SEAR,South-East Asia,2011,19.6,12.4,28.9,,510.56930542,299.871520996,817.94921875
NPL,SEAR,South-East Asia,2012,20.1,12.8,29.8,,524.145080566,307.215606689,841.846923828
NPL,SEAR,South-East Asia,2013,20.3,12.9,30.0,,532.131530762,311.87713623,854.495544434
NPL,SEAR,South-East Asia,2014,20.6,13.0,30.6,,541.642822266,315.198486328,873.409667969
NPL,SEAR,South-East Asia,2015,20.7,13.1,30.7,,546.531616211,319.065002441,881.688354492
NPL,SEAR,South-East Asia,2016,20.5,12.9,30.7,,545.737792969,316.451965332,885.359008789
NPL,SEAR,South-East Asia,2017,20.4,12.9,30.6,,547.609008789,318.088470459,890.30871582
NPL,SEAR,South-East Asia,2018,20.5,12.9,30.9,,551.079589844,319.881896973,900.43572998
NPL,SEAR,South-East Asia,2019,20.4,12.8,30.7,,550.763183594,319.041778564,901.401428223
NPL,SEAR,South-East Asia,2020,20.4,12.8,30.6,"For this geography and year, some non-communicable disease deaths may be included in a separate category called ""other pandemic-related mortality"" due to lack of vital registration data. Estimates of this indicator for 2020 and 2021 may be underestimated, and need to be interpreted with caution.",550.101013184,319.141479492,903.052490234
NPL,SEAR,South-East Asia,2021,19.4,12.0,29.4,"For this geography and year, some non-communicable disease deaths may be included in a separate category called ""other pandemic-related mortality"" due to lack of vital registration data. Estimates of this indicator for 2020 and 2021 may be underestimated, and need to be interpreted with caution.",533.610107422,310.458404541,886.131958008
NZL,WPR,Western Pacific,2000,15.9,14.1,17.9,,430.528839111,351.555938721,520.789916992
NZL,WPR,Western Pacific,2001,15.8,14.0,17.7,,438.008636475,356.531738281,530.905456543
NZL,WPR,Western Pacific,2002,15.2,13.4,17.0,,428.813232422,348.50390625,520.35760498
NZL,WPR,Western Pacific,2003,14.6,12.9,16.4,,412.995574951,334.717803955,502.165802002
NZL,WPR,Western Pacific,2004,14.3,12.7,16.1,,411.624816895,332.587188721,501.195251465
NZL,WPR,Western Pacific,2005,13.3,11.7,15.0,,380.857727051,306.407043457,465.459259033
NZL,WPR,Western Pacific,2006,13.1,11.5,14.8,,384.421081543,308.121154785,472.089355469
NZL,WPR,Western Pacific,2007,13.0,11.4,14.7,,376.204986572,301.447906494,463.060302734
NZL,WPR,Western Pacific,2008,12.3,10.8,13.9,,364.114746094,291.360534668,449.141113281
NZL,WPR,Western Pacific,2009,12.0,10.5,13.5,,356.465026855,284.774810791,440.752471924
NZL,WPR,Western Pacific,2010,11.8,10.3,13.3,,340.586212158,271.341705322,422.345367432
NZL,WPR,Western Pacific,2011,11.9,10.4,13.5,,347.393859863,276.354888916,431.809020996
NZL,WPR,Western Pacific,2012,11.4,9.9,12.9,,336.152984619,266.593811035,418.957855225
NZL,WPR,Western Pacific,2013,11.0,9.6,12.5,,330.377716064,261.194915771,412.840911865
NZL,WPR,Western Pacific,2014,10.9,9.5,12.4,,334.278808594,263.817474365,418.775268555
NZL,WPR,Western Pacific,2015,10.9,9.4,12.4,,331.471160889,260.416717529,415.806396484
NZL,WPR,Western Pacific,2016,10.8,9.2,12.2,,317.234466553,247.404373169,397.447601318
NZL,WPR,Western Pacific,2017,11.0,9.4,12.4,,334.065979004,258.851287842,417.787994385
NZL,WPR,Western Pacific,2018,10.5,8.9,11.9,,316.276489258,243.918807983,397.003540039
NZL,WPR,Western Pacific,2019,10.4,8.8,11.9,,313.1199646,241.587051392,396.34274292
NZL,WPR,Western Pacific,2020,10.0,8.5,11.5,,292.338134766,224.514144897,373.871459961
NZL,WPR,Western Pacific,2021,10.3,8.7,11.9,,301.843231201,233.226135254,388.022766113
OMN,EMR,Eastern Mediterranean,2000,30.0,21.1,39.7,,696.893493652,460.015014648,1042.66003418
OMN,EMR,Eastern Mediterranean,2001,29.4,20.9,38.9,,668.958312988,443.50692749,998.255371094
OMN,EMR,Eastern Mediterranean,2002,28.9,20.7,38.1,,650.592956543,433.928283691,964.778930664
OMN,EMR,Eastern Mediterranean,2003,28.4,20.6,37.3,,639.642822266,429.906951904,940.978515625
OMN,EMR,Eastern Mediterranean,2004,28.1,20.6,36.7,,618.492431641,417.381164551,904.989501953
OMN,EMR,Eastern Mediterranean,2005,27.8,20.7,36.2,,610.963317871,417.504516602,886.437438965
OMN,EMR,Eastern Mediterranean,2006,27.4,20.6,35.6,,609.909606934,420.393218994,879.393493652
OMN,EMR,Eastern Mediterranean,2007,26.3,19.7,34.1,,607.434448242,419.658477783,872.605407715
OMN,EMR,Eastern Mediterranean,2008,26.3,19.4,33.7,,615.147399902,422.074951172,879.094604492
OMN,EMR,Eastern Mediterranean,2009,24.9,17.9,31.6,,599.639587402,406.909942627,847.711791992
OMN,EMR,Eastern Mediterranean,2010,26.9,19.9,34.8,,648.231689453,446.785186768,934.55065918
OMN,EMR,Eastern Mediterranean,2011,25.5,18.8,33.2,,641.040649414,427.549713135,898.738769531
OMN,EMR,Eastern Mediterranean,2012,23.7,16.8,30.7,,627.771057129,388.653930664,837.321716309
OMN,EMR,Eastern Mediterranean,2013,22.5,16.2,29.8,,612.199523926,380.879241943,812.77142334
OMN,EMR,Eastern Mediterranean,2014,22.8,16.7,30.8,,618.989685059,388.262542725,836.902404785
OMN,EMR,Eastern Mediterranean,2015,22.3,16.3,30.5,,631.562438965,392.637023926,853.311828613
OMN,EMR,Eastern Mediterranean,2016,21.9,15.9,30.2,,649.106140137,398.585540771,883.834838867
OMN,EMR,Eastern Mediterranean,2017,21.3,15.3,29.5,,630.021606445,385.872375488,867.301879883
OMN,EMR,Eastern Mediterranean,2018,20.6,14.5,28.6,,581.841674805,356.816070557,816.693115234
OMN,EMR,Eastern Mediterranean,2019,20.3,14.4,28.8,,565.571960449,352.066375732,819.213317871
OMN,EMR,Eastern Mediterranean,2020,17.7,12.1,27.4,"For this geography and year, some non-communicable disease deaths may be included in a separate category called ""other pandemic-related mortality"" due to lack of vital registration data. Estimates of this indicator for 2020 and 2021 may be underestimated, and need to be interpreted with caution.",630.846984863,387.472808838,962.123535156
OMN,EMR,Eastern Mediterranean,2021,14.6,10.1,22.4,"For this geography and year, some non-communicable disease deaths may be included in a separate category called ""other pandemic-related mortality"" due to lack of vital registration data. Estimates of this indicator for 2020 and 2021 may be underestimated, and need to be interpreted with caution.",532.058166504,337.70916748,835.851318359
PAK,EMR,Eastern Mediterranean,2000,30.1,21.9,39.4,,769.001281738,496.096313477,1161.942871094
PAK,EMR,Eastern Mediterranean,2001,30.1,22.1,39.5,,768.207458496,500.899383545,1160.008422852
PAK,EMR,Eastern Mediterranean,2002,30.1,22.2,39.5,,768.601074219,502.821594238,1153.370605469
PAK,EMR,Eastern Mediterranean,2003,30.2,22.3,39.5,,768.034118652,502.782592773,1145.289428711
PAK,EMR,Eastern Mediterranean,2004,29.9,22.1,39.3,,763.18939209,498.885131836,1133.913208008
PAK,EMR,Eastern Mediterranean,2005,29.7,21.9,39.0,,757.004699707,493.094696045,1121.283081055
PAK,EMR,Eastern Mediterranean,2006,29.3,21.5,38.8,,749.831359863,487.801940918,1111.073730469
PAK,EMR,Eastern Mediterranean,2007,28.9,21.0,38.4,,739.243774414,477.210906982,1097.182861328
PAK,EMR,Eastern Mediterranean,2008,28.6,20.7,38.2,,734.654785156,471.37600708,1089.806152344
PAK,EMR,Eastern Mediterranean,2009,28.4,20.4,38.2,,729.289611816,465.591491699,1085.351074219
PAK,EMR,Eastern Mediterranean,2010,28.1,20.1,37.9,,720.724121094,459.414489746,1071.403930664
PAK,EMR,Eastern Mediterranean,2011,27.9,19.8,37.8,,715.814453125,454.369567871,1064.717651367
PAK,EMR,Eastern Mediterranean,2012,27.7,19.6,37.6,,713.999267578,452.013458252,1061.622314453
PAK,EMR,Eastern Mediterranean,2013,27.7,19.6,37.7,,707.579284668,448.894073486,1050.699462891
PAK,EMR,Eastern Mediterranean,2014,27.5,19.4,37.6,,707.704528809,445.229217529,1052.04675293
PAK,EMR,Eastern Mediterranean,2015,27.3,19.2,37.5,,704.908630371,440.997131348,1046.543945313
PAK,EMR,Eastern Mediterranean,2016,27.1,19.0,37.5,,701.083862305,435.799224854,1043.40234375
PAK,EMR,Eastern Mediterranean,2017,26.9,18.8,37.3,,695.669067383,432.605773926,1034.961914063
PAK,EMR,Eastern Mediterranean,2018,26.5,18.5,36.8,,688.262939453,427.966827393,1027.619262695
PAK,EMR,Eastern Mediterranean,2019,26.3,18.2,36.7,,682.618286133,424.160980225,1024.439697266
PAK,EMR,Eastern Mediterranean,2020,26.5,18.3,37.1,"For this geography and year, some non-communicable disease deaths may be included in a separate category called ""other pandemic-related mortality"" due to lack of vital registration data. Estimates of this indicator for 2020 and 2021 may be underestimated, and need to be interpreted with caution.",687.725036621,428.488189697,1041.598144531
PAK,EMR,Eastern Mediterranean,2021,25.5,17.5,35.7,"For this geography and year, some non-communicable disease deaths may be included in a separate category called ""other pandemic-related mortality"" due to lack of vital registration data. Estimates of this indicator for 2020 and 2021 may be underestimated, and need to be interpreted with caution.",658.823730469,410.624694824,1002.077453613
PAN,AMR,Americas,2000,12.7,10.8,14.8,,415.631408691,349.656677246,570.600585938
PAN,AMR,Americas,2001,12.4,10.5,14.4,,422.630157471,355.413787842,582.839538574
PAN,AMR,Americas,2002,12.7,10.7,14.8,,414.722442627,347.363555908,569.89654541
PAN,AMR,Americas,2003,12.6,10.7,14.7,,426.265899658,357.632720947,585.007385254
PAN,AMR,Americas,2004,12.5,10.6,14.6,,421.766937256,353.68359375,580.362487793
PAN,AMR,Americas,2005,12.3,10.4,14.3,,415.988098145,348.159301758,571.389831543
PAN,AMR,Americas,2006,12.3,10.4,14.4,,400.363861084,333.550872803,548.849975586
PAN,AMR,Americas,2007,11.7,9.9,13.6,,389.511199951,323.678436279,534.51385498
PAN,AMR,Americas,2008,11.6,9.8,13.6,,378.136260986,312.81237793,519.160217285
PAN,AMR,Americas,2009,11.7,10.0,13.7,,370.597473145,306.010925293,504.27557373
PAN,AMR,Americas,2010,11.5,9.8,13.4,,378.985778809,311.796508789,515.919616699
PAN,AMR,Americas,2011,11.6,9.8,13.5,,364.522796631,297.582855225,492.968322754
PAN,AMR,Americas,2012,11.9,10.1,13.9,,373.33013916,303.654083252,504.845092773
PAN,AMR,Americas,2013,11.6,9.7,13.4,,366.33291626,297.479522705,493.25869751
PAN,AMR,Americas,2014,11.7,9.8,13.6,,365.907470703,295.598571777,491.660339355
PAN,AMR,Americas,2015,11.5,9.6,13.4,,363.328613281,291.649719238,488.201782227
PAN,AMR,Americas,2016,10.9,9.1,12.7,,365.587432861,293.439178467,492.491119385
PAN,AMR,Americas,2017,11.2,9.4,13.0,,366.586639404,293.154296875,493.39553833
PAN,AMR,Americas,2018,11.1,9.3,13.0,,355.745819092,283.193817139,479.680786133
PAN,AMR,Americas,2019,11.1,9.2,13.0,,351.66696167,278.028808594,474.04598999
PAN,AMR,Americas,2020,10.1,8.2,12.1,,323.894866943,251.289306641,442.987548828
PAN,AMR,Americas,2021,10.9,7.9,13.9,,341.413909912,242.610214233,486.397521973
PER,AMR,Americas,2000,11.0,7.9,15.1,,339.57409668,246.724411011,561.689575195
PER,AMR,Americas,2001,9.3,6.6,12.9,,312.949554443,224.044815063,515.966430664
PER,AMR,Americas,2002,9.6,6.8,13.3,,321.795837402,227.748687744,522.724182129
PER,AMR,Americas,2003,9.5,6.7,13.1,,322.104919434,224.267837524,516.593200684
PER,AMR,Americas,2004,9.4,6.5,12.9,,311.000762939,212.467803955,493.381164551
PER,AMR,Americas,2005,9.4,6.5,12.8,,279.205108643,187.097351074,434.425445557
PER,AMR,Americas,2006,9.2,6.3,12.5,,279.963348389,183.424560547,428.992492676
PER,AMR,Americas,2007,8.7,5.9,11.7,,263.362701416,169.244476318,397.391357422
PER,AMR,Americas,2008,8.7,5.9,11.7,,267.955841064,171.677001953,401.893829346
PER,AMR,Americas,2009,9.5,6.5,12.7,,283.006103516,183.49571228,423.867523193
PER,AMR,Americas,2010,9.7,6.6,13.1,,294.766143799,190.855133057,442.470214844
PER,AMR,Americas,2011,9.6,6.5,12.8,,288.075042725,186.099273682,431.43371582
PER,AMR,Americas,2012,9.2,6.3,12.4,,268.020477295,172.209915161,401.880554199
PER,AMR,Americas,2013,8.9,6.1,12.1,,253.902801514,161.847381592,378.956756592
PER,AMR,Americas,2014,9.0,6.1,12.3,,249.736846924,156.254730225,370.717163086
PER,AMR,Americas,2015,8.6,5.8,11.9,,252.25793457,154.860946655,370.61605835
PER,AMR,Americas,2016,8.3,5.6,11.5,,263.111663818,158.592834473,382.916717529
PER,AMR,Americas,2017,8.9,6.0,12.5,,279.032592773,166.510894775,404.57824707
PER,AMR,Americas,2018,9.7,6.5,13.8,,305.818450928,179.256454468,445.139404297
PER,AMR,Americas,2019,10.7,7.0,15.4,,325.199707031,187.396255493,479.466796875
PER,AMR,Americas,2020,12.1,7.9,17.7,,349.176116943,195.91166687,518.411132813
PER,AMR,Americas,2021,12.3,7.7,18.4,,336.057769775,185.903579712,517.036804199
PHL,WPR,Western Pacific,2000,21.2,17.5,27.4,,535.241027832,218.981567383,868.145751953
PHL,WPR,Western Pacific,2001,22.2,18.4,28.6,,562.882446289,243.809371948,898.748901367
PHL,WPR,Western Pacific,2002,22.7,19.0,29.1,,586.060302734,265.575164795,923.413085938
PHL,WPR,Western Pacific,2003,22.8,19.1,29.2,,586.907531738,274.287567139,915.981140137
PHL,WPR,Western Pacific,2004,23.3,19.7,29.6,,618.012939453,277.240142822,976.721191406
PHL,WPR,Western Pacific,2005,23.6,20.1,29.8,,616.987609863,289.97479248,961.211669922
PHL,WPR,Western Pacific,2006,24.6,21.2,30.8,,621.430297852,300.861053467,958.871643066
PHL,WPR,Western Pacific,2007,24.6,21.4,30.6,,614.350097656,296.747192383,948.668884277
PHL,WPR,Western Pacific,2008,24.7,21.4,30.8,,618.069580078,296.698974609,956.354431152
PHL,WPR,Western Pacific,2009,25.2,21.9,31.4,,626.422790527,299.935058594,970.094177246
PHL,WPR,Western Pacific,2010,25.0,21.9,31.0,,614.123413086,292.065338135,953.131896973
PHL,WPR,Western Pacific,2011,25.0,22.1,30.7,,613.34954834,297.440032959,945.885803223
PHL,WPR,Western Pacific,2012,25.2,22.4,30.8,,639.589660645,304.937316895,991.855285645
PHL,WPR,Western Pacific,2013,25.0,22.5,30.3,,639.541259766,301.929016113,994.922546387
PHL,WPR,Western Pacific,2014,25.5,23.3,30.5,,634.667602539,316.292510986,969.799255371
PHL,WPR,Western Pacific,2015,25.3,23.5,29.9,,667.528381348,308.79586792,1045.141479492
PHL,WPR,Western Pacific,2016,26.1,23.6,30.5,,665.467285156,645.510375977,988.249206543
PHL,WPR,Western Pacific,2017,24.9,22.6,28.9,,638.374511719,610.385375977,933.475524902
PHL,WPR,Western Pacific,2018,25.0,22.4,28.8,,648.757202148,608.951416016,936.559753418
PHL,WPR,Western Pacific,2019,25.3,22.3,29.4,,666.407104492,609.684875488,955.201477051
PHL,WPR,Western Pacific,2020,24.9,22.1,28.9,,640.242797852,581.833618164,903.968688965
PHL,WPR,Western Pacific,2021,31.9,25.8,39.8,,868.383117676,728.455688477,1313.339477539
PNG,WPR,Western Pacific,2000,30.4,18.8,43.2,,707.374938965,364.13949585,1018.81842041
PNG,WPR,Western Pacific,2001,31.1,19.4,44.0,,725.579406738,378.252624512,1047.817993164
PNG,WPR,Western Pacific,2002,30.5,19.1,43.3,,713.432006836,376.652496338,1035.306762695
PNG,WPR,Western Pacific,2003,30.5,19.2,43.3,,719.669494629,384.143157959,1047.716552734
PNG,WPR,Western Pacific,2004,30.3,19.1,42.9,,714.747558594,385.153961182,1043.459106445
PNG,WPR,Western Pacific,2005,30.4,19.3,42.9,,718.356079102,390.037536621,1052.334228516
PNG,WPR,Western Pacific,2006,30.5,19.5,43.0,,722.579467773,395.745574951,1059.78137207
PNG,WPR,Western Pacific,2007,30.7,19.7,43.2,,716.821716309,396.49822998,1054.529052734
PNG,WPR,Western Pacific,2008,30.1,19.3,42.5,,697.763122559,388.483154297,1032.047851563
PNG,WPR,Western Pacific,2009,29.2,18.7,41.3,,691.523193359,385.823364258,1023.614807129
PNG,WPR,Western Pacific,2010,29.5,19.0,41.6,,698.459594727,391.89465332,1037.132568359
PNG,WPR,Western Pacific,2011,29.6,19.0,41.7,,700.937011719,394.891021729,1044.454711914
PNG,WPR,Western Pacific,2012,30.3,19.5,42.7,,709.897644043,402.562530518,1063.776123047
PNG,WPR,Western Pacific,2013,30.2,19.4,42.7,,715.901977539,406.832824707,1076.500488281
PNG,WPR,Western Pacific,2014,30.9,19.8,43.7,,737.071899414,419.313751221,1115.346435547
PNG,WPR,Western Pacific,2015,30.9,19.7,43.8,,733.350708008,417.42364502,1118.098876953
PNG,WPR,Western Pacific,2016,30.7,19.5,43.6,,732.088562012,416.420562744,1121.21862793
PNG,WPR,Western Pacific,2017,30.1,19.0,43.0,,715.252685547,406.168212891,1103.611694336
PNG,WPR,Western Pacific,2018,30.2,19.0,43.2,,720.606384277,409.413360596,1117.326782227
PNG,WPR,Western Pacific,2019,30.7,19.3,43.8,,733.24609375,417.131408691,1139.563842773
PNG,WPR,Western Pacific,2020,30.3,19.0,43.4,"For this geography and year, some non-communicable disease deaths may be included in a separate category called ""other pandemic-related mortality"" due to lack of vital registration data. Estimates of this indicator for 2020 and 2021 may be underestimated, and need to be interpreted with caution.",700.035888672,400.578674316,1095.649414063
PNG,WPR,Western Pacific,2021,28.5,17.8,41.4,"For this geography and year, some non-communicable disease deaths may be included in a separate category called ""other pandemic-related mortality"" due to lack of vital registration data. Estimates of this indicator for 2020 and 2021 may be underestimated, and need to be interpreted with caution.",660.867126465,377.12020874,1048.991699219
POL,EUR,Europe,2000,25.0,24.2,26.1,,640.128234863,580.954711914,709.55682373
POL,EUR,Europe,2001,24.4,23.6,25.5,,624.836608887,567.080322266,694.873168945
POL,EUR,Europe,2002,23.5,22.7,24.5,,604.55078125,547.618835449,674.062988281
POL,EUR,Europe,2003,23.2,22.4,24.3,,606.506164551,548.559631348,677.128845215
POL,EUR,Europe,2004,22.9,22.1,24.0,,591.070068359,534.389770508,661.274353027
POL,EUR,Europe,2005,22.5,21.8,23.6,,582.829101563,526.311401367,654.547241211
POL,EUR,Europe,2006,22.4,21.7,23.5,,570.196044922,514.870788574,641.005371094
POL,EUR,Europe,2007,22.2,21.5,23.4,,567.08807373,512.068359375,638.327087402
POL,EUR,Europe,2008,21.6,21.0,22.8,,552.503479004,498.663330078,622.55847168
POL,EUR,Europe,2009,21.5,20.8,22.6,,546.479736328,493.298919678,616.551879883
POL,EUR,Europe,2010,20.6,19.9,21.7,,520.3203125,468.627655029,588.944396973
POL,EUR,Europe,2011,20.0,19.5,21.2,,502.876647949,453.031005859,570.74621582
POL,EUR,Europe,2012,20.2,19.7,21.4,,503.657897949,455.061065674,572.670776367
POL,EUR,Europe,2013,19.8,19.4,21.0,,493.860626221,446.056488037,562.344848633
POL,EUR,Europe,2014,19.1,18.6,20.3,,469.771026611,423.776306152,536.789855957
POL,EUR,Europe,2015,19.5,19.1,20.8,,482.596740723,435.778961182,552.272521973
POL,EUR,Europe,2016,18.6,18.2,19.9,,465.514587402,420.071746826,534.969787598
POL,EUR,Europe,2017,18.2,17.7,19.4,,469.887329102,424.768280029,542.470825195
POL,EUR,Europe,2018,18.2,17.6,19.3,,464.91192627,421.028137207,537.813537598
POL,EUR,Europe,2019,17.7,17.2,18.9,,457.033111572,413.400878906,530.895568848
POL,EUR,Europe,2020,17.7,16.6,19.5,,471.162200928,415.432373047,560.147155762
POL,EUR,Europe,2021,17.0,15.4,19.3,,460.197875977,391.487243652,559.723449707
PRI,AMR,Americas,2000,15.2,13.2,17.9,,443.965820313,346.735412598,541.417541504
PRI,AMR,Americas,2001,15.3,13.3,18.0,,441.912994385,344.514312744,537.329711914
PRI,AMR,Americas,2002,14.3,12.5,17.0,,414.149475098,319.777374268,502.115356445
PRI,AMR,Americas,2003,14.0,12.4,16.8,,406.415374756,311.133514404,489.057678223
PRI,AMR,Americas,2004,13.8,12.3,16.8,,402.400756836,305.584960938,480.377471924
PRI,AMR,Americas,2005,13.6,12.3,16.7,,395.919128418,298.876831055,470.570617676
PRI,AMR,Americas,2006,13.3,12.1,16.5,,381.862121582,286.06072998,451.77154541
PRI,AMR,Americas,2007,13.1,12.1,16.5,,373.517425537,277.959350586,439.380218506
PRI,AMR,Americas,2008,12.7,11.8,16.2,,366.633666992,271.101043701,428.8203125
PRI,AMR,Americas,2009,12.8,12.2,16.8,,365.559112549,270.201416016,425.71862793
PRI,AMR,Americas,2010,12.1,11.6,16.0,,348.945281982,256.380554199,406.144256592
PRI,AMR,Americas,2011,12.4,11.7,16.2,,359.616149902,266.764373779,421.678894043
PRI,AMR,Americas,2012,11.6,10.8,15.0,,340.557220459,253.468383789,401.70904541
PRI,AMR,Americas,2013,11.8,10.8,15.0,,343.540100098,257.394134521,406.695373535
PRI,AMR,Americas,2014,11.4,10.2,14.2,,334.14642334,250.982055664,397.418426514
PRI,AMR,Americas,2015,11.2,9.8,13.7,,316.603973389,237.427947998,379.448181152
PRI,AMR,Americas,2016,11.3,9.7,13.6,,322.360290527,242.437820435,388.02835083
PRI,AMR,Americas,2017,11.8,10.0,14.1,,332.244293213,252.570205688,404.923583984
PRI,AMR,Americas,2018,10.6,8.9,12.7,,307.615509033,234.119018555,379.888305664
PRI,AMR,Americas,2019,10.7,9.0,12.7,,314.218933105,239.088928223,389.957366943
PRI,AMR,Americas,2020,10.7,8.7,12.6,"For this geography and year, some non-communicable disease deaths may be included in a separate category called ""other pandemic-related mortality"" due to lack of vital registration data. Estimates of this indicator for 2020 and 2021 may be underestimated, and need to be interpreted with caution.",315.378326416,237.776809692,395.539245605
PRI,AMR,Americas,2021,10.1,7.6,12.6,"For this geography and year, some non-communicable disease deaths may be included in a separate category called ""other pandemic-related mortality"" due to lack of vital registration data. Estimates of this indicator for 2020 and 2021 may be underestimated, and need to be interpreted with caution.",319.093444824,226.643096924,418.805023193
PRK,SEAR,South-East Asia,2000,23.8,15.0,33.4,,644.520019531,390.420532227,1059.434814453
PRK,SEAR,South-East Asia,2001,23.7,15.0,33.2,,646.721008301,390.709869385,1063.108398438
PRK,SEAR,South-East Asia,2002,24.3,15.4,34.0,,666.499023438,402.377105713,1089.408691406
PRK,SEAR,South-East Asia,2003,24.2,15.3,33.8,,637.909545898,386.115600586,1032.666870117
PRK,SEAR,South-East Asia,2004,24.2,15.5,33.8,,628.709716797,378.443603516,1011.020996094
PRK,SEAR,South-East Asia,2005,24.2,15.5,33.7,,626.476867676,375.290496826,1000.329284668
PRK,SEAR,South-East Asia,2006,24.1,15.5,33.7,,630.983581543,376.337249756,999.928039551
PRK,SEAR,South-East Asia,2007,25.1,16.2,34.9,,653.341125488,387.661529541,1028.318725586
PRK,SEAR,South-East Asia,2008,26.0,16.8,36.1,,674.956848145,398.405822754,1054.770385742
PRK,SEAR,South-East Asia,2009,26.3,16.9,36.5,,682.243347168,401.29208374,1064.611694336
PRK,SEAR,South-East Asia,2010,26.7,17.2,37.1,,692.306396484,406.554473877,1082.068115234
PRK,SEAR,South-East Asia,2011,26.9,17.3,37.4,,695.673339844,407.537200928,1087.591796875
PRK,SEAR,South-East Asia,2012,26.7,17.2,37.2,,689.737304688,403.826385498,1078.105102539
PRK,SEAR,South-East Asia,2013,26.8,17.3,37.4,,686.950744629,402.269348145,1073.730957031
PRK,SEAR,South-East Asia,2014,26.8,17.3,37.4,,680.428710938,398.065887451,1062.755615234
PRK,SEAR,South-East Asia,2015,27.0,17.5,37.7,,678.84942627,398.275360107,1064.332519531
PRK,SEAR,South-East Asia,2016,26.5,17.2,37.2,,664.95501709,391.624206543,1048.6796875
PRK,SEAR,South-East Asia,2017,25.5,16.4,35.9,,639.306640625,377.123168945,1014.131958008
PRK,SEAR,South-East Asia,2018,24.6,15.8,34.9,,618.929443359,366.159393311,988.244018555
PRK,SEAR,South-East Asia,2019,24.6,15.8,35.1,,616.508361816,365.633331299,989.785888672
PRK,SEAR,South-East Asia,2020,24.3,15.6,34.8,"For this geography and year, some non-communicable disease deaths may be included in a separate category called ""other pandemic-related mortality"" due to lack of vital registration data. Estimates of this indicator for 2020 and 2021 may be underestimated, and need to be interpreted with caution.",600.71673584,358.304840088,972.126037598
PRK,SEAR,South-East Asia,2021,23.7,15.1,34.2,"For this geography and year, some non-communicable disease deaths may be included in a separate category called ""other pandemic-related mortality"" due to lack of vital registration data. Estimates of this indicator for 2020 and 2021 may be underestimated, and need to be interpreted with caution.",584.051818848,347.78527832,955.450927734
PRT,EUR,Europe,2000,15.8,13.6,18.3,,486.233642578,400.709899902,612.806274414
PRT,EUR,Europe,2001,15.5,13.3,17.8,,474.80581665,389.894775391,599.813049316
PRT,EUR,Europe,2002,15.0,12.9,17.3,,468.030212402,383.276062012,593.129455566
PRT,EUR,Europe,2003,14.8,12.7,17.1,,467.923553467,382.076782227,595.706115723
PRT,EUR,Europe,2004,14.0,12.0,16.2,,429.356384277,348.094482422,548.295776367
PRT,EUR,Europe,2005,14.2,12.1,16.4,,440.11807251,354.933563232,564.004638672
PRT,EUR,Europe,2006,13.5,11.5,15.6,,408.547912598,327.700317383,524.402038574
PRT,EUR,Europe,2007,13.1,11.2,15.2,,402.948455811,321.739776611,518.599121094
PRT,EUR,Europe,2008,12.8,10.9,14.9,,393.12487793,312.559234619,506.890563965
PRT,EUR,Europe,2009,12.6,10.7,14.7,,384.284362793,304.358123779,495.97769165
PRT,EUR,Europe,2010,12.4,10.5,14.4,,376.870483398,296.724761963,486.052642822
PRT,EUR,Europe,2011,12.2,10.4,14.3,,357.863677979,280.420715332,460.776885986
PRT,EUR,Europe,2012,12.1,10.2,14.1,,359.663024902,280.707397461,464.131378174
PRT,EUR,Europe,2013,11.8,10.0,13.9,,350.64755249,272.181518555,452.481506348
PRT,EUR,Europe,2014,11.5,9.7,13.4,,337.711456299,260.56427002,435.574920654
PRT,EUR,Europe,2015,11.5,9.7,13.4,,338.843994141,259.556671143,436.351348877
PRT,EUR,Europe,2016,11.5,9.6,13.5,,339.846038818,258.779205322,436.784088135
PRT,EUR,Europe,2017,11.4,9.5,13.4,,332.014831543,251.392227173,426.40032959
PRT,EUR,Europe,2018,11.4,9.4,13.3,,334.587768555,251.479598999,429.946655273
PRT,EUR,Europe,2019,11.2,9.2,13.2,,329.705871582,245.25579834,423.479309082
PRT,EUR,Europe,2020,10.7,8.7,12.6,,323.61541748,237.468841553,416.753753662
PRT,EUR,Europe,2021,10.5,8.5,12.4,,306.595825195,222.980484009,393.136779785
PRY,AMR,Americas,2000,17.5,13.0,23.3,,430.472045898,312.589263916,672.918029785
PRY,AMR,Americas,2001,16.8,12.3,22.3,,422.918487549,305.826324463,661.684509277
PRY,AMR,Americas,2002,16.9,12.3,22.4,,424.157165527,305.926605225,662.585632324
PRY,AMR,Americas,2003,17.4,12.7,23.0,,425.199401855,305.350189209,659.229797363
PRY,AMR,Americas,2004,17.9,13.1,23.5,,440.656768799,315.354064941,675.968017578
PRY,AMR,Americas,2005,17.8,13.0,23.4,,443.649597168,314.774108887,677.801147461
PRY,AMR,Americas,2006,18.0,13.2,23.6,,452.706573486,319.081848145,686.730041504
PRY,AMR,Americas,2007,18.1,13.2,23.7,,445.971618652,312.247283936,671.894958496
PRY,AMR,Americas,2008,17.6,12.9,23.0,,449.114471436,313.328765869,674.010986328
PRY,AMR,Americas,2009,17.9,13.1,23.4,,450.837097168,313.016479492,672.318664551
PRY,AMR,Americas,2010,18.0,13.1,23.5,,463.889465332,321.732757568,690.336425781
PRY,AMR,Americas,2011,17.2,12.5,22.5,,456.362823486,315.132202148,677.193603516
PRY,AMR,Americas,2012,17.0,12.3,22.1,,455.961669922,312.587371826,675.28326416
PRY,AMR,Americas,2013,16.8,12.0,21.9,,460.023040771,314.106658936,682.18560791
PRY,AMR,Americas,2014,16.4,11.7,21.5,,462.293670654,312.954589844,685.463134766
PRY,AMR,Americas,2015,16.6,11.8,21.7,,468.783996582,317.17767334,695.12097168
PRY,AMR,Americas,2016,16.7,11.9,21.9,,477.013977051,322.345306396,710.224304199
PRY,AMR,Americas,2017,16.4,11.7,21.7,,466.881286621,313.6277771,699.618103027
PRY,AMR,Americas,2018,16.5,11.6,22.0,,473.287536621,315.977874756,715.008361816
PRY,AMR,Americas,2019,16.5,11.4,22.2,,473.203887939,310.327178955,724.852844238
PRY,AMR,Americas,2020,15.5,10.6,21.0,,432.726806641,280.470581055,665.301757813
PRY,AMR,Americas,2021,16.1,10.6,22.8,,455.78225708,285.955688477,726.59387207
PSE,EMR,Eastern Mediterranean,2000,25.2,18.4,31.6,,775.156066895,527.872253418,1060.358276367
PSE,EMR,Eastern Mediterranean,2001,25.2,18.5,31.4,,774.731994629,531.631164551,1053.599853516
PSE,EMR,Eastern Mediterranean,2002,25.4,18.8,31.4,,779.20904541,537.426025391,1053.3359375
PSE,EMR,Eastern Mediterranean,2003,25.0,18.5,30.9,,771.535705566,534.020324707,1040.095703125
PSE,EMR,Eastern Mediterranean,2004,24.9,18.4,30.7,,779.68572998,540.640258789,1047.326171875
PSE,EMR,Eastern Mediterranean,2005,24.6,18.2,30.3,,778.569458008,540.221923828,1044.600341797
PSE,EMR,Eastern Mediterranean,2006,24.4,18.0,30.0,,775.598083496,538.608154297,1039.794799805
PSE,EMR,Eastern Mediterranean,2007,24.2,17.9,29.7,,777.962646484,541.397033691,1041.026611328
PSE,EMR,Eastern Mediterranean,2008,23.6,17.5,28.9,,765.365478516,533.799743652,1023.130004883
PSE,EMR,Eastern Mediterranean,2009,23.2,17.2,28.4,,755.221313477,527.513977051,1007.953491211
PSE,EMR,Eastern Mediterranean,2010,23.0,17.1,28.1,,748.535217285,522.617492676,998.801086426
PSE,EMR,Eastern Mediterranean,2011,23.2,17.3,28.3,,733.678955078,511.563232422,978.088195801
PSE,EMR,Eastern Mediterranean,2012,22.4,16.6,27.3,,690.448669434,480.682495117,919.229492188
PSE,EMR,Eastern Mediterranean,2013,21.0,15.5,25.7,,653.352172852,452.866485596,870.86920166
PSE,EMR,Eastern Mediterranean,2014,20.3,14.9,24.9,,636.955200195,438.749938965,852.477294922
PSE,EMR,Eastern Mediterranean,2015,20.4,15.0,25.1,,628.257507324,433.198242188,840.528686523
PSE,EMR,Eastern Mediterranean,2016,19.6,14.4,24.3,,601.496826172,411.802642822,806.784912109
PSE,EMR,Eastern Mediterranean,2017,18.8,13.7,23.5,,578.929016113,392.749084473,779.469299316
PSE,EMR,Eastern Mediterranean,2018,18.3,13.3,23.1,,562.931945801,378.347351074,762.583496094
PSE,EMR,Eastern Mediterranean,2019,18.5,13.3,23.5,,559.388977051,372.138702393,762.300231934
PSE,EMR,Eastern Mediterranean,2020,18.1,12.8,23.6,"For this geography and year, some non-communicable disease deaths may be included in a separate category called ""other pandemic-related mortality"" due to lack of vital registration data. Estimates of this indicator for 2020 and 2021 may be underestimated, and need to be interpreted with caution.",548.397888184,358.272796631,756.720458984
PSE,EMR,Eastern Mediterranean,2021,18.3,12.9,23.9,"For this geography and year, some non-communicable disease deaths may be included in a separate category called ""other pandemic-related mortality"" due to lack of vital registration data. Estimates of this indicator for 2020 and 2021 may be underestimated, and need to be interpreted with caution.",557.942749023,363.16595459,772.477966309
QAT,EMR,Eastern Mediterranean,2000,28.8,21.1,37.7,,948.436218262,643.047851563,1391.634277344
QAT,EMR,Eastern Mediterranean,2001,28.6,21.0,37.5,,967.935791016,661.394287109,1422.852416992
QAT,EMR,Eastern Mediterranean,2002,28.8,21.1,37.7,,984.973327637,677.530944824,1451.682006836
QAT,EMR,Eastern Mediterranean,2003,28.4,20.8,37.1,,966.229858398,668.393798828,1422.979125977
QAT,EMR,Eastern Mediterranean,2004,27.5,20.2,35.9,,939.809448242,637.737243652,1353.225585938
QAT,EMR,Eastern Mediterranean,2005,26.7,19.5,34.7,,917.691101074,611.498352051,1292.361694336
QAT,EMR,Eastern Mediterranean,2006,25.1,18.1,32.5,,879.833312988,560.477294922,1184.52746582
QAT,EMR,Eastern Mediterranean,2007,24.0,17.4,31.4,,863.558105469,512.870239258,1088.418823242
QAT,EMR,Eastern Mediterranean,2008,22.7,16.6,30.1,,825.606994629,484.940460205,1035.474853516
QAT,EMR,Eastern Mediterranean,2009,21.4,15.7,28.7,,796.133972168,488.868164063,1053.21472168
QAT,EMR,Eastern Mediterranean,2010,20.0,14.4,26.7,,745.68182373,456.578857422,999.473388672
QAT,EMR,Eastern Mediterranean,2011,18.6,13.1,24.8,,677.907348633,397.072814941,880.398925781
QAT,EMR,Eastern Mediterranean,2012,17.5,12.3,23.5,,621.240783691,356.797515869,796.422912598
QAT,EMR,Eastern Mediterranean,2013,16.4,11.5,22.4,,560.983154297,322.266204834,731.769287109
QAT,EMR,Eastern Mediterranean,2014,15.5,10.8,21.3,,514.862121582,292.410858154,679.887329102
QAT,EMR,Eastern Mediterranean,2015,14.6,10.0,20.3,,456.891448975,259.246582031,623.063415527
QAT,EMR,Eastern Mediterranean,2016,14.1,9.6,19.9,,441.889709473,259.611755371,638.377807617
QAT,EMR,Eastern Mediterranean,2017,13.7,9.2,19.5,,432.010803223,256.073028564,643.976501465
QAT,EMR,Eastern Mediterranean,2018,13.4,8.8,19.4,,429.157287598,252.150009155,653.091186523
QAT,EMR,Eastern Mediterranean,2019,12.9,8.4,19.1,,421.265197754,251.055389404,666.956237793
QAT,EMR,Eastern Mediterranean,2020,12.0,7.5,18.2,"For this geography and year, some non-communicable disease deaths may be included in a separate category called ""other pandemic-related mortality"" due to lack of vital registration data. Estimates of this indicator for 2020 and 2021 may be underestimated, and need to be interpreted with caution.",469.650817871,279.498352051,757.283569336
QAT,EMR,Eastern Mediterranean,2021,12.1,8.0,19.3,"For this geography and year, some non-communicable disease deaths may be included in a separate category called ""other pandemic-related mortality"" due to lack of vital registration data. Estimates of this indicator for 2020 and 2021 may be underestimated, and need to be interpreted with caution.",479.909545898,286.732330322,773.925170898
ROU,EUR,Europe,2000,26.4,23.2,29.2,,737.336853027,616.098815918,856.694274902
ROU,EUR,Europe,2001,26.6,23.4,29.4,,738.096557617,617.235778809,860.261169434
ROU,EUR,Europe,2002,27.2,23.9,30.0,,770.922668457,645.617919922,899.536437988
ROU,EUR,Europe,2003,26.7,23.5,29.6,,761.100036621,639.06842041,891.346923828
ROU,EUR,Europe,2004,25.7,22.5,28.5,,726.222412109,615.561950684,860.623474121
ROU,EUR,Europe,2005,25.5,22.2,28.2,,722.370056152,619.588195801,866.071228027
ROU,EUR,Europe,2006,24.8,21.6,27.4,,697.663879395,599.175109863,838.934020996
ROU,EUR,Europe,2007,24.1,21.0,26.7,,666.78527832,567.862365723,799.133300781
ROU,EUR,Europe,2008,23.7,20.6,26.3,,654.773986816,553.427062988,781.382324219
ROU,EUR,Europe,2009,23.7,20.7,26.4,,654.392272949,548.772277832,777.656921387
ROU,EUR,Europe,2010,23.1,20.1,25.8,,646.954467773,539.269775391,766.683959961
ROU,EUR,Europe,2011,22.1,19.2,24.7,,616.962646484,510.696563721,728.446105957
ROU,EUR,Europe,2012,22.0,19.1,24.7,,612.135314941,505.306396484,722.017456055
ROU,EUR,Europe,2013,21.4,18.6,24.1,,582.211425781,478.852783203,687.843688965
ROU,EUR,Europe,2014,21.6,18.8,24.4,,589.738525391,485.131103516,697.760559082
ROU,EUR,Europe,2015,21.6,18.8,24.4,,591.137451172,485.2527771,699.762084961
ROU,EUR,Europe,2016,21.7,18.8,24.5,,580.24005127,475.517730713,689.724487305
ROU,EUR,Europe,2017,21.6,18.6,24.4,,578.99407959,474.710266113,692.427185059
ROU,EUR,Europe,2018,21.8,18.7,24.6,,575.217041016,471.5440979,693.458862305
ROU,EUR,Europe,2019,21.1,18.1,23.9,,554.776916504,454.165985107,674.212646484
ROU,EUR,Europe,2020,21.5,18.1,24.8,,567.215576172,457.50994873,699.114807129
ROU,EUR,Europe,2021,21.5,17.7,25.4,,571.513671875,451.882476807,718.592590332
RUS,EUR,Europe,2000,36.9,36.1,37.6,,938.20526123,882.324890137,1008.610961914
RUS,EUR,Europe,2001,37.3,36.4,38.0,,943.250976563,885.489624023,1012.018676758
RUS,EUR,Europe,2002,38.1,37.3,38.8,,970.238098145,908.562072754,1035.652954102
RUS,EUR,Europe,2003,38.1,37.2,38.8,,998.919250488,932.468017578,1066.117919922
RUS,EUR,Europe,2004,37.2,36.3,37.8,,966.809936523,900.961791992,1036.239257813
RUS,EUR,Europe,2005,37.3,36.4,38.0,,972.158569336,904.42388916,1042.978515625
RUS,EUR,Europe,2006,34.6,33.8,35.2,,909.410461426,844.982971191,978.379089355
RUS,EUR,Europe,2007,32.9,32.0,33.5,,861.006164551,798.197814941,929.981262207
RUS,EUR,Europe,2008,32.8,32.0,33.4,,850.731323242,790.20690918,918.670043945
RUS,EUR,Europe,2009,31.5,30.7,32.1,,815.339355469,755.637695313,883.39465332
RUS,EUR,Europe,2010,30.9,30.0,31.4,,803.106384277,743.933410645,870.686706543
RUS,EUR,Europe,2011,29.0,28.1,29.6,,745.375671387,687.753173828,811.554504395
RUS,EUR,Europe,2012,27.6,26.8,28.2,,721.470397949,664.512756348,787.917541504
RUS,EUR,Europe,2013,26.6,25.8,27.3,,697.532043457,641.187988281,763.739746094
RUS,EUR,Europe,2014,28.0,27.2,28.7,,704.384338379,646.958862305,772.450073242
RUS,EUR,Europe,2015,26.0,25.2,26.6,,683.894470215,626.263366699,749.155395508
RUS,EUR,Europe,2016,26.1,25.2,26.6,,681.745605469,622.262329102,746.409851074
RUS,EUR,Europe,2017,24.9,23.9,25.4,,649.057495117,588.458312988,712.84161377
RUS,EUR,Europe,2018,25.0,24.1,25.4,,645.734008789,584.239379883,707.626647949
RUS,EUR,Europe,2019,24.0,23.1,24.4,,620.281921387,557.819152832,679.056762695
RUS,EUR,Europe,2020,22.0,20.5,23.2,"For this geography and year, some non-communicable disease deaths may be included in a separate category called ""other pandemic-related mortality"" due to lack of vital registration data. Estimates of this indicator for 2020 and 2021 may be underestimated, and need to be interpreted with caution.",568.363586426,499.61315918,637.33013916
RUS,EUR,Europe,2021,22.4,19.7,24.7,"For this geography and year, some non-communicable disease deaths may be included in a separate category called ""other pandemic-related mortality"" due to lack of vital registration data. Estimates of this indicator for 2020 and 2021 may be underestimated, and need to be interpreted with caution.",585.179260254,492.312866211,681.046264648
RWA,AFR,Africa,2000,37.6,23.5,53.8,,1047.665039063,681.362182617,2217.450927734
RWA,AFR,Africa,2001,34.7,21.3,49.7,,967.123352051,693.608520508,2287.693847656
RWA,AFR,Africa,2002,31.8,19.2,45.9,,895.783874512,693.468200684,2330.859130859
RWA,AFR,Africa,2003,29.1,17.4,42.4,,824.719421387,647.292602539,2203.516601563
RWA,AFR,Africa,2004,26.9,16.0,39.6,,762.521728516,588.213867188,2013.692260742
RWA,AFR,Africa,2005,25.1,14.9,37.3,,716.094177246,543.981994629,1874.633056641
RWA,AFR,Africa,2006,23.9,14.1,35.9,,686.414855957,517.073669434,1790.764160156
RWA,AFR,Africa,2007,23.0,13.6,34.9,,665.773681641,500.167663574,1747.009521484
RWA,AFR,Africa,2008,22.3,13.1,34.1,,649.594726563,487.096405029,1721.548950195
RWA,AFR,Africa,2009,21.6,12.6,33.3,,633.070800781,473.327484131,1694.228881836
RWA,AFR,Africa,2010,21.2,12.3,32.9,,628.340637207,468.834533691,1696.300048828
RWA,AFR,Africa,2011,20.9,12.0,32.5,,623.70690918,465.891326904,1702.467651367
RWA,AFR,Africa,2012,20.8,11.7,32.3,,620.33013916,438.891082764,1611.104003906
RWA,AFR,Africa,2013,20.6,11.4,31.8,,617.197875977,397.675811768,1458.522949219
RWA,AFR,Africa,2014,20.6,11.2,31.7,,615.901977539,368.066009521,1349.312988281
RWA,AFR,Africa,2015,20.6,11.0,31.3,,613.090637207,345.221984863,1264.755737305
RWA,AFR,Africa,2016,20.5,10.8,30.9,,608.895568848,327.555969238,1199.599975586
RWA,AFR,Africa,2017,20.5,10.7,30.8,,612.418640137,316.761444092,1165.438720703
RWA,AFR,Africa,2018,20.4,10.5,30.6,,612.867370605,306.320007324,1133.506103516
RWA,AFR,Africa,2019,20.4,10.5,30.5,,613.696716309,297.5027771,1107.230957031
RWA,AFR,Africa,2020,20.2,10.3,30.2,"For this geography and year, some non-communicable disease deaths may be included in a separate category called ""other pandemic-related mortality"" due to lack of vital registration data. Estimates of this indicator for 2020 and 2021 may be underestimated, and need to be interpreted with caution.",606.932006836,288.50982666,1075.479003906
RWA,AFR,Africa,2021,20.0,10.1,30.0,"For this geography and year, some non-communicable disease deaths may be included in a separate category called ""other pandemic-related mortality"" due to lack of vital registration data. Estimates of this indicator for 2020 and 2021 may be underestimated, and need to be interpreted with caution.",608.538269043,280.627838135,1053.868041992
SAU,EMR,Eastern Mediterranean,2000,19.5,13.9,26.2,,781.429992676,514.445495605,1145.457397461
SAU,EMR,Eastern Mediterranean,2001,19.2,13.8,25.6,,774.186950684,512.882080078,1130.739990234
SAU,EMR,Eastern Mediterranean,2002,18.9,13.6,25.0,,766.910461426,510.241790771,1116.878051758
SAU,EMR,Eastern Mediterranean,2003,18.7,13.6,24.7,,761.391662598,508.612915039,1105.145996094
SAU,EMR,Eastern Mediterranean,2004,18.6,13.6,24.3,,749.843933105,502.153320313,1085.421264648
SAU,EMR,Eastern Mediterranean,2005,18.5,13.7,24.2,,738.276062012,495.380981445,1065.622314453
SAU,EMR,Eastern Mediterranean,2006,18.7,13.9,24.4,,716.68927002,482.903869629,1031.929443359
SAU,EMR,Eastern Mediterranean,2007,18.7,13.9,24.3,,681.872009277,459.845001221,979.763793945
SAU,EMR,Eastern Mediterranean,2008,18.1,13.5,23.6,,638.003662109,430.301757813,916.853149414
SAU,EMR,Eastern Mediterranean,2009,17.1,12.7,22.4,,586.528869629,394.39642334,844.878417969
SAU,EMR,Eastern Mediterranean,2010,15.9,11.7,21.0,,534.608154297,357.432678223,773.253356934
SAU,EMR,Eastern Mediterranean,2011,14.1,10.3,18.8,,476.169952393,315.937316895,692.99420166
SAU,EMR,Eastern Mediterranean,2012,12.9,9.3,17.3,,438.600769043,288.593170166,642.758544922
SAU,EMR,Eastern Mediterranean,2013,12.5,8.9,16.9,,431.787353516,280.804779053,638.131408691
SAU,EMR,Eastern Mediterranean,2014,12.7,9.0,17.4,,444.084777832,285.022460938,662.760681152
SAU,EMR,Eastern Mediterranean,2015,12.9,9.1,17.8,,457.804046631,292.489044189,686.678161621
SAU,EMR,Eastern Mediterranean,2016,13.1,9.1,18.2,,469.610778809,296.713531494,711.016296387
SAU,EMR,Eastern Mediterranean,2017,13.8,9.5,19.2,,487.445098877,306.060821533,743.13671875
SAU,EMR,Eastern Mediterranean,2018,14.2,9.7,19.9,,494.624847412,307.053161621,759.606018066
SAU,EMR,Eastern Mediterranean,2019,14.3,9.7,20.2,,492.223602295,302.759338379,761.250610352
SAU,EMR,Eastern Mediterranean,2020,13.5,9.1,19.2,"For this geography and year, some non-communicable disease deaths may be included in a separate category called ""other pandemic-related mortality"" due to lack of vital registration data. Estimates of this indicator for 2020 and 2021 may be underestimated, and need to be interpreted with caution.",452.878448486,276.849853516,703.036376953
SAU,EMR,Eastern Mediterranean,2021,13.6,9.1,19.5,"For this geography and year, some non-communicable disease deaths may be included in a separate category called ""other pandemic-related mortality"" due to lack of vital registration data. Estimates of this indicator for 2020 and 2021 may be underestimated, and need to be interpreted with caution.",462.094970703,280.596801758,720.869140625
SDN,EMR,Eastern Mediterranean,2000,26.7,14.5,35.7,,684.459350586,312.059539795,969.898925781
SDN,EMR,Eastern Mediterranean,2001,26.3,14.4,35.4,,674.481323242,309.518798828,959.077514648
SDN,EMR,Eastern Mediterranean,2002,26.0,14.3,35.3,,667.192199707,307.382476807,949.39642334
SDN,EMR,Eastern Mediterranean,2003,25.5,14.2,35.1,,655.551574707,304.560211182,934.213134766
SDN,EMR,Eastern Mediterranean,2004,25.0,14.1,34.8,,644.836547852,302.287994385,924.742614746
SDN,EMR,Eastern Mediterranean,2005,24.6,14.1,35.0,,636.37701416,302.208618164,920.525085449
SDN,EMR,Eastern Mediterranean,2006,24.2,14.2,35.0,,630.08190918,302.253723145,921.973144531
SDN,EMR,Eastern Mediterranean,2007,24.0,14.3,35.3,,625.163635254,303.164306641,924.581420898
SDN,EMR,Eastern Mediterranean,2008,24.0,14.5,35.8,,626.182006836,306.431976318,934.179260254
SDN,EMR,Eastern Mediterranean,2009,23.7,14.6,35.8,,621.156311035,307.374816895,931.859130859
SDN,EMR,Eastern Mediterranean,2010,23.2,14.4,35.4,,608.174377441,303.511688232,913.284912109
SDN,EMR,Eastern Mediterranean,2011,23.7,14.8,36.4,,622.348388672,313.15335083,939.670349121
SDN,EMR,Eastern Mediterranean,2012,23.4,14.7,36.1,,613.701965332,312.050720215,930.803588867
SDN,EMR,Eastern Mediterranean,2013,23.3,14.7,36.2,,615.545776367,316.703308105,940.742736816
SDN,EMR,Eastern Mediterranean,2014,23.1,14.6,36.0,,612.11706543,317.379119873,942.128601074
SDN,EMR,Eastern Mediterranean,2015,22.9,14.5,35.7,,609.095397949,319.989807129,940.089111328
SDN,EMR,Eastern Mediterranean,2016,22.8,14.4,35.3,,607.724182129,322.647460938,940.491577148
SDN,EMR,Eastern Mediterranean,2017,22.7,14.3,35.0,,607.450805664,325.121704102,939.589416504
SDN,EMR,Eastern Mediterranean,2018,22.8,14.2,34.7,,613.508666992,329.428894043,950.048034668
SDN,EMR,Eastern Mediterranean,2019,22.4,13.8,33.8,,607.295959473,328.542785645,942.965820313
SDN,EMR,Eastern Mediterranean,2020,22.6,13.8,33.6,"For this geography and year, some non-communicable disease deaths may be included in a separate category called ""other pandemic-related mortality"" due to lack of vital registration data. Estimates of this indicator for 2020 and 2021 may be underestimated, and need to be interpreted with caution.",618.04510498,336.987091064,962.546447754
SDN,EMR,Eastern Mediterranean,2021,21.2,12.6,31.5,"For this geography and year, some non-communicable disease deaths may be included in a separate category called ""other pandemic-related mortality"" due to lack of vital registration data. Estimates of this indicator for 2020 and 2021 may be underestimated, and need to be interpreted with caution.",578.527832031,315.215881348,910.409362793
SEN,AFR,Africa,2000,24.5,15.4,35.0,,653.708007813,373.739318848,1046.691650391
SEN,AFR,Africa,2001,24.5,15.8,34.5,,645.174194336,373.390197754,1019.370727539
SEN,AFR,Africa,2002,24.2,15.5,33.9,,632.014526367,358.199554443,969.242736816
SEN,AFR,Africa,2003,24.0,15.2,33.6,,636.843444824,349.059051514,956.438232422
SEN,AFR,Africa,2004,23.7,15.0,32.9,,630.678283691,341.802429199,932.754943848
SEN,AFR,Africa,2005,23.3,14.6,32.3,,624.028564453,333.922485352,914.039367676
SEN,AFR,Africa,2006,22.8,14.1,31.5,,616.593139648,326.699279785,895.63671875
SEN,AFR,Africa,2007,22.8,14.1,31.4,,614.808105469,323.313476563,885.454772949
SEN,AFR,Africa,2008,23.5,14.5,32.1,,628.54675293,328.791809082,898.874816895
SEN,AFR,Africa,2009,23.5,14.4,31.9,,627.571716309,325.597808838,891.6328125
SEN,AFR,Africa,2010,23.0,14.0,31.3,,616.824890137,317.46206665,872.048706055
SEN,AFR,Africa,2011,22.8,13.8,31.1,,614.664245605,314.743530273,868.907592773
SEN,AFR,Africa,2012,22.9,13.7,31.3,,617.623901367,314.095916748,876.692871094
SEN,AFR,Africa,2013,23.0,13.7,31.3,,620.47845459,315.883331299,882.903076172
SEN,AFR,Africa,2014,23.3,13.7,31.6,,625.712097168,318.185852051,895.338867188
SEN,AFR,Africa,2015,22.8,13.2,31.1,,615.936157227,310.679016113,886.877868652
SEN,AFR,Africa,2016,22.8,13.2,31.0,,614.491333008,310.673736572,888.086486816
SEN,AFR,Africa,2017,22.6,12.9,30.8,,611.885253906,308.347229004,887.977050781
SEN,AFR,Africa,2018,22.3,12.7,30.4,,609.060424805,306.496398926,885.872131348
SEN,AFR,Africa,2019,22.4,12.7,30.5,,612.352722168,307.962219238,890.788574219
SEN,AFR,Africa,2020,22.4,12.6,30.3,"For this geography and year, some non-communicable disease deaths may be included in a separate category called ""other pandemic-related mortality"" due to lack of vital registration data. Estimates of this indicator for 2020 and 2021 may be underestimated, and need to be interpreted with caution.",616.945129395,309.378417969,894.965942383
SEN,AFR,Africa,2021,21.4,11.9,29.0,"For this geography and year, some non-communicable disease deaths may be included in a separate category called ""other pandemic-related mortality"" due to lack of vital registration data. Estimates of this indicator for 2020 and 2021 may be underestimated, and need to be interpreted with caution.",595.778991699,296.618255615,867.331726074
SGP,WPR,Western Pacific,2000,16.5,14.4,20.7,,403.992004395,344.171569824,511.403106689
SGP,WPR,Western Pacific,2001,16.1,13.9,20.3,,387.881530762,330.874084473,494.04196167
SGP,WPR,Western Pacific,2002,15.3,13.0,19.6,,365.847961426,313.965606689,471.25894165
SGP,WPR,Western Pacific,2003,14.2,11.9,18.3,,350.79095459,303.281433105,457.422821045
SGP,WPR,Western Pacific,2004,13.5,11.4,17.3,,328.872192383,283.12701416,429.190490723
SGP,WPR,Western Pacific,2005,13.1,11.2,16.7,,317.163574219,269.131988525,412.879333496
SGP,WPR,Western Pacific,2006,12.5,10.6,16.0,,313.33706665,266.308166504,408.455444336
SGP,WPR,Western Pacific,2007,12.5,10.8,15.8,,325.792724609,277.4425354,426.235321045
SGP,WPR,Western Pacific,2008,12.4,10.6,15.8,,313.697387695,266.354919434,409.478973389
SGP,WPR,Western Pacific,2009,11.3,9.5,14.6,,288.483459473,241.914840698,375.087036133
SGP,WPR,Western Pacific,2010,11.0,8.6,14.9,,283.55569458,238.575668335,373.244384766
SGP,WPR,Western Pacific,2011,10.9,8.0,15.3,,277.231170654,236.211181641,372.378601074
SGP,WPR,Western Pacific,2012,10.7,7.7,15.2,,268.453338623,228.880569458,364.509063721
SGP,WPR,Western Pacific,2013,10.2,7.3,14.6,,260.439453125,221.780197144,356.351959229
SGP,WPR,Western Pacific,2014,9.8,7.0,14.0,,253.311187744,215.127975464,348.232299805
SGP,WPR,Western Pacific,2015,9.8,6.9,14.1,,246.778060913,210.247695923,342.560241699
SGP,WPR,Western Pacific,2016,9.6,6.4,14.2,,239.383255005,205.915634155,336.724945068
SGP,WPR,Western Pacific,2017,9.4,5.8,14.4,,237.358306885,205.521820068,338.738311768
SGP,WPR,Western Pacific,2018,9.0,5.1,14.3,,228.249191284,198.800750732,331.190948486
SGP,WPR,Western Pacific,2019,8.6,4.7,13.9,,219.306442261,191.946395874,323.38684082
SGP,WPR,Western Pacific,2020,8.9,4.5,14.8,,223.698532104,198.644866943,338.803741455
SGP,WPR,Western Pacific,2021,10.3,4.9,17.4,,223.689956665,207.179718018,353.688110352
SLB,WPR,Western Pacific,2000,34.3,21.4,47.9,,880.03527832,501.48651123,1336.154052734
SLB,WPR,Western Pacific,2001,33.9,20.7,47.8,,868.036132813,494.349853516,1338.364746094
SLB,WPR,Western Pacific,2002,34.0,20.2,48.3,,876.800476074,495.888397217,1370.741210938
SLB,WPR,Western Pacific,2003,35.1,21.7,49.8,,894.048706055,515.207946777,1402.931640625
SLB,WPR,Western Pacific,2004,31.4,19.3,45.4,,829.216674805,478.029754639,1301.805541992
SLB,WPR,Western Pacific,2005,33.7,20.7,48.4,,868.805358887,495.791168213,1360.775634766
SLB,WPR,Western Pacific,2006,33.4,21.5,47.6,,869.870178223,509.759094238,1349.540283203
SLB,WPR,Western Pacific,2007,37.6,23.6,53.1,,939.57623291,536.913146973,1469.515014648
SLB,WPR,Western Pacific,2008,39.5,27.0,54.5,,975.915161133,586.797607422,1512.177368164
SLB,WPR,Western Pacific,2009,39.5,27.3,54.4,,975.163696289,592.368896484,1511.242919922
SLB,WPR,Western Pacific,2010,39.2,27.1,54.0,,967.834838867,587.977905273,1497.418945313
SLB,WPR,Western Pacific,2011,39.3,27.3,53.5,,969.571960449,589.565490723,1486.278198242
SLB,WPR,Western Pacific,2012,39.3,27.2,53.0,,966.364501953,585.68927002,1465.313720703
SLB,WPR,Western Pacific,2013,39.1,27.0,52.3,,960.507507324,576.687561035,1435.223876953
SLB,WPR,Western Pacific,2014,39.2,26.8,51.9,,958.148681641,566.94128418,1405.165039063
SLB,WPR,Western Pacific,2015,39.0,26.4,51.0,,953.655517578,551.610168457,1362.5390625
SLB,WPR,Western Pacific,2016,38.6,25.6,49.9,,944.176269531,531.575500488,1313.862182617
SLB,WPR,Western Pacific,2017,38.4,25.1,49.0,,941.266113281,517.893005371,1272.839599609
SLB,WPR,Western Pacific,2018,38.5,24.8,48.5,,942.570556641,505.676086426,1243.395507813
SLB,WPR,Western Pacific,2019,38.2,24.5,47.8,,934.530883789,501.173828125,1223.597167969
SLB,WPR,Western Pacific,2020,39.9,25.8,49.7,,971.701538086,530.070800781,1286.661010742
SLB,WPR,Western Pacific,2021,40.6,26.4,50.7,,978.546203613,541.93963623,1317.362670898
SLE,AFR,Africa,2000,24.3,15.1,36.6,,621.323852539,352.208953857,1042.991455078
SLE,AFR,Africa,2001,25.1,15.6,37.7,,637.591491699,361.959533691,1068.434082031
SLE,AFR,Africa,2002,25.7,16.0,38.5,,650.594116211,369.272491455,1086.572509766
SLE,AFR,Africa,2003,25.9,16.2,38.6,,663.640014648,376.947509766,1105.426025391
SLE,AFR,Africa,2004,26.2,16.5,38.9,,670.602050781,382.423309326,1112.786499023
SLE,AFR,Africa,2005,26.4,16.8,39.0,,680.697021484,389.863952637,1126.205688477
SLE,AFR,Africa,2006,26.3,16.6,38.8,,675.44152832,386.312927246,1115.252197266
SLE,AFR,Africa,2007,26.9,17.1,39.6,,692.518249512,396.741638184,1143.28112793
SLE,AFR,Africa,2008,27.0,17.0,40.0,,693.993469238,397.719940186,1150.075683594
SLE,AFR,Africa,2009,26.9,16.9,40.0,,690.589355469,396.403137207,1146.766235352
SLE,AFR,Africa,2010,26.8,16.9,40.0,,693.233337402,399.349243164,1154.331542969
SLE,AFR,Africa,2011,26.4,16.8,39.5,,683.118469238,394.641693115,1140.350097656
SLE,AFR,Africa,2012,26.0,16.6,39.0,,674.753845215,391.376098633,1130.361694336
SLE,AFR,Africa,2013,25.2,16.1,38.1,,653.457824707,379.436340332,1102.829711914
SLE,AFR,Africa,2014,24.6,15.8,37.4,,636.532043457,371.082733154,1078.012451172
SLE,AFR,Africa,2015,24.4,15.6,37.3,,633.47467041,369.900726318,1077.717285156
SLE,AFR,Africa,2016,24.7,15.8,37.8,,646.070678711,377.123504639,1105.551147461
SLE,AFR,Africa,2017,24.7,15.8,37.9,,647.784484863,378.864685059,1113.952392578
SLE,AFR,Africa,2018,24.6,15.7,37.9,,648.317565918,378.477416992,1120.076660156
SLE,AFR,Africa,2019,24.3,15.4,37.5,,643.289550781,374.775115967,1114.932250977
SLE,AFR,Africa,2020,23.7,15.0,36.7,"For this geography and year, some non-communicable disease deaths may be included in a separate category called ""other pandemic-related mortality"" due to lack of vital registration data. Estimates of this indicator for 2020 and 2021 may be underestimated, and need to be interpreted with caution.",619.556335449,361.084960938,1073.153564453
SLE,AFR,Africa,2021,23.9,15.1,37.1,"For this geography and year, some non-communicable disease deaths may be included in a separate category called ""other pandemic-related mortality"" due to lack of vital registration data. Estimates of this indicator for 2020 and 2021 may be underestimated, and need to be interpreted with caution.",624.59375,359.672973633,1081.960693359
SLV,AMR,Americas,2000,12.7,9.7,16.3,,476.759979248,367.834350586,752.24987793
SLV,AMR,Americas,2001,12.5,9.5,16.0,,467.560119629,354.701507568,723.971496582
SLV,AMR,Americas,2002,11.7,8.9,15.1,,423.549133301,312.98815918,642.93737793
SLV,AMR,Americas,2003,12.2,9.3,15.6,,430.418914795,312.700744629,639.249206543
SLV,AMR,Americas,2004,12.0,9.2,15.5,,418.417266846,298.263122559,608.949584961
SLV,AMR,Americas,2005,12.1,9.2,15.6,,418.118469238,293.095214844,598.954528809
SLV,AMR,Americas,2006,12.4,9.4,16.0,,411.179351807,284.711730957,581.930297852
SLV,AMR,Americas,2007,12.2,9.3,15.8,,406.386260986,281.936859131,577.659484863
SLV,AMR,Americas,2008,12.0,9.1,15.6,,409.215484619,287.272766113,592.797729492
SLV,AMR,Americas,2009,12.3,9.3,15.9,,417.495147705,297.105133057,614.052001953
SLV,AMR,Americas,2010,11.9,9.0,15.5,,416.228912354,298.95690918,624.573730469
SLV,AMR,Americas,2011,12.2,9.2,15.9,,419.856414795,303.44152832,635.054504395
SLV,AMR,Americas,2012,11.9,9.0,15.7,,415.120422363,299.657775879,634.170410156
SLV,AMR,Americas,2013,12.4,9.4,16.3,,439.66583252,318.83605957,673.069396973
SLV,AMR,Americas,2014,12.9,9.7,17.0,,468.572998047,338.648895264,717.533935547
SLV,AMR,Americas,2015,13.0,9.7,17.2,,489.779724121,349.931396484,752.381225586
SLV,AMR,Americas,2016,13.0,9.7,17.2,,456.548156738,326.404968262,707.543701172
SLV,AMR,Americas,2017,13.5,10.0,17.9,,469.590087891,339.011047363,740.418212891
SLV,AMR,Americas,2018,12.8,9.5,17.1,,420.686004639,303.924468994,671.243286133
SLV,AMR,Americas,2019,13.0,9.6,17.5,,435.406433105,313.540771484,697.29095459
SLV,AMR,Americas,2020,13.1,9.3,18.1,"For this geography and year, some non-communicable disease deaths may be included in a separate category called ""other pandemic-related mortality"" due to lack of vital registration data. Estimates of this indicator for 2020 and 2021 may be underestimated, and need to be interpreted with caution.",452.435760498,321.985473633,751.430175781
SLV,AMR,Americas,2021,12.6,8.7,18.0,"For this geography and year, some non-communicable disease deaths may be included in a separate category called ""other pandemic-related mortality"" due to lack of vital registration data. Estimates of this indicator for 2020 and 2021 may be underestimated, and need to be interpreted with caution.",435.278137207,300.011047363,738.173583984
SOM,EMR,Eastern Mediterranean,2000,33.4,18.5,50.9,,902.21282959,421.79510498,1652.273071289
SOM,EMR,Eastern Mediterranean,2001,33.0,18.2,50.5,,891.308959961,415.459442139,1636.122680664
SOM,EMR,Eastern Mediterranean,2002,32.6,17.9,50.0,,886.564575195,411.673797607,1632.146240234
SOM,EMR,Eastern Mediterranean,2003,32.3,17.7,49.6,,881.946350098,408.056060791,1626.286010742
SOM,EMR,Eastern Mediterranean,2004,32.3,17.7,49.6,,883.381530762,408.513366699,1631.471069336
SOM,EMR,Eastern Mediterranean,2005,32.0,17.5,49.2,,876.459716797,405.313140869,1620.793823242
SOM,EMR,Eastern Mediterranean,2006,31.6,17.2,48.9,,868.286682129,400.266784668,1610.353271484
SOM,EMR,Eastern Mediterranean,2007,31.4,17.1,48.6,,860.523071289,396.301574707,1597.659545898
SOM,EMR,Eastern Mediterranean,2008,31.6,17.1,48.8,,870.936340332,399.735931396,1620.8125
SOM,EMR,Eastern Mediterranean,2009,31.4,17.0,48.6,,864.094604492,396.221374512,1608.301513672
SOM,EMR,Eastern Mediterranean,2010,30.7,16.5,47.7,,839.932373047,384.428924561,1568.254882813
SOM,EMR,Eastern Mediterranean,2011,29.6,16.0,46.6,,793.482727051,370.456420898,1515.435058594
SOM,EMR,Eastern Mediterranean,2012,30.2,16.5,47.8,,822.760986328,392.365722656,1608.498168945
SOM,EMR,Eastern Mediterranean,2013,30.5,16.7,48.1,,837.353759766,399.248657227,1633.038208008
SOM,EMR,Eastern Mediterranean,2014,30.2,16.5,47.8,,833.651306152,395.944488525,1622.721435547
SOM,EMR,Eastern Mediterranean,2015,30.0,16.3,47.3,,829.768798828,392.701751709,1609.685668945
SOM,EMR,Eastern Mediterranean,2016,29.8,16.1,46.9,,823.036071777,388.691925049,1590.931762695
SOM,EMR,Eastern Mediterranean,2017,29.7,16.1,46.8,,823.020446777,388.242218018,1591.843994141
SOM,EMR,Eastern Mediterranean,2018,29.4,16.0,46.5,,818.160095215,387.418212891,1585.741455078
SOM,EMR,Eastern Mediterranean,2019,29.2,15.9,46.2,,814.226928711,385.36630249,1575.106445313
SOM,EMR,Eastern Mediterranean,2020,29.3,15.8,46.1,"For this geography and year, some non-communicable disease deaths may be included in a separate category called ""other pandemic-related mortality"" due to lack of vital registration data. Estimates of this indicator for 2020 and 2021 may be underestimated, and need to be interpreted with caution.",824.609863281,387.375335693,1582.344238281
SOM,EMR,Eastern Mediterranean,2021,27.6,14.6,43.5,"For this geography and year, some non-communicable disease deaths may be included in a separate category called ""other pandemic-related mortality"" due to lack of vital registration data. Estimates of this indicator for 2020 and 2021 may be underestimated, and need to be interpreted with caution.",759.687744141,350.406616211,1444.671020508
SRB,EUR,Europe,2000,29.3,24.8,37.7,,822.088134766,576.395507813,981.690795898
SRB,EUR,Europe,2001,27.9,23.7,36.2,,768.671630859,547.022216797,931.114562988
SRB,EUR,Europe,2002,28.0,23.9,36.3,,790.902099609,565.123962402,961.594604492
SRB,EUR,Europe,2003,27.8,23.8,36.1,,786.014770508,560.875305176,953.100585938
SRB,EUR,Europe,2004,27.5,23.7,35.9,,768.638671875,552.395080566,939.062316895
SRB,EUR,Europe,2005,27.0,23.4,35.4,,767.463989258,556.413269043,945.628234863
SRB,EUR,Europe,2006,26.2,22.7,34.4,,721.595397949,530.514038086,901.887573242
SRB,EUR,Europe,2007,25.6,22.1,33.6,,708.656188965,525.736328125,895.595458984
SRB,EUR,Europe,2008,24.9,21.3,32.5,,696.849365234,521.249633789,891.519226074
SRB,EUR,Europe,2009,24.7,21.1,32.0,,688.582336426,520.394836426,888.801208496
SRB,EUR,Europe,2010,24.5,20.8,31.7,,675.510070801,514.866149902,883.247497559
SRB,EUR,Europe,2011,23.1,19.4,29.9,,670.341796875,512.167663574,883.239074707
SRB,EUR,Europe,2012,22.6,18.8,29.0,,654.087524414,500.648193359,869.23828125
SRB,EUR,Europe,2013,22.1,18.0,28.1,,628.324645996,480.096343994,838.333312988
SRB,EUR,Europe,2014,22.0,17.6,27.6,,625.89666748,478.825714111,841.480834961
SRB,EUR,Europe,2015,22.0,17.3,27.4,,628.589172363,480.90246582,851.044799805
SRB,EUR,Europe,2016,21.6,16.6,26.8,,605.702880859,462.543395996,830.339355469
SRB,EUR,Europe,2017,21.9,16.6,27.0,,613.059387207,468.498565674,847.860717773
SRB,EUR,Europe,2018,21.4,16.1,26.6,,593.131103516,452.868743896,829.623046875
SRB,EUR,Europe,2019,21.4,15.9,26.7,,585.408447266,447.054351807,831.117126465
SRB,EUR,Europe,2020,21.5,15.7,27.5,,600.41394043,451.340759277,874.923339844
SRB,EUR,Europe,2021,20.7,14.8,27.1,,608.132385254,452.485778809,903.287597656
SSD,AFR,Africa,2000,19.8,11.4,31.7,,567.75604248,287.866790771,1043.255859375
SSD,AFR,Africa,2001,18.9,10.8,30.4,,547.559387207,274.365936279,1002.294799805
SSD,AFR,Africa,2002,18.3,10.4,29.6,,535.300415039,265.247192383,975.346862793
SSD,AFR,Africa,2003,18.3,10.3,29.5,,533.911499023,262.620758057,966.48223877
SSD,AFR,Africa,2004,18.3,10.2,29.4,,532.510314941,260.525970459,960.706787109
SSD,AFR,Africa,2005,18.0,10.1,29.0,,526.146606445,255.907089233,945.102966309
SSD,AFR,Africa,2006,17.9,9.9,28.7,,523.910827637,252.946212769,937.25793457
SSD,AFR,Africa,2007,17.7,9.8,28.5,,519.635131836,249.37272644,926.8828125
SSD,AFR,Africa,2008,17.4,9.5,28.1,,514.244628906,244.871887207,914.937927246
SSD,AFR,Africa,2009,17.6,9.6,28.3,,517.285705566,245.994720459,916.834716797
SSD,AFR,Africa,2010,17.2,9.4,27.6,,509.0496521,241.718170166,898.277404785
SSD,AFR,Africa,2011,17.1,9.2,27.5,,494.313598633,233.932723999,870.041381836
SSD,AFR,Africa,2012,17.2,9.3,27.4,,493.008392334,233.336166382,861.314697266
SSD,AFR,Africa,2013,17.4,9.5,27.6,,499.163513184,236.747238159,865.589599609
SSD,AFR,Africa,2014,18.0,9.9,28.4,,510.487091064,244.891616821,887.61151123
SSD,AFR,Africa,2015,19.0,10.6,30.1,,532.43371582,262.450134277,946.219299316
SSD,AFR,Africa,2016,19.0,10.7,30.4,,536.049804688,274.960723877,987.82208252
SSD,AFR,Africa,2017,19.6,11.3,31.7,,548.381286621,294.383911133,1059.181884766
SSD,AFR,Africa,2018,21.2,12.2,33.9,,589.88079834,311.393890381,1113.57434082
SSD,AFR,Africa,2019,22.0,12.4,34.3,,610.562194824,309.613647461,1100.31628418
SSD,AFR,Africa,2020,22.6,12.6,34.9,"For this geography and year, some non-communicable disease deaths may be included in a separate category called ""other pandemic-related mortality"" due to lack of vital registration data. Estimates of this indicator for 2020 and 2021 may be underestimated, and need to be interpreted with caution.",624.210144043,311.319702148,1104.159667969
SSD,AFR,Africa,2021,22.4,12.4,34.3,"For this geography and year, some non-communicable disease deaths may be included in a separate category called ""other pandemic-related mortality"" due to lack of vital registration data. Estimates of this indicator for 2020 and 2021 may be underestimated, and need to be interpreted with caution.",613.114379883,302.496490479,1075.399169922
STP,AFR,Africa,2000,21.2,14.0,30.0,,615.801879883,363.064331055,967.623413086
STP,AFR,Africa,2001,21.4,14.1,30.1,,618.116271973,364.021575928,967.856384277
STP,AFR,Africa,2002,21.3,14.0,29.9,,616.06854248,362.703399658,963.645019531
STP,AFR,Africa,2003,20.8,13.7,29.3,,599.820373535,352.233734131,938.305603027
STP,AFR,Africa,2004,21.0,13.8,29.5,,601.820007324,353.779663086,941.998535156
STP,AFR,Africa,2005,20.6,13.5,28.9,,592.582214355,347.649139404,928.769714355
STP,AFR,Africa,2006,20.9,13.7,29.3,,605.319091797,354.604217529,950.55645752
STP,AFR,Africa,2007,21.3,13.9,29.9,,620.8046875,363.276000977,975.35736084
STP,AFR,Africa,2008,21.0,13.7,29.6,,618.01159668,360.938049316,974.708984375
STP,AFR,Africa,2009,20.5,13.3,29.0,,607.678283691,354.44720459,960.395935059
STP,AFR,Africa,2010,19.9,12.9,28.4,,594.010498047,344.465026855,941.318054199
STP,AFR,Africa,2011,19.5,12.5,27.9,,582.46295166,336.218505859,926.438842773
STP,AFR,Africa,2012,20.2,12.9,29.0,,601.868713379,344.79397583,960.636169434
STP,AFR,Africa,2013,19.8,12.6,28.6,,587.253295898,333.772125244,940.643493652
STP,AFR,Africa,2014,19.7,12.4,28.7,,590.367431641,332.732910156,947.953674316
STP,AFR,Africa,2015,19.8,12.5,28.9,,591.969665527,333.52532959,948.894714355
STP,AFR,Africa,2016,20.2,12.8,29.5,,601.729003906,339.07925415,965.554321289
STP,AFR,Africa,2017,20.5,13.0,29.9,,605.034484863,340.447631836,973.175720215
STP,AFR,Africa,2018,20.5,13.0,30.1,,606.986633301,339.482177734,980.094360352
STP,AFR,Africa,2019,20.6,13.0,30.3,,606.774169922,337.514221191,983.119934082
STP,AFR,Africa,2020,20.4,12.8,30.0,"For this geography and year, some non-communicable disease deaths may be included in a separate category called ""other pandemic-related mortality"" due to lack of vital registration data. Estimates of this indicator for 2020 and 2021 may be underestimated, and need to be interpreted with caution.",590.771728516,328.400939941,958.465637207
STP,AFR,Africa,2021,19.5,12.2,28.9,"For this geography and year, some non-communicable disease deaths may be included in a separate category called ""other pandemic-related mortality"" due to lack of vital registration data. Estimates of this indicator for 2020 and 2021 may be underestimated, and need to be interpreted with caution.",559.60546875,307.999816895,907.211242676
SUR,AMR,Americas,2000,24.0,18.7,31.2,,567.417053223,441.455322266,903.692199707
SUR,AMR,Americas,2001,24.3,18.9,31.4,,580.890563965,436.3487854,893.275878906
SUR,AMR,Americas,2002,24.7,19.1,31.8,,593.416137695,432.579559326,880.721191406
SUR,AMR,Americas,2003,24.5,18.8,31.4,,590.272949219,419.537017822,851.093933105
SUR,AMR,Americas,2004,23.7,18.1,30.3,,580.989379883,409.721893311,832.057067871
SUR,AMR,Americas,2005,22.8,17.4,29.1,,567.339538574,402.191345215,819.573303223
SUR,AMR,Americas,2006,21.6,16.3,27.7,,549.544616699,390.081054688,799.00567627
SUR,AMR,Americas,2007,20.7,15.6,26.7,,537.217407227,380.343200684,784.938537598
SUR,AMR,Americas,2008,20.7,15.5,26.6,,532.239746094,375.434234619,779.116271973
SUR,AMR,Americas,2009,20.4,15.2,26.2,,518.329833984,364.430328369,759.735168457
SUR,AMR,Americas,2010,20.3,15.1,26.2,,515.143371582,361.083953857,757.3203125
SUR,AMR,Americas,2011,19.8,14.7,25.6,,507.756378174,354.033874512,750.269165039
SUR,AMR,Americas,2012,19.5,14.4,25.3,,503.817810059,349.779632568,745.82623291
SUR,AMR,Americas,2013,20.5,15.0,26.5,,529.845092773,366.255401611,783.313720703
SUR,AMR,Americas,2014,20.7,15.2,27.0,,534.862182617,366.850921631,792.79095459
SUR,AMR,Americas,2015,21.0,15.3,27.3,,537.256713867,365.881256104,798.199768066
SUR,AMR,Americas,2016,20.9,15.1,27.3,,529.59173584,357.786712646,793.110839844
SUR,AMR,Americas,2017,21.2,15.3,27.7,,526.133239746,354.217285156,794.18951416
SUR,AMR,Americas,2018,21.7,15.5,28.3,,534.808898926,359.242584229,812.443115234
SUR,AMR,Americas,2019,21.6,15.3,28.4,,535.148071289,357.629577637,817.739013672
SUR,AMR,Americas,2020,21.5,15.0,28.5,"For this geography and year, some non-communicable disease deaths may be included in a separate category called ""other pandemic-related mortality"" due to lack of vital registration data. Estimates of this indicator for 2020 and 2021 may be underestimated, and need to be interpreted with caution.",528.396606445,346.26373291,810.098510742
SUR,AMR,Americas,2021,18.7,12.3,26.2,"For this geography and year, some non-communicable disease deaths may be included in a separate category called ""other pandemic-related mortality"" due to lack of vital registration data. Estimates of this indicator for 2020 and 2021 may be underestimated, and need to be interpreted with caution.",452.922180176,274.548126221,724.013000488
SVK,EUR,Europe,2000,25.4,20.7,30.5,,675.124084473,518.679504395,857.109924316
SVK,EUR,Europe,2001,25.1,20.4,30.2,,675.469909668,518.452148438,858.213439941
SVK,EUR,Europe,2002,24.2,19.6,29.1,,658.182739258,504.542785645,837.835449219
SVK,EUR,Europe,2003,23.9,19.4,28.8,,655.811401367,502.253662109,835.503601074
SVK,EUR,Europe,2004,23.2,18.7,27.9,,637.80859375,488.424530029,814.066711426
SVK,EUR,Europe,2005,23.1,18.7,27.8,,643.964477539,494.077362061,822.651367188
SVK,EUR,Europe,2006,22.4,18.1,27.1,,626.26751709,481.074157715,801.487487793
SVK,EUR,Europe,2007,22.5,18.1,27.2,,619.17010498,476.82901001,794.74597168
SVK,EUR,Europe,2008,21.5,17.2,26.0,,597.091308594,458.670837402,770.422912598
SVK,EUR,Europe,2009,21.1,16.8,25.7,,582.01776123,447.325012207,754.431274414
SVK,EUR,Europe,2010,20.6,16.3,25.2,,573.357727051,438.595733643,747.137451172
SVK,EUR,Europe,2011,19.7,15.5,24.3,,546.817077637,415.418457031,715.932067871
SVK,EUR,Europe,2012,18.9,14.6,23.5,,539.305053711,406.640777588,710.717529297
SVK,EUR,Europe,2013,18.9,14.5,23.6,,522.812194824,391.15246582,693.596679688
SVK,EUR,Europe,2014,18.2,13.9,23.0,,506.153594971,376.274108887,677.07409668
SVK,EUR,Europe,2015,18.5,14.1,23.4,,516.0078125,382.858795166,693.085083008
SVK,EUR,Europe,2016,17.8,13.4,22.7,,491.311035156,360.601745605,666.093994141
SVK,EUR,Europe,2017,17.7,13.3,22.7,,489.744293213,358.024108887,666.720336914
SVK,EUR,Europe,2018,17.4,13.0,22.4,,483.168731689,350.931518555,661.996704102
SVK,EUR,Europe,2019,16.7,12.4,21.7,,463.403198242,332.909179688,639.790588379
SVK,EUR,Europe,2020,16.9,12.4,22.2,,470.322601318,335.394500732,654.733459473
SVK,EUR,Europe,2021,16.6,12.0,22.2,,473.641479492,332.076660156,671.720214844
SVN,EUR,Europe,2000,18.5,15.9,21.2,,518.067504883,420.071411133,638.661499023
SVN,EUR,Europe,2001,18.4,15.8,21.1,,513.188659668,414.518798828,632.703125
SVN,EUR,Europe,2002,17.5,15.0,20.1,,505.614379883,406.35760498,625.849243164
SVN,EUR,Europe,2003,17.7,15.2,20.3,,514.137451172,412.91229248,636.789611816
SVN,EUR,Europe,2004,16.7,14.3,19.2,,475.669372559,381.609100342,590.373474121
SVN,EUR,Europe,2005,16.1,13.7,18.5,,467.817810059,373.713775635,581.988464355
SVN,EUR,Europe,2006,15.6,13.3,17.9,,435.219482422,347.199768066,542.784118652
SVN,EUR,Europe,2007,15.1,12.8,17.4,,433.79107666,345.853637695,541.225646973
SVN,EUR,Europe,2008,14.2,12.1,16.4,,411.645355225,327.933349609,514.88092041
SVN,EUR,Europe,2009,14.2,12.1,16.4,,406.591552734,324.005432129,509.193328857
SVN,EUR,Europe,2010,13.5,11.4,15.6,,393.555084229,313.114318848,494.012634277
SVN,EUR,Europe,2011,13.3,11.3,15.5,,380.194213867,301.718322754,478.555206299
SVN,EUR,Europe,2012,13.1,11.1,15.2,,378.54296875,300.920959473,477.140930176
SVN,EUR,Europe,2013,13.0,11.1,15.2,,371.205413818,294.753967285,469.332672119
SVN,EUR,Europe,2014,12.4,10.5,14.5,,354.942260742,280.523040771,451.227111816
SVN,EUR,Europe,2015,12.8,10.8,15.0,,362.956268311,287.894042969,461.268035889
SVN,EUR,Europe,2016,12.1,10.3,14.2,,349.697875977,277.196899414,446.402618408
SVN,EUR,Europe,2017,12.2,10.3,14.4,,355.160400391,281.351806641,454.599090576
SVN,EUR,Europe,2018,12.0,10.1,14.2,,352.331695557,277.697265625,453.533203125
SVN,EUR,Europe,2019,11.4,9.5,13.6,,340.621124268,266.413879395,442.179351807
SVN,EUR,Europe,2020,11.0,9.0,13.4,,329.877716064,254.374435425,434.646118164
SVN,EUR,Europe,2021,11.6,9.2,14.4,,323.31918335,242.723144531,432.125213623
SWE,EUR,Europe,2000,13.2,11.7,14.7,,404.675109863,333.578857422,490.188537598
SWE,EUR,Europe,2001,12.9,11.5,14.5,,400.508270264,329.373535156,486.307495117
SWE,EUR,Europe,2002,12.7,11.3,14.2,,397.162719727,326.043182373,482.808563232
SWE,EUR,Europe,2003,12.3,10.9,13.8,,388.044342041,318.177154541,472.10534668
SWE,EUR,Europe,2004,12.0,10.7,13.4,,376.515045166,308.030303955,458.949829102
SWE,EUR,Europe,2005,11.8,10.5,13.3,,372.098419189,303.660430908,454.650878906
SWE,EUR,Europe,2006,11.4,10.1,12.8,,366.093688965,298.169403076,448.110198975
SWE,EUR,Europe,2007,11.2,9.9,12.5,,359.800567627,292.107849121,441.36114502
SWE,EUR,Europe,2008,11.0,9.8,12.4,,353.750091553,286.690246582,434.599517822
SWE,EUR,Europe,2009,10.6,9.4,11.9,,344.739257813,278.83392334,424.287597656
SWE,EUR,Europe,2010,10.4,9.2,11.7,,343.243103027,276.696533203,423.560668945
SWE,EUR,Europe,2011,10.1,9.0,11.4,,334.778961182,268.976409912,414.06262207
SWE,EUR,Europe,2012,9.8,8.7,11.1,,335.125152588,268.160827637,416.181396484
SWE,EUR,Europe,2013,9.8,8.6,11.1,,326.41116333,260.366424561,406.180603027
SWE,EUR,Europe,2014,9.5,8.4,10.8,,319.846405029,254.477493286,398.85067749
SWE,EUR,Europe,2015,9.2,8.1,10.4,,321.945526123,255.408035278,402.726257324
SWE,EUR,Europe,2016,9.1,8.0,10.3,,316.512115479,250.257522583,396.974761963
SWE,EUR,Europe,2017,8.9,7.8,10.2,,312.781097412,246.683181763,393.249237061
SWE,EUR,Europe,2018,8.7,7.6,9.9,,305.865539551,240.598861694,385.76940918
SWE,EUR,Europe,2019,8.2,7.1,9.4,,290.953704834,227.364273071,369.093170166
SWE,EUR,Europe,2020,8.0,6.9,9.3,,286.220306396,222.554138184,364.838745117
SWE,EUR,Europe,2021,7.9,6.4,9.7,,276.620178223,206.010818481,365.357147217
SWZ,AFR,Africa,2000,30.2,17.2,44.1,,816.602478027,417.64364624,1320.613037109
SWZ,AFR,Africa,2001,32.4,18.2,47.1,,874.069152832,441.80355835,1421.734985352
SWZ,AFR,Africa,2002,34.2,19.1,49.6,,915.459594727,457.339752197,1499.343994141
SWZ,AFR,Africa,2003,35.6,19.6,51.5,,932.805786133,460.330444336,1535.759277344
SWZ,AFR,Africa,2004,36.7,20.0,52.8,,958.301147461,470.5597229,1581.671020508
SWZ,AFR,Africa,2005,37.7,20.4,54.0,,965.239624023,471.052978516,1596.125
SWZ,AFR,Africa,2006,37.4,20.1,53.6,,954.900085449,464.9034729,1582.517211914
SWZ,AFR,Africa,2007,37.2,19.9,53.4,,953.816772461,463.31854248,1584.119384766
SWZ,AFR,Africa,2008,36.7,19.6,53.0,,950.55279541,459.821685791,1580.204589844
SWZ,AFR,Africa,2009,36.0,19.3,52.4,,916.621276855,441.488250732,1526.275756836
SWZ,AFR,Africa,2010,39.2,21.5,56.4,,1088.970947266,523.998535156,1810.933837891
SWZ,AFR,Africa,2011,33.5,18.1,49.7,,889.201843262,429.646179199,1478.735839844
SWZ,AFR,Africa,2012,33.5,18.2,49.8,,929.923706055,450.988220215,1543.388549805
SWZ,AFR,Africa,2013,33.3,18.1,49.7,,930.607177734,452.494689941,1545.685302734
SWZ,AFR,Africa,2014,33.6,18.4,50.0,,939.495361328,459.373382568,1561.564086914
SWZ,AFR,Africa,2015,34.5,19.3,51.5,,959.326965332,472.04699707,1596.325683594
SWZ,AFR,Africa,2016,35.2,20.0,52.7,,975.097595215,482.307159424,1627.877807617
SWZ,AFR,Africa,2017,35.6,20.5,53.4,,988.801818848,489.110565186,1658.750244141
SWZ,AFR,Africa,2018,35.7,20.5,53.4,,992.801879883,492.836181641,1670.028564453
SWZ,AFR,Africa,2019,35.1,20.2,52.5,,977.653503418,489.01272583,1645.351928711
SWZ,AFR,Africa,2020,35.1,20.4,52.0,"For this geography and year, some non-communicable disease deaths may be included in a separate category called ""other pandemic-related mortality"" due to lack of vital registration data. Estimates of this indicator for 2020 and 2021 may be underestimated, and need to be interpreted with caution.",958.71472168,485.330322266,1607.934814453
SWZ,AFR,Africa,2021,32.3,18.3,48.5,"For this geography and year, some non-communicable disease deaths may be included in a separate category called ""other pandemic-related mortality"" due to lack of vital registration data. Estimates of this indicator for 2020 and 2021 may be underestimated, and need to be interpreted with caution.",810.618591309,400.794311523,1381.704956055
SYC,AFR,Africa,2000,24.4,16.1,29.4,,636.491149902,355.865753174,771.096679688
SYC,AFR,Africa,2001,24.2,16.0,29.1,,632.423950195,356.309967041,770.039306641
SYC,AFR,Africa,2002,24.3,16.2,29.2,,633.440063477,360.523742676,770.564086914
SYC,AFR,Africa,2003,24.8,16.6,29.9,,646.358825684,371.658843994,790.209106445
SYC,AFR,Africa,2004,24.7,16.7,29.8,,641.823730469,372.394012451,790.174743652
SYC,AFR,Africa,2005,24.2,16.5,29.4,,640.998596191,375.36920166,791.662963867
SYC,AFR,Africa,2006,24.1,16.4,29.3,,639.562683105,376.354888916,794.449523926
SYC,AFR,Africa,2007,23.6,16.1,28.9,,627.895568848,371.179199219,783.609924316
SYC,AFR,Africa,2008,23.4,16.1,28.7,,630.089599609,374.517730713,791.507202148
SYC,AFR,Africa,2009,22.4,15.4,27.7,,616.579406738,367.709991455,779.124511719
SYC,AFR,Africa,2010,21.5,14.9,27.0,,595.790405273,356.731719971,758.953979492
SYC,AFR,Africa,2011,21.1,14.6,26.7,,580.44909668,349.792266846,748.939086914
SYC,AFR,Africa,2012,21.3,14.8,26.9,,590.277282715,359.17565918,769.089233398
SYC,AFR,Africa,2013,20.9,14.4,26.3,,585.409057617,356.982971191,767.989440918
SYC,AFR,Africa,2014,21.0,14.3,26.3,,582.47467041,354.371337891,769.078979492
SYC,AFR,Africa,2015,21.6,14.5,26.7,,582.531921387,352.735351563,769.547546387
SYC,AFR,Africa,2016,21.9,14.6,27.0,,593.632995605,356.838653564,782.648193359
SYC,AFR,Africa,2017,21.6,14.2,26.7,,597.594726563,354.063323975,786.197265625
SYC,AFR,Africa,2018,21.7,14.2,26.9,,599.441101074,350.251800537,784.608703613
SYC,AFR,Africa,2019,21.8,14.2,27.1,,596.752319336,343.663879395,776.858825684
SYC,AFR,Africa,2020,16.8,10.8,21.0,"For this geography and year, some non-communicable disease deaths may be included in a separate category called ""other pandemic-related mortality"" due to lack of vital registration data. Estimates of this indicator for 2020 and 2021 may be underestimated, and need to be interpreted with caution.",400.116851807,224.192153931,524.920593262
SYC,AFR,Africa,2021,15.6,9.8,19.5,"For this geography and year, some non-communicable disease deaths may be included in a separate category called ""other pandemic-related mortality"" due to lack of vital registration data. Estimates of this indicator for 2020 and 2021 may be underestimated, and need to be interpreted with caution.",493.799835205,270.7890625,620.906982422
SYR,EMR,Eastern Mediterranean,2000,27.9,21.4,34.4,,835.603881836,608.943786621,1125.764038086
SYR,EMR,Eastern Mediterranean,2001,26.2,20.1,32.3,,807.830993652,592.692016602,1079.980102539
SYR,EMR,Eastern Mediterranean,2002,25.9,20.0,31.8,,803.575195313,593.051818848,1068.90222168
SYR,EMR,Eastern Mediterranean,2003,24.8,19.0,30.4,,753.890319824,553.555114746,1002.604125977
SYR,EMR,Eastern Mediterranean,2004,24.5,18.8,30.0,,736.965393066,539.888000488,978.791809082
SYR,EMR,Eastern Mediterranean,2005,23.7,18.1,29.0,,714.274658203,520.468322754,948.069458008
SYR,EMR,Eastern Mediterranean,2006,23.1,17.7,28.4,,698.032836914,507.022216797,928.542114258
SYR,EMR,Eastern Mediterranean,2007,22.7,17.3,28.0,,685.180419922,499.936187744,912.739074707
SYR,EMR,Eastern Mediterranean,2008,23.1,17.6,28.6,,690.291137695,503.669677734,922.667663574
SYR,EMR,Eastern Mediterranean,2009,22.6,17.0,28.2,,682.600708008,494.015045166,921.736022949
SYR,EMR,Eastern Mediterranean,2010,22.2,16.5,28.1,,693.828491211,497.203063965,946.895690918
SYR,EMR,Eastern Mediterranean,2011,22.0,16.0,28.2,,700.895568848,496.325408936,970.34967041
SYR,EMR,Eastern Mediterranean,2012,22.2,15.9,28.7,,694.257995605,484.929107666,977.857910156
SYR,EMR,Eastern Mediterranean,2013,22.3,15.7,29.2,,701.747070313,484.010070801,998.632629395
SYR,EMR,Eastern Mediterranean,2014,22.4,15.5,29.5,,704.570495605,481.597259521,1007.989868164
SYR,EMR,Eastern Mediterranean,2015,22.5,15.6,29.8,,699.723754883,474.113220215,1004.643310547
SYR,EMR,Eastern Mediterranean,2016,22.3,15.3,29.8,,688.01159668,464.55847168,990.254394531
SYR,EMR,Eastern Mediterranean,2017,22.4,15.3,30.2,,701.36517334,467.698699951,1019.379150391
SYR,EMR,Eastern Mediterranean,2018,22.4,15.3,30.4,,706.989257813,469.389343262,1034.664550781
SYR,EMR,Eastern Mediterranean,2019,22.0,15.0,30.0,,685.109313965,456.959838867,1000.381652832
SYR,EMR,Eastern Mediterranean,2020,22.3,15.1,30.4,"For this geography and year, some non-communicable disease deaths may be included in a separate category called ""other pandemic-related mortality"" due to lack of vital registration data. Estimates of this indicator for 2020 and 2021 may be underestimated, and need to be interpreted with caution.",690.519226074,461.657196045,1015.047302246
SYR,EMR,Eastern Mediterranean,2021,21.3,14.4,29.3,"For this geography and year, some non-communicable disease deaths may be included in a separate category called ""other pandemic-related mortality"" due to lack of vital registration data. Estimates of this indicator for 2020 and 2021 may be underestimated, and need to be interpreted with caution.",669.00769043,448.652130127,989.719055176
TCD,AFR,Africa,2000,25.6,14.7,37.5,,662.71661377,332.000579834,1096.561035156
TCD,AFR,Africa,2001,25.7,14.8,37.6,,657.612792969,331.454528809,1083.656738281
TCD,AFR,Africa,2002,25.8,14.9,37.8,,665.077453613,335.253540039,1096.474853516
TCD,AFR,Africa,2003,25.8,14.9,37.7,,658.055725098,333.36038208,1080.407104492
TCD,AFR,Africa,2004,25.5,14.7,37.2,,658.154907227,333.785614014,1079.918334961
TCD,AFR,Africa,2005,25.4,14.6,37.1,,664.165283203,335.385375977,1093.184570313
TCD,AFR,Africa,2006,25.2,14.5,36.8,,663.01348877,334.821166992,1091.41809082
TCD,AFR,Africa,2007,25.3,14.5,36.8,,660.376220703,334.418487549,1084.259887695
TCD,AFR,Africa,2008,25.5,14.6,37.1,,667.247436523,337.75402832,1093.046875
TCD,AFR,Africa,2009,25.5,14.6,36.9,,668.12512207,338.084747314,1091.127075195
TCD,AFR,Africa,2010,25.5,14.5,36.8,,669.560668945,338.32220459,1090.869384766
TCD,AFR,Africa,2011,25.3,14.4,36.6,,666.880554199,337.87210083,1086.221191406
TCD,AFR,Africa,2012,25.1,14.3,36.4,,662.749145508,335.691741943,1081.463134766
TCD,AFR,Africa,2013,24.8,14.0,36.0,,655.629760742,332.206665039,1072.336181641
TCD,AFR,Africa,2014,24.6,13.9,35.7,,648.631591797,328.52154541,1061.548461914
TCD,AFR,Africa,2015,24.4,13.6,35.5,,643.074401855,323.829345703,1058.112060547
TCD,AFR,Africa,2016,24.1,13.4,35.0,,633.310424805,320.632507324,1042.893188477
TCD,AFR,Africa,2017,24.0,13.4,35.1,,634.574584961,321.963165283,1049.145751953
TCD,AFR,Africa,2018,24.1,13.4,35.3,,637.048339844,324.260864258,1055.985229492
TCD,AFR,Africa,2019,24.0,13.4,35.3,,632.913757324,322.279327393,1051.38293457
TCD,AFR,Africa,2020,24.5,13.8,36.2,"For this geography and year, some non-communicable disease deaths may be included in a separate category called ""other pandemic-related mortality"" due to lack of vital registration data. Estimates of this indicator for 2020 and 2021 may be underestimated, and need to be interpreted with caution.",643.838012695,327.769958496,1065.345214844
TCD,AFR,Africa,2021,23.4,13.0,34.7,"For this geography and year, some non-communicable disease deaths may be included in a separate category called ""other pandemic-related mortality"" due to lack of vital registration data. Estimates of this indicator for 2020 and 2021 may be underestimated, and need to be interpreted with caution.",601.565185547,301.554473877,988.897033691
TGO,AFR,Africa,2000,28.2,17.7,39.7,,747.676330566,418.817169189,1200.519042969
TGO,AFR,Africa,2001,28.3,17.7,40.0,,750.267822266,419.483154297,1207.087402344
TGO,AFR,Africa,2002,28.3,17.7,40.0,,753.204528809,421.194061279,1214.30065918
TGO,AFR,Africa,2003,28.5,17.7,40.3,,757.259765625,422.828887939,1221.419555664
TGO,AFR,Africa,2004,28.2,17.5,40.0,,747.165710449,417.60723877,1209.546630859
TGO,AFR,Africa,2005,28.2,17.5,40.0,,746.503356934,417.666015625,1209.113647461
TGO,AFR,Africa,2006,28.2,17.5,40.0,,748.973693848,418.850067139,1212.379272461
TGO,AFR,Africa,2007,28.1,17.5,39.9,,744.484985352,416.47076416,1205.365966797
TGO,AFR,Africa,2008,28.6,17.8,40.5,,756.97454834,422.834991455,1224.486083984
TGO,AFR,Africa,2009,28.5,17.7,40.3,,757.281066895,421.268066406,1228.111206055
TGO,AFR,Africa,2010,28.1,17.4,40.0,,751.404174805,416.848327637,1221.130126953
TGO,AFR,Africa,2011,27.9,17.1,39.8,,748.332946777,414.064788818,1219.68347168
TGO,AFR,Africa,2012,27.7,16.9,39.5,,740.473144531,408.622406006,1210.067382813
TGO,AFR,Africa,2013,27.5,16.7,39.5,,733.70892334,402.902893066,1205.428588867
TGO,AFR,Africa,2014,27.2,16.4,39.3,,729.04284668,398.476043701,1203.162841797
TGO,AFR,Africa,2015,27.1,16.2,39.1,,730.170043945,397.533996582,1206.317260742
TGO,AFR,Africa,2016,27.0,16.1,39.0,,729.357849121,396.026855469,1205.413818359
TGO,AFR,Africa,2017,26.7,15.9,38.6,,722.959838867,392.157104492,1196.125488281
TGO,AFR,Africa,2018,26.5,15.7,38.3,,716.541320801,387.57321167,1185.921386719
TGO,AFR,Africa,2019,26.1,15.4,37.8,,708.835998535,381.839355469,1173.442504883
TGO,AFR,Africa,2020,26.4,15.5,38.2,"For this geography and year, some non-communicable disease deaths may be included in a separate category called ""other pandemic-related mortality"" due to lack of vital registration data. Estimates of this indicator for 2020 and 2021 may be underestimated, and need to be interpreted with caution.",712.787414551,383.862365723,1179.213378906
TGO,AFR,Africa,2021,25.4,14.9,37.0,"For this geography and year, some non-communicable disease deaths may be included in a separate category called ""other pandemic-related mortality"" due to lack of vital registration data. Estimates of this indicator for 2020 and 2021 may be underestimated, and need to be interpreted with caution.",686.51171875,369.309631348,1141.570678711
THA,SEAR,South-East Asia,2000,18.3,12.6,26.1,,459.895019531,285.105682373,712.922607422
THA,SEAR,South-East Asia,2001,17.7,12.2,25.5,,448.937347412,277.319335938,698.667663574
THA,SEAR,South-East Asia,2002,18.1,12.6,25.8,,460.674438477,287.32522583,712.91607666
THA,SEAR,South-East Asia,2003,17.9,12.5,25.6,,459.690216064,289.093933105,709.354431152
THA,SEAR,South-East Asia,2004,17.9,12.6,25.6,,462.019165039,292.047668457,710.423156738
THA,SEAR,South-East Asia,2005,17.4,12.3,24.9,,451.145172119,286.731964111,691.101257324
THA,SEAR,South-East Asia,2006,17.0,12.1,24.4,,443.46270752,283.034118652,680.469909668
THA,SEAR,South-East Asia,2007,16.3,11.7,23.5,,430.808990479,276.302734375,661.461486816
THA,SEAR,South-East Asia,2008,15.8,11.3,22.7,,418.621002197,269.772155762,643.560913086
THA,SEAR,South-East Asia,2009,15.2,10.9,21.9,,404.063690186,261.184631348,621.926147461
THA,SEAR,South-East Asia,2010,15.1,10.9,21.7,,401.617797852,261.837554932,620.534179688
THA,SEAR,South-East Asia,2011,14.7,10.6,20.9,,388.929626465,255.729064941,604.316894531
THA,SEAR,South-East Asia,2012,14.2,10.2,20.3,,374.826629639,247.799118042,585.225769043
THA,SEAR,South-East Asia,2013,13.9,10.0,19.8,,364.414428711,241.846725464,570.204711914
THA,SEAR,South-East Asia,2014,13.9,10.0,19.8,,363.251464844,241.738311768,570.237060547
THA,SEAR,South-East Asia,2015,13.9,10.0,19.8,,360.343658447,239.938262939,567.622741699
THA,SEAR,South-East Asia,2016,14.1,10.2,20.1,,364.664550781,243.094741821,575.119506836
THA,SEAR,South-East Asia,2017,13.9,10.0,19.8,,361.252502441,239.664489746,573.418884277
THA,SEAR,South-East Asia,2018,14.0,9.9,19.9,,367.942901611,242.309967041,586.958496094
THA,SEAR,South-East Asia,2019,14.3,10.0,20.7,,378.882873535,245.959579468,612.690368652
THA,SEAR,South-East Asia,2020,14.2,9.6,21.0,"For this geography and year, some non-communicable disease deaths may be included in a separate category called ""other pandemic-related mortality"" due to lack of vital registration data. Estimates of this indicator for 2020 and 2021 may be underestimated, and need to be interpreted with caution.",385.436523438,241.950302124,635.278137207
THA,SEAR,South-East Asia,2021,14.5,9.4,21.8,"For this geography and year, some non-communicable disease deaths may be included in a separate category called ""other pandemic-related mortality"" due to lack of vital registration data. Estimates of this indicator for 2020 and 2021 may be underestimated, and need to be interpreted with caution.",387.152099609,235.841415405,649.49432373
TJK,EUR,Europe,2000,29.0,22.2,36.3,,764.401916504,536.063171387,1044.602172852
TJK,EUR,Europe,2001,28.6,21.8,35.9,,762.155456543,536.836303711,1045.409179688
TJK,EUR,Europe,2002,28.5,21.7,35.8,,765.526000977,544.557373047,1058.568237305
TJK,EUR,Europe,2003,28.3,21.4,35.6,,762.657531738,546.654663086,1066.413452148
TJK,EUR,Europe,2004,28.2,21.3,35.6,,765.869140625,553.021972656,1075.364624023
TJK,EUR,Europe,2005,28.6,21.5,36.2,,781.266052246,567.278564453,1104.018676758
TJK,EUR,Europe,2006,28.3,21.2,36.1,,786.939575195,574.717163086,1120.864624023
TJK,EUR,Europe,2007,28.2,21.0,35.9,,803.026062012,590.985778809,1148.546630859
TJK,EUR,Europe,2008,27.6,20.6,35.5,,794.975280762,583.989013672,1142.932373047
TJK,EUR,Europe,2009,27.3,20.3,35.3,,783.99822998,574.966491699,1135.874023438
TJK,EUR,Europe,2010,26.1,19.3,33.9,,738.543945313,538.940612793,1069.528808594
TJK,EUR,Europe,2011,25.2,18.7,32.8,,711.992858887,518.468994141,1026.148071289
TJK,EUR,Europe,2012,23.9,17.7,31.0,,678.337768555,491.622375488,971.971679688
TJK,EUR,Europe,2013,22.3,16.4,29.1,,627.45904541,449.363128662,897.667297363
TJK,EUR,Europe,2014,22.0,16.1,28.6,,618.602661133,438.605163574,880.893188477
TJK,EUR,Europe,2015,21.4,15.6,27.9,,604.122802734,424.071716309,855.539001465
TJK,EUR,Europe,2016,21.0,15.2,27.2,,589.538696289,409.867523193,831.876037598
TJK,EUR,Europe,2017,20.2,14.5,26.2,,570.534912109,393.646118164,803.121826172
TJK,EUR,Europe,2018,19.8,14.0,25.7,,559.502624512,380.664489746,786.441772461
TJK,EUR,Europe,2019,19.4,13.6,25.4,,549.539550781,368.943145752,776.667236328
TJK,EUR,Europe,2020,18.6,12.7,24.6,"For this geography and year, some non-communicable disease deaths may be included in a separate category called ""other pandemic-related mortality"" due to lack of vital registration data. Estimates of this indicator for 2020 and 2021 may be underestimated, and need to be interpreted with caution.",583.398925781,387.996734619,828.418273926
TJK,EUR,Europe,2021,18.1,12.3,24.2,"For this geography and year, some non-communicable disease deaths may be included in a separate category called ""other pandemic-related mortality"" due to lack of vital registration data. Estimates of this indicator for 2020 and 2021 may be underestimated, and need to be interpreted with caution.",550.450195313,361.812591553,794.357421875
TKM,EUR,Europe,2000,32.7,29.7,36.6,,829.546875,713.397705078,995.892456055
TKM,EUR,Europe,2001,32.2,29.2,36.1,,819.28503418,702.043457031,983.261108398
TKM,EUR,Europe,2002,33.3,30.2,37.3,,846.854553223,724.021179199,1010.960266113
TKM,EUR,Europe,2003,34.1,30.9,38.2,,863.894836426,736.31237793,1027.157226563
TKM,EUR,Europe,2004,35.3,31.8,39.5,,897.448730469,760.40447998,1065.083862305
TKM,EUR,Europe,2005,36.4,32.7,40.9,,932.223632813,784.041870117,1105.732177734
TKM,EUR,Europe,2006,35.8,32.2,40.4,,917.390808105,767.869995117,1087.166870117
TKM,EUR,Europe,2007,34.8,31.4,39.4,,885.979370117,739.697143555,1048.746337891
TKM,EUR,Europe,2008,32.9,29.6,37.6,,827.103637695,684.468505859,985.142944336
TKM,EUR,Europe,2009,29.3,26.4,33.9,,735.781738281,604.959899902,882.695068359
TKM,EUR,Europe,2010,27.4,24.6,31.9,,689.218566895,564.875915527,830.272155762
TKM,EUR,Europe,2011,27.1,24.5,31.7,,684.507202148,562.810546875,826.135742188
TKM,EUR,Europe,2012,26.8,24.3,31.6,,679.809143066,559.759765625,823.658325195
TKM,EUR,Europe,2013,27.1,24.6,32.0,,686.181518555,565.413574219,834.84387207
TKM,EUR,Europe,2014,28.0,25.5,33.1,,707.410461426,583.922180176,862.920043945
TKM,EUR,Europe,2015,27.9,25.3,33.1,,711.86541748,588.602539063,870.973510742
TKM,EUR,Europe,2016,27.3,24.2,33.0,,702.316040039,571.772705078,878.417907715
TKM,EUR,Europe,2017,27.1,23.3,33.5,,704.634094238,562.60723877,905.450073242
TKM,EUR,Europe,2018,26.7,22.2,33.6,,699.146972656,546.698730469,921.411865234
TKM,EUR,Europe,2019,26.4,21.3,33.7,,697.423950195,535.596984863,938.792114258
TKM,EUR,Europe,2020,26.5,20.9,34.2,"For this geography and year, some non-communicable disease deaths may be included in a separate category called ""other pandemic-related mortality"" due to lack of vital registration data. Estimates of this indicator for 2020 and 2021 may be underestimated, and need to be interpreted with caution.",697.350402832,530.537475586,958.980041504
TKM,EUR,Europe,2021,25.7,19.7,33.5,"For this geography and year, some non-communicable disease deaths may be included in a separate category called ""other pandemic-related mortality"" due to lack of vital registration data. Estimates of this indicator for 2020 and 2021 may be underestimated, and need to be interpreted with caution.",676.287536621,511.070465088,949.240600586
TLS,SEAR,South-East Asia,2000,20.7,16.1,36.8,,553.238464355,482.626403809,1427.527099609
TLS,SEAR,South-East Asia,2001,20.5,14.8,34.1,,548.811523438,466.498443604,1366.283691406
TLS,SEAR,South-East Asia,2002,19.1,12.9,29.9,,513.564208984,433.422729492,1258.399658203
TLS,SEAR,South-East Asia,2003,20.0,13.0,30.1,,534.801025391,458.97454834,1327.739746094
TLS,SEAR,South-East Asia,2004,20.5,13.5,31.0,,545.545288086,492.010498047,1409.206420898
TLS,SEAR,South-East Asia,2005,20.1,13.5,30.7,,541.073913574,494.678192139,1407.521484375
TLS,SEAR,South-East Asia,2006,19.6,13.1,29.8,,528.733276367,478.240783691,1354.464477539
TLS,SEAR,South-East Asia,2007,19.3,12.8,29.1,,520.483703613,466.639221191,1317.358398438
TLS,SEAR,South-East Asia,2008,19.4,12.6,28.7,,522.317382813,469.747375488,1324.340942383
TLS,SEAR,South-East Asia,2009,22.3,14.4,32.3,,594.496398926,531.352111816,1496.580444336
TLS,SEAR,South-East Asia,2010,21.3,13.6,30.8,,585.473510742,522.875183105,1479.783935547
TLS,SEAR,South-East Asia,2011,21.5,13.7,31.0,,588.86730957,502.652557373,1423.161499023
TLS,SEAR,South-East Asia,2012,20.9,13.3,30.3,,572.98425293,465.965270996,1321.279663086
TLS,SEAR,South-East Asia,2013,21.2,13.5,30.7,,577.884094238,454.499664307,1288.763305664
TLS,SEAR,South-East Asia,2014,21.6,13.7,31.3,,582.323974609,448.590606689,1272.576538086
TLS,SEAR,South-East Asia,2015,20.2,12.7,29.3,,557.540344238,414.017578125,1173.639160156
TLS,SEAR,South-East Asia,2016,20.5,12.7,29.6,,565.555664063,389.667999268,1107.986450195
TLS,SEAR,South-East Asia,2017,20.0,12.3,28.9,,555.012023926,360.3543396,1028.974731445
TLS,SEAR,South-East Asia,2018,20.4,12.6,29.6,,564.328552246,348.111572266,996.573852539
TLS,SEAR,South-East Asia,2019,20.9,13.0,30.4,,575.397705078,340.360198975,975.992553711
TLS,SEAR,South-East Asia,2020,19.2,11.9,28.2,"For this geography and year, some non-communicable disease deaths may be included in a separate category called ""other pandemic-related mortality"" due to lack of vital registration data. Estimates of this indicator for 2020 and 2021 may be underestimated, and need to be interpreted with caution.",534.680480957,308.655426025,886.851623535
TLS,SEAR,South-East Asia,2021,20.1,12.5,29.6,"For this geography and year, some non-communicable disease deaths may be included in a separate category called ""other pandemic-related mortality"" due to lack of vital registration data. Estimates of this indicator for 2020 and 2021 may be underestimated, and need to be interpreted with caution.",561.167907715,313.332122803,908.419616699
TON,WPR,Western Pacific,2000,29.0,20.8,38.5,,719.201599121,462.487487793,1076.22265625
TON,WPR,Western Pacific,2001,28.4,20.3,37.8,,707.783569336,454.531066895,1059.392700195
TON,WPR,Western Pacific,2002,28.4,20.4,37.9,,705.695922852,453.692840576,1056.687744141
TON,WPR,Western Pacific,2003,28.7,20.5,38.2,,709.377807617,455.381744385,1061.922851563
TON,WPR,Western Pacific,2004,28.3,20.2,37.8,,699.799133301,447.317199707,1049.84362793
TON,WPR,Western Pacific,2005,27.2,19.3,36.6,,666.947814941,423.046417236,1006.82611084
TON,WPR,Western Pacific,2006,27.1,19.1,36.5,,667.838500977,422.251708984,1008.236877441
TON,WPR,Western Pacific,2007,27.1,19.1,36.7,,670.366271973,422.42565918,1013.346313477
TON,WPR,Western Pacific,2008,27.0,18.9,36.7,,668.743774414,421.270721436,1011.587158203
TON,WPR,Western Pacific,2009,27.2,19.0,36.9,,671.837341309,421.419616699,1015.314208984
TON,WPR,Western Pacific,2010,27.4,19.0,37.1,,678.90625,424.427947998,1028.538330078
TON,WPR,Western Pacific,2011,27.2,18.8,37.1,,675.089355469,420.808929443,1024.696411133
TON,WPR,Western Pacific,2012,27.1,18.7,37.1,,673.133422852,418.626525879,1024.420654297
TON,WPR,Western Pacific,2013,27.0,18.6,37.1,,669.934082031,415.820159912,1022.33807373
TON,WPR,Western Pacific,2014,26.9,18.5,37.1,,667.128723145,413.236114502,1021.381591797
TON,WPR,Western Pacific,2015,26.8,18.4,37.0,,663.728820801,410.381286621,1018.376342773
TON,WPR,Western Pacific,2016,26.4,18.0,36.6,,652.091491699,403.139953613,1002.860290527
TON,WPR,Western Pacific,2017,26.4,17.9,36.5,,652.14440918,400.216705322,1000.949645996
TON,WPR,Western Pacific,2018,26.2,17.5,36.0,,647.593078613,393.52444458,989.610473633
TON,WPR,Western Pacific,2019,26.0,17.2,35.6,,642.985900879,387.21105957,980.48248291
TON,WPR,Western Pacific,2020,25.7,16.9,35.2,,631.418823242,377.847595215,962.595458984
TON,WPR,Western Pacific,2021,26.9,17.7,36.9,,660.832580566,394.420898438,1013.584472656
TTO,AMR,Americas,2000,27.8,25.1,32.1,,664.024902344,618.957092285,890.599121094
TTO,AMR,Americas,2001,26.9,24.2,31.0,,654.003540039,607.558227539,877.998352051
TTO,AMR,Americas,2002,25.4,22.8,29.4,,629.93939209,585.348999023,849.178466797
TTO,AMR,Americas,2003,25.4,23.0,29.5,,631.394775391,588.102172852,849.662963867
TTO,AMR,Americas,2004,24.8,22.3,28.7,,612.066040039,568.918579102,826.105041504
TTO,AMR,Americas,2005,24.0,21.6,27.8,,591.630432129,550.862182617,803.133300781
TTO,AMR,Americas,2006,22.6,20.2,26.2,,568.162963867,529.638305664,776.49407959
TTO,AMR,Americas,2007,22.1,19.7,25.6,,560.292236328,522.247497559,767.970825195
TTO,AMR,Americas,2008,22.5,19.9,26.0,,570.468078613,530.302490234,783.323852539
TTO,AMR,Americas,2009,21.3,18.7,24.6,,539.059143066,501.645111084,744.924316406
TTO,AMR,Americas,2010,20.9,18.2,24.1,,529.110961914,492.599304199,737.912475586
TTO,AMR,Americas,2011,20.4,17.6,23.4,,511.498291016,474.891143799,718.080383301
TTO,AMR,Americas,2012,19.4,16.5,22.2,,488.464263916,452.392669678,691.457214355
TTO,AMR,Americas,2013,20.2,16.5,23.8,,508.944702148,459.968292236,740.768676758
TTO,AMR,Americas,2014,20.5,16.8,24.2,,510.74697876,460.864807129,745.745178223
TTO,AMR,Americas,2015,20.5,17.2,23.4,,512.221862793,474.826873779,733.091674805
TTO,AMR,Americas,2016,21.2,17.7,24.2,,534.792480469,494.375335693,768.154785156
TTO,AMR,Americas,2017,20.7,17.2,23.6,,525.951171875,483.968414307,757.16607666
TTO,AMR,Americas,2018,20.4,16.9,23.3,,516.66595459,472.158691406,743.46862793
TTO,AMR,Americas,2019,20.4,16.1,24.4,,515.710205078,451.193756104,768.551879883
TTO,AMR,Americas,2020,20.7,15.5,25.8,"For this geography and year, some non-communicable disease deaths may be included in a separate category called ""other pandemic-related mortality"" due to lack of vital registration data. Estimates of this indicator for 2020 and 2021 may be underestimated, and need to be interpreted with caution.",521.002685547,440.285705566,803.440002441
TTO,AMR,Americas,2021,20.3,14.5,26.0,"For this geography and year, some non-communicable disease deaths may be included in a separate category called ""other pandemic-related mortality"" due to lack of vital registration data. Estimates of this indicator for 2020 and 2021 may be underestimated, and need to be interpreted with caution.",504.684387207,411.896972656,807.470458984
TUN,EMR,Eastern Mediterranean,2000,18.6,12.1,24.8,,535.587524414,383.269744873,934.422973633
TUN,EMR,Eastern Mediterranean,2001,18.4,11.9,24.9,,532.217041016,377.152587891,932.074462891
TUN,EMR,Eastern Mediterranean,2002,18.2,11.8,25.0,,529.666259766,370.429168701,929.703735352
TUN,EMR,Eastern Mediterranean,2003,17.8,11.5,24.8,,527.88671875,365.808288574,930.599243164
TUN,EMR,Eastern Mediterranean,2004,17.6,11.3,25.1,,524.270202637,358.577423096,926.773193359
TUN,EMR,Eastern Mediterranean,2005,17.3,11.2,25.2,,519.454345703,351.488861084,920.727783203
TUN,EMR,Eastern Mediterranean,2006,17.1,11.1,25.3,,513.719482422,344.199188232,912.838623047
TUN,EMR,Eastern Mediterranean,2007,16.8,11.0,25.3,,508.091125488,337.227508545,901.789367676
TUN,EMR,Eastern Mediterranean,2008,16.6,10.9,25.3,,502.101715088,329.603515625,890.918334961
TUN,EMR,Eastern Mediterranean,2009,16.5,10.8,25.4,,498.989105225,324.745697021,887.631469727
TUN,EMR,Eastern Mediterranean,2010,16.4,10.6,25.5,,496.157348633,319.383392334,885.012634277
TUN,EMR,Eastern Mediterranean,2011,16.0,10.3,25.0,,483.22088623,307.942504883,866.060913086
TUN,EMR,Eastern Mediterranean,2012,15.7,10.1,24.7,,477.239624023,303.213104248,858.546569824
TUN,EMR,Eastern Mediterranean,2013,15.7,9.9,24.5,,475.257965088,300.469482422,859.356567383
TUN,EMR,Eastern Mediterranean,2014,15.5,9.6,24.1,,471.34173584,297.035949707,854.351745605
TUN,EMR,Eastern Mediterranean,2015,15.5,9.5,23.9,,470.033966064,294.81072998,855.700195313
TUN,EMR,Eastern Mediterranean,2016,15.4,9.3,23.5,,466.120452881,291.563476563,852.317871094
TUN,EMR,Eastern Mediterranean,2017,15.4,9.2,23.5,,464.782165527,289.254577637,858.126708984
TUN,EMR,Eastern Mediterranean,2018,15.3,9.1,23.3,,459.401123047,285.510192871,849.871643066
TUN,EMR,Eastern Mediterranean,2019,15.2,9.0,23.1,,451.707305908,279.31350708,837.289245605
TUN,EMR,Eastern Mediterranean,2020,15.1,8.7,23.0,"For this geography and year, some non-communicable disease deaths may be included in a separate category called ""other pandemic-related mortality"" due to lack of vital registration data. Estimates of this indicator for 2020 and 2021 may be underestimated, and need to be interpreted with caution.",455.749603271,279.073059082,844.268310547
TUN,EMR,Eastern Mediterranean,2021,13.0,7.6,20.0,"For this geography and year, some non-communicable disease deaths may be included in a separate category called ""other pandemic-related mortality"" due to lack of vital registration data. Estimates of this indicator for 2020 and 2021 may be underestimated, and need to be interpreted with caution.",432.402191162,270.370147705,813.873596191
TUR,EUR,Europe,2000,22.5,15.2,28.2,,579.692932129,342.690734863,821.15625
TUR,EUR,Europe,2001,21.5,14.5,26.9,,554.64074707,327.893768311,779.789245605
TUR,EUR,Europe,2002,20.5,13.9,25.7,,530.85168457,313.064056396,738.346435547
TUR,EUR,Europe,2003,19.9,13.6,25.0,,513.704650879,302.5887146,706.156799316
TUR,EUR,Europe,2004,19.3,13.3,24.3,,499.024261475,295.606079102,675.750549316
TUR,EUR,Europe,2005,18.9,13.2,23.8,,490.213104248,290.984375,654.495910645
TUR,EUR,Europe,2006,18.6,13.0,23.3,,482.273620605,287.670715332,633.927734375
TUR,EUR,Europe,2007,18.2,12.8,22.7,,481.023345947,287.027130127,619.99041748
TUR,EUR,Europe,2008,18.0,12.9,22.5,,490.774017334,294.245910645,619.982849121
TUR,EUR,Europe,2009,18.6,13.4,23.1,,510.77130127,309.100646973,636.08190918
TUR,EUR,Europe,2010,18.6,13.5,23.0,,508.737884521,309.975921631,628.96673584
TUR,EUR,Europe,2011,18.5,13.3,22.7,,503.938323975,309.187316895,622.434265137
TUR,EUR,Europe,2012,18.2,13.1,22.3,,499.580932617,308.15838623,618.288696289
TUR,EUR,Europe,2013,18.0,12.9,22.1,,499.516204834,309.89453125,620.552368164
TUR,EUR,Europe,2014,17.9,12.9,22.1,,506.910369873,315.669586182,632.559753418
TUR,EUR,Europe,2015,17.7,12.7,21.8,,513.480529785,319.554290771,642.144348145
TUR,EUR,Europe,2016,17.4,12.4,21.5,,514.937133789,320.470336914,649.414978027
TUR,EUR,Europe,2017,17.0,11.8,21.0,,500.503662109,308.79989624,638.835021973
TUR,EUR,Europe,2018,16.7,11.4,20.8,,479.083526611,292.842651367,620.894348145
TUR,EUR,Europe,2019,16.6,11.1,20.7,,482.265167236,289.889038086,629.034240723
TUR,EUR,Europe,2020,15.2,9.9,19.1,"For this geography and year, some non-communicable disease deaths may be included in a separate category called ""other pandemic-related mortality"" due to lack of vital registration data. Estimates of this indicator for 2020 and 2021 may be underestimated, and need to be interpreted with caution.",493.522644043,285.042510986,636.399169922
TUR,EUR,Europe,2021,15.4,9.8,19.6,"For this geography and year, some non-communicable disease deaths may be included in a separate category called ""other pandemic-related mortality"" due to lack of vital registration data. Estimates of this indicator for 2020 and 2021 may be underestimated, and need to be interpreted with caution.",470.553253174,262.489135742,603.91607666
TZA,AFR,Africa,2000,19.6,12.4,29.0,,502.086029053,274.373809814,825.864318848
TZA,AFR,Africa,2001,19.2,12.2,28.6,,485.915893555,267.709136963,802.239562988
TZA,AFR,Africa,2002,18.9,12.0,28.3,,488.094573975,268.70425415,809.715576172
TZA,AFR,Africa,2003,18.8,12.0,28.2,,484.217956543,267.588226318,806.471008301
TZA,AFR,Africa,2004,18.6,12.0,28.1,,481.527893066,266.688018799,804.18170166
TZA,AFR,Africa,2005,18.4,11.9,27.9,,489.192871094,271.20010376,816.984069824
TZA,AFR,Africa,2006,18.1,11.7,27.6,,485.567504883,270.23348999,811.351623535
TZA,AFR,Africa,2007,18.0,11.7,27.4,,482.8543396,269.852294922,806.620483398
TZA,AFR,Africa,2008,17.8,11.6,27.2,,481.86730957,269.909515381,806.516784668
TZA,AFR,Africa,2009,17.8,11.5,27.3,,473.373382568,265.787353516,798.324645996
TZA,AFR,Africa,2010,17.5,11.4,27.2,,472.135406494,265.326629639,800.03125
TZA,AFR,Africa,2011,17.3,11.3,27.0,,468.430175781,263.317474365,798.640319824
TZA,AFR,Africa,2012,17.1,11.2,26.9,,459.25970459,258.663299561,786.984191895
TZA,AFR,Africa,2013,17.3,11.2,27.2,,475.594543457,266.398986816,817.617675781
TZA,AFR,Africa,2014,17.2,11.1,27.1,,471.410797119,262.895782471,814.364074707
TZA,AFR,Africa,2015,17.4,11.1,27.4,,479.954101563,265.721893311,831.789794922
TZA,AFR,Africa,2016,17.6,11.1,27.7,,484.324249268,266.38482666,842.859313965
TZA,AFR,Africa,2017,17.7,11.0,27.9,,492.085327148,269.504455566,858.163696289
TZA,AFR,Africa,2018,18.1,11.1,28.5,,505.489440918,276.181152344,884.621765137
TZA,AFR,Africa,2019,18.4,11.3,29.2,,517.913146973,282.209838867,912.83001709
TZA,AFR,Africa,2020,17.9,10.9,28.6,"For this geography and year, some non-communicable disease deaths may be included in a separate category called ""other pandemic-related mortality"" due to lack of vital registration data. Estimates of this indicator for 2020 and 2021 may be underestimated, and need to be interpreted with caution.",506.659118652,273.00769043,895.685791016
TZA,AFR,Africa,2021,18.8,11.4,30.0,"For this geography and year, some non-communicable disease deaths may be included in a separate category called ""other pandemic-related mortality"" due to lack of vital registration data. Estimates of this indicator for 2020 and 2021 may be underestimated, and need to be interpreted with caution.",534.394592285,286.151062012,944.927124023
UGA,AFR,Africa,2000,29.2,18.3,41.3,,724.704284668,338.073913574,1041.147094727
UGA,AFR,Africa,2001,29.8,18.7,42.0,,740.91595459,345.197814941,1058.327148438
UGA,AFR,Africa,2002,29.5,18.5,41.6,,737.091796875,341.697021484,1046.831542969
UGA,AFR,Africa,2003,28.9,18.1,40.9,,723.838989258,333.903717041,1022.167297363
UGA,AFR,Africa,2004,28.4,17.8,40.1,,711.817260742,326.934997559,1000.461425781
UGA,AFR,Africa,2005,27.4,17.2,38.7,,684.549621582,313.682769775,955.770080566
UGA,AFR,Africa,2006,26.2,16.5,37.2,,657.248840332,299.422698975,911.347595215
UGA,AFR,Africa,2007,25.1,15.7,35.7,,629.073303223,285.104858398,866.66998291
UGA,AFR,Africa,2008,24.3,15.1,34.7,,610.543762207,274.72869873,838.467956543
UGA,AFR,Africa,2009,23.6,14.7,33.9,,592.743591309,264.877685547,811.119445801
UGA,AFR,Africa,2010,23.3,14.4,33.5,,584.553588867,258.842926025,798.280761719
UGA,AFR,Africa,2011,23.1,14.1,33.4,,583.876098633,256.083343506,797.025146484
UGA,AFR,Africa,2012,22.6,13.7,32.8,,571.648071289,248.66545105,779.912963867
UGA,AFR,Africa,2013,22.5,13.6,32.7,,568.715942383,245.667907715,773.182861328
UGA,AFR,Africa,2014,22.0,13.3,32.1,,555.158752441,238.276046753,752.73034668
UGA,AFR,Africa,2015,21.7,12.9,31.7,,544.39276123,231.271713257,737.733825684
UGA,AFR,Africa,2016,21.5,12.7,31.6,,540.932617188,228.548690796,732.477600098
UGA,AFR,Africa,2017,21.1,12.3,31.2,,533.252685547,223.195327759,722.41418457
UGA,AFR,Africa,2018,21.4,12.4,31.7,,547.159118652,227.523406982,741.20111084
UGA,AFR,Africa,2019,21.8,12.5,32.4,,564.582214355,233.175643921,766.378295898
UGA,AFR,Africa,2020,21.7,12.4,32.4,"For this geography and year, some non-communicable disease deaths may be included in a separate category called ""other pandemic-related mortality"" due to lack of vital registration data. Estimates of this indicator for 2020 and 2021 may be underestimated, and need to be interpreted with caution.",559.695739746,228.043029785,753.523803711
UGA,AFR,Africa,2021,21.5,12.0,32.3,"For this geography and year, some non-communicable disease deaths may be included in a separate category called ""other pandemic-related mortality"" due to lack of vital registration data. Estimates of this indicator for 2020 and 2021 may be underestimated, and need to be interpreted with caution.",566.126464844,228.300857544,762.892333984
UKR,EUR,Europe,2000,34.0,31.1,38.0,,882.378967285,774.392883301,1013.726928711
UKR,EUR,Europe,2001,33.1,30.1,36.8,,863.648376465,759.786560059,993.6484375
UKR,EUR,Europe,2002,33.3,30.5,37.1,,884.187561035,777.630859375,1011.847717285
UKR,EUR,Europe,2003,33.3,30.6,37.1,,897.740539551,793.215393066,1029.046386719
UKR,EUR,Europe,2004,33.7,31.0,37.3,,892.902404785,791.670593262,1028.348144531
UKR,EUR,Europe,2005,34.4,31.5,37.7,,914.356506348,809.799865723,1054.189086914
UKR,EUR,Europe,2006,32.9,30.1,36.1,,877.540039063,778.374755859,1015.038391113
UKR,EUR,Europe,2007,33.0,30.1,36.1,,876.105285645,772.31451416,1009.301635742
UKR,EUR,Europe,2008,32.5,29.7,35.6,,863.985595703,761.935852051,997.375610352
UKR,EUR,Europe,2009,30.0,27.3,32.9,,802.063659668,710.299743652,928.427978516
UKR,EUR,Europe,2010,29.0,26.4,31.8,,782.411987305,694.003723145,906.360656738
UKR,EUR,Europe,2011,27.7,25.0,30.4,,734.999694824,651.046813965,853.94543457
UKR,EUR,Europe,2012,27.6,24.9,30.2,,727.858093262,642.84576416,845.577331543
UKR,EUR,Europe,2013,26.7,24.1,29.3,,711.039550781,627.307861328,826.148193359
UKR,EUR,Europe,2014,27.3,24.7,30.1,,725.670288086,636.082397461,840.784423828
UKR,EUR,Europe,2015,25.7,23.1,28.2,,676.202148438,588.315124512,780.470703125
UKR,EUR,Europe,2016,25.4,22.6,27.7,,659.499145508,569.573974609,759.298522949
UKR,EUR,Europe,2017,24.8,20.6,28.5,,644.159912109,523.175354004,774.505859375
UKR,EUR,Europe,2018,25.8,20.2,30.8,,660.443908691,505.054016113,823.014709473
UKR,EUR,Europe,2019,25.3,19.0,30.7,,650.953063965,484.192626953,828.526123047
UKR,EUR,Europe,2020,25.1,19.1,30.6,"For this geography and year, some non-communicable disease deaths may be included in a separate category called ""other pandemic-related mortality"" due to lack of vital registration data. Estimates of this indicator for 2020 and 2021 may be underestimated, and need to be interpreted with caution.",638.536437988,474.827056885,816.519226074
UKR,EUR,Europe,2021,24.8,15.9,33.2,"For this geography and year, some non-communicable disease deaths may be included in a separate category called ""other pandemic-related mortality"" due to lack of vital registration data. Estimates of this indicator for 2020 and 2021 may be underestimated, and need to be interpreted with caution.",629.071655273,403.082794189,888.300354004
URY,AMR,Americas,2000,20.6,17.8,23.6,,525.753112793,436.278106689,653.591125488
URY,AMR,Americas,2001,20.2,17.4,23.1,,529.207946777,440.606201172,659.731567383
URY,AMR,Americas,2002,19.9,17.2,22.8,,521.629638672,435.65838623,652.570739746
URY,AMR,Americas,2003,20.1,17.3,23.0,,537.505554199,451.040130615,675.762695313
URY,AMR,Americas,2004,19.6,16.9,22.5,,520.352844238,438.02911377,656.759155273
URY,AMR,Americas,2005,19.0,16.4,21.8,,507.1065979,427.027770996,642.675476074
URY,AMR,Americas,2006,18.7,16.1,21.5,,479.988769531,403.870697021,609.079406738
URY,AMR,Americas,2007,19.0,16.4,21.9,,512.13861084,431.734832764,650.53692627
URY,AMR,Americas,2008,18.1,15.7,20.9,,469.172271729,393.276397705,595.132141113
URY,AMR,Americas,2009,17.8,15.4,20.5,,457.120117188,381.581695557,580.532592773
URY,AMR,Americas,2010,17.7,15.3,20.5,,467.076171875,388.60055542,594.227416992
URY,AMR,Americas,2011,17.7,15.2,20.5,,460.664916992,383.319885254,585.930786133
URY,AMR,Americas,2012,17.5,15.1,20.4,,460.036010742,382.210479736,586.105712891
URY,AMR,Americas,2013,17.1,14.7,19.9,,446.849090576,369.822570801,569.280212402
URY,AMR,Americas,2014,17.1,14.7,20.0,,435.662811279,359.019683838,554.795715332
URY,AMR,Americas,2015,17.3,14.8,20.2,,441.731262207,362.824707031,563.083557129
URY,AMR,Americas,2016,17.6,15.1,20.6,,453.31439209,371.063781738,577.54888916
URY,AMR,Americas,2017,16.3,13.9,19.1,,433.700012207,353.026306152,553.507324219
URY,AMR,Americas,2018,16.6,14.1,19.6,,438.819824219,354.650482178,560.310852051
URY,AMR,Americas,2019,16.6,14.0,19.6,,444.376678467,355.982452393,568.307189941
URY,AMR,Americas,2020,16.2,13.6,19.2,,415.260009766,327.973205566,534.57043457
URY,AMR,Americas,2021,17.4,14.6,20.6,,446.412994385,351.686157227,572.48046875
USA,AMR,Americas,2000,17.8,17.4,18.7,,486.200744629,421.062408447,554.655456543
USA,AMR,Americas,2001,17.4,17.0,18.3,,479.407470703,415.288269043,548.857971191
USA,AMR,Americas,2002,17.2,16.7,17.9,,475.229858398,410.904632568,544.834960938
USA,AMR,Americas,2003,16.9,16.3,17.6,,468.488830566,403.762542725,537.840270996
USA,AMR,Americas,2004,16.3,15.7,17.0,,450.044921875,387.15447998,518.497131348
USA,AMR,Americas,2005,16.0,15.5,16.7,,449.005401611,385.624481201,518.836547852
USA,AMR,Americas,2006,15.6,15.0,16.2,,436.91317749,374.933441162,506.819396973
USA,AMR,Americas,2007,15.2,14.6,15.8,,426.811004639,365.314941406,496.656646729
USA,AMR,Americas,2008,15.1,14.4,15.7,,425.064331055,363.548095703,496.536437988
USA,AMR,Americas,2009,14.8,14.1,15.3,,411.307617188,352.308990479,482.192321777
USA,AMR,Americas,2010,14.5,13.8,15.0,,407.711456299,347.621063232,479.720794678
USA,AMR,Americas,2011,14.3,13.6,14.8,,405.292358398,346.054504395,478.597015381
USA,AMR,Americas,2012,14.2,13.4,14.7,,401.731048584,343.550994873,475.604522705
USA,AMR,Americas,2013,14.0,13.3,14.5,,402.029571533,343.729980469,476.064300537
USA,AMR,Americas,2014,13.9,13.2,14.4,,400.194793701,342.457763672,473.62286377
USA,AMR,Americas,2015,14.0,13.2,14.4,,405.731018066,346.55871582,480.247497559
USA,AMR,Americas,2016,13.9,13.2,14.4,,405.851531982,346.521240234,479.69543457
USA,AMR,Americas,2017,13.7,13.0,14.2,,407.929168701,346.724700928,482.157226563
USA,AMR,Americas,2018,13.5,12.8,14.0,,404.178344727,341.454498291,477.634368896
USA,AMR,Americas,2019,13.2,12.5,13.8,,401.540893555,337.20413208,473.943969727
USA,AMR,Americas,2020,13.6,12.9,14.3,,424.602935791,354.95904541,501.998352051
USA,AMR,Americas,2021,13.7,12.9,14.5,,423.599060059,355.53125,504.218475342
UZB,EUR,Europe,2000,45.3,39.8,49.5,,1328.955322266,1114.943603516,1626.349243164
UZB,EUR,Europe,2001,44.2,38.7,48.3,,1284.8125,1075.009643555,1564.695556641
UZB,EUR,Europe,2002,45.3,39.7,49.5,,1333.724121094,1114.434326172,1616.758056641
UZB,EUR,Europe,2003,44.5,38.9,48.6,,1311.627563477,1091.344238281,1584.774902344
UZB,EUR,Europe,2004,43.5,37.9,47.6,,1233.659667969,1019.651672363,1487.606323242
UZB,EUR,Europe,2005,45.2,39.2,49.6,,1303.158447266,1072.662963867,1568.508056641
UZB,EUR,Europe,2006,43.1,36.9,48.0,,1231.223632813,1002.462097168,1492.713378906
UZB,EUR,Europe,2007,42.0,35.7,46.8,,1197.034667969,965.502502441,1449.798828125
UZB,EUR,Europe,2008,40.6,34.8,44.9,,1158.547973633,941.926208496,1382.125
UZB,EUR,Europe,2009,38.6,33.5,42.2,,1084.646362305,888.464233398,1270.089477539
UZB,EUR,Europe,2010,37.8,32.8,41.1,,1085.35546875,889.106933594,1256.056518555
UZB,EUR,Europe,2011,36.6,32.0,39.8,,1074.17956543,883.813903809,1227.950561523
UZB,EUR,Europe,2012,35.8,31.2,38.8,,1041.512817383,852.992492676,1180.365600586
UZB,EUR,Europe,2013,34.3,29.9,37.3,,984.601806641,800.830566406,1107.779907227
UZB,EUR,Europe,2014,33.7,29.4,36.6,,959.245361328,773.780517578,1071.954101563
UZB,EUR,Europe,2015,32.0,27.9,34.9,,908.455993652,725.652160645,1008.669677734
UZB,EUR,Europe,2016,31.4,27.4,34.5,,872.615600586,689.636901855,966.027160645
UZB,EUR,Europe,2017,30.4,26.6,33.7,,851.455383301,665.257202148,938.258483887
UZB,EUR,Europe,2018,28.4,24.8,31.7,,780.469726563,603.448547363,855.641418457
UZB,EUR,Europe,2019,26.8,23.3,30.2,,735.403808594,558.942443848,806.019714355
UZB,EUR,Europe,2020,27.2,23.0,31.5,"For this geography and year, some non-communicable disease deaths may be included in a separate category called ""other pandemic-related mortality"" due to lack of vital registration data. Estimates of this indicator for 2020 and 2021 may be underestimated, and need to be interpreted with caution.",805.606201172,580.788085938,885.18170166
UZB,EUR,Europe,2021,24.6,20.1,29.4,"For this geography and year, some non-communicable disease deaths may be included in a separate category called ""other pandemic-related mortality"" due to lack of vital registration data. Estimates of this indicator for 2020 and 2021 may be underestimated, and need to be interpreted with caution.",724.767944336,501.621948242,809.518005371
VCT,AMR,Americas,2000,23.3,19.6,26.5,,608.627807617,498.8671875,738.880187988
VCT,AMR,Americas,2001,22.5,18.9,25.6,,581.235961914,473.962890625,704.066040039
VCT,AMR,Americas,2002,23.0,19.2,26.1,,575.231506348,470.58303833,699.80291748
VCT,AMR,Americas,2003,21.6,18.1,24.5,,558.161499023,458.742126465,682.813598633
VCT,AMR,Americas,2004,21.6,18.1,24.5,,569.262573242,469.405944824,701.981079102
VCT,AMR,Americas,2005,20.4,17.0,23.2,,544.204772949,449.537078857,674.791992188
VCT,AMR,Americas,2006,19.7,16.5,22.4,,535.285949707,442.883850098,667.57635498
VCT,AMR,Americas,2007,18.2,15.3,20.8,,527.723144531,437.979400635,659.565612793
VCT,AMR,Americas,2008,17.9,15.0,20.5,,516.695617676,430.032501221,643.182922363
VCT,AMR,Americas,2009,17.5,14.6,20.0,,496.108795166,412.219512939,613.82623291
VCT,AMR,Americas,2010,19.0,16.0,21.8,,518.499633789,426.650238037,637.330871582
VCT,AMR,Americas,2011,20.1,16.9,23.1,,537.962158203,436.321624756,654.979919434
VCT,AMR,Americas,2012,21.3,18.0,24.5,,547.26763916,443.307403564,662.790344238
VCT,AMR,Americas,2013,22.1,18.6,25.3,,551.299194336,449.12677002,672.200866699
VCT,AMR,Americas,2014,22.4,18.8,25.7,,554.459655762,451.957977295,683.08972168
VCT,AMR,Americas,2015,22.0,18.3,25.3,,533.88293457,434.428009033,663.266418457
VCT,AMR,Americas,2016,21.9,18.3,25.3,,543.38470459,439.790863037,680.074035645
VCT,AMR,Americas,2017,22.2,18.5,25.7,,547.535583496,443.024169922,688.084106445
VCT,AMR,Americas,2018,22.3,18.5,25.9,,555.631652832,449.477020264,701.890014648
VCT,AMR,Americas,2019,22.7,18.8,26.6,,558.363708496,446.854614258,708.800231934
VCT,AMR,Americas,2020,24.4,20.0,28.7,,573.391784668,454.454620361,733.582275391
VCT,AMR,Americas,2021,23.6,19.2,28.0,,537.865966797,424.016418457,691.547119141
VEN,AMR,Americas,2000,16.8,14.9,19.2,,482.461425781,389.702575684,597.699157715
VEN,AMR,Americas,2001,16.8,15.0,19.3,,491.710083008,394.00302124,605.136230469
VEN,AMR,Americas,2002,16.2,14.4,18.6,,465.714050293,371.030090332,568.611450195
VEN,AMR,Americas,2003,16.6,14.7,19.0,,487.403289795,386.6171875,593.625610352
VEN,AMR,Americas,2004,15.9,14.1,18.2,,466.07989502,366.410522461,567.023010254
VEN,AMR,Americas,2005,15.9,14.0,18.2,,459.656036377,359.933990479,559.051269531
VEN,AMR,Americas,2006,15.6,13.7,17.8,,450.301483154,352.630310059,546.56072998
VEN,AMR,Americas,2007,15.7,13.8,17.9,,450.575195313,352.476318359,546.619628906
VEN,AMR,Americas,2008,15.8,13.9,18.0,,458.418273926,357.565124512,555.050598145
VEN,AMR,Americas,2009,15.7,13.8,17.9,,448.463409424,348.656616211,541.52722168
VEN,AMR,Americas,2010,15.8,13.8,17.9,,459.957092285,354.914123535,554.784545898
VEN,AMR,Americas,2011,16.2,14.1,18.3,,466.906005859,359.078887939,561.825439453
VEN,AMR,Americas,2012,16.0,13.9,18.1,,459.70880127,352.428161621,553.192687988
VEN,AMR,Americas,2013,15.7,13.6,17.8,,450.467590332,344.978668213,542.796142578
VEN,AMR,Americas,2014,16.2,14.0,18.3,,483.225341797,369.085479736,581.313842773
VEN,AMR,Americas,2015,16.7,14.4,19.0,,487.540588379,371.974853516,587.693908691
VEN,AMR,Americas,2016,18.2,15.6,20.7,,538.710998535,409.285400391,651.37310791
VEN,AMR,Americas,2017,17.5,14.9,19.9,,516.433532715,388.172424316,624.701721191
VEN,AMR,Americas,2018,17.6,14.1,21.0,,517.969299316,371.749786377,647.857543945
VEN,AMR,Americas,2019,17.9,13.5,22.4,,523.528686523,358.551055908,679.323486328
VEN,AMR,Americas,2020,18.4,13.3,23.6,"For this geography and year, some non-communicable disease deaths may be included in a separate category called ""other pandemic-related mortality"" due to lack of vital registration data. Estimates of this indicator for 2020 and 2021 may be underestimated, and need to be interpreted with caution.",557.016113281,369.12411499,732.938842773
VEN,AMR,Americas,2021,18.7,13.2,24.2,"For this geography and year, some non-communicable disease deaths may be included in a separate category called ""other pandemic-related mortality"" due to lack of vital registration data. Estimates of this indicator for 2020 and 2021 may be underestimated, and need to be interpreted with caution.",569.308227539,368.244628906,755.966125488
VNM,WPR,Western Pacific,2000,20.1,14.3,29.6,,558.662719727,371.862335205,914.444030762
VNM,WPR,Western Pacific,2001,20.3,14.5,29.7,,562.765075684,375.997192383,916.831115723
VNM,WPR,Western Pacific,2002,20.3,14.6,29.8,,564.58203125,378.87197876,915.850341797
VNM,WPR,Western Pacific,2003,20.4,14.8,30.0,,568.204162598,381.907226563,917.098815918
VNM,WPR,Western Pacific,2004,20.7,15.1,30.3,,574.933349609,387.334747314,924.832824707
VNM,WPR,Western Pacific,2005,20.8,15.3,30.5,,577.561889648,390.96862793,926.689331055
VNM,WPR,Western Pacific,2006,20.9,15.4,30.6,,580.57019043,394.475067139,928.108337402
VNM,WPR,Western Pacific,2007,21.2,15.7,30.9,,586.627258301,399.263946533,934.701721191
VNM,WPR,Western Pacific,2008,21.4,15.9,31.1,,590.176147461,401.64251709,937.55267334
VNM,WPR,Western Pacific,2009,21.5,16.0,31.3,,591.125732422,401.143768311,939.192321777
VNM,WPR,Western Pacific,2010,21.7,16.1,31.6,,593.285888672,400.802429199,944.201843262
VNM,WPR,Western Pacific,2011,21.6,15.9,31.5,,591.439819336,397.093475342,943.718688965
VNM,WPR,Western Pacific,2012,21.5,15.8,31.5,,587.885437012,392.414245605,940.595336914
VNM,WPR,Western Pacific,2013,21.5,15.6,31.4,,586.390869141,388.802062988,941.244628906
VNM,WPR,Western Pacific,2014,21.5,15.4,31.4,,585.478515625,384.931182861,944.768493652
VNM,WPR,Western Pacific,2015,21.6,15.3,31.6,,586.372802734,382.81338501,949.650756836
VNM,WPR,Western Pacific,2016,21.4,15.0,31.3,,582.282775879,378.69039917,947.287414551
VNM,WPR,Western Pacific,2017,21.1,14.7,31.2,,576.135131836,371.763641357,943.759765625
VNM,WPR,Western Pacific,2018,20.9,14.5,31.3,,571.901489258,366.997711182,941.268127441
VNM,WPR,Western Pacific,2019,20.8,14.3,31.1,,568.322875977,362.906341553,940.627929688
VNM,WPR,Western Pacific,2020,19.3,13.0,28.9,"For this geography and year, some non-communicable disease deaths may be included in a separate category called ""other pandemic-related mortality"" due to lack of vital registration data. Estimates of this indicator for 2020 and 2021 may be underestimated, and need to be interpreted with caution.",516.915527344,328.011108398,858.413024902
VNM,WPR,Western Pacific,2021,20.1,13.4,29.9,"For this geography and year, some non-communicable disease deaths may be included in a separate category called ""other pandemic-related mortality"" due to lack of vital registration data. Estimates of this indicator for 2020 and 2021 may be underestimated, and need to be interpreted with caution.",546.146057129,342.391296387,909.436767578
VUT,WPR,Western Pacific,2000,40.4,32.6,61.0,,1030.326171875,724.414611816,1912.404174805
VUT,WPR,Western Pacific,2001,40.5,32.0,60.1,,1032.741088867,733.337219238,1929.371826172
VUT,WPR,Western Pacific,2002,40.1,31.2,58.6,,1031.172363281,735.55090332,1929.421508789
VUT,WPR,Western Pacific,2003,39.8,30.2,57.5,,1025.922729492,732.506835938,1927.963867188
VUT,WPR,Western Pacific,2004,39.7,29.8,56.4,,1022.088562012,732.924438477,1915.862670898
VUT,WPR,Western Pacific,2005,39.3,29.1,55.0,,1013.652526855,729.427185059,1895.221801758
VUT,WPR,Western Pacific,2006,39.6,29.0,54.6,,1026.545043945,741.491210938,1918.983398438
VUT,WPR,Western Pacific,2007,39.1,28.3,53.4,,1015.592834473,735.74987793,1896.995605469
VUT,WPR,Western Pacific,2008,38.6,27.5,52.1,,1002.494506836,729.457275391,1872.795776367
VUT,WPR,Western Pacific,2009,38.7,27.3,51.7,,1003.464233398,731.770874023,1872.94543457
VUT,WPR,Western Pacific,2010,38.0,26.6,50.3,,984.709655762,709.759460449,1810.6640625
VUT,WPR,Western Pacific,2011,38.1,26.4,50.0,,984.26184082,690.86126709,1756.122558594
VUT,WPR,Western Pacific,2012,38.4,26.3,49.7,,983.218994141,673.849609375,1709.75402832
VUT,WPR,Western Pacific,2013,38.0,25.8,49.0,,970.420227051,652.134887695,1654.744750977
VUT,WPR,Western Pacific,2014,37.5,25.3,48.3,,953.997802734,628.870788574,1597.013427734
VUT,WPR,Western Pacific,2015,37.6,25.3,48.3,,952.994018555,617.408752441,1566.815063477
VUT,WPR,Western Pacific,2016,37.3,25.0,48.1,,944.550598145,600.017272949,1525.314086914
VUT,WPR,Western Pacific,2017,37.2,24.9,48.1,,942.715820313,590.377868652,1502.959838867
VUT,WPR,Western Pacific,2018,37.1,24.7,48.0,,940.891418457,587.170349121,1495.231445313
VUT,WPR,Western Pacific,2019,37.1,24.5,47.9,,940.082580566,583.860107422,1489.377929688
VUT,WPR,Western Pacific,2020,37.8,24.9,48.6,"For this geography and year, some non-communicable disease deaths may be included in a separate category called ""other pandemic-related mortality"" due to lack of vital registration data. Estimates of this indicator for 2020 and 2021 may be underestimated, and need to be interpreted with caution.",956.074523926,592.383361816,1510.866821289
VUT,WPR,Western Pacific,2021,36.8,24.2,47.9,"For this geography and year, some non-communicable disease deaths may be included in a separate category called ""other pandemic-related mortality"" due to lack of vital registration data. Estimates of this indicator for 2020 and 2021 may be underestimated, and need to be interpreted with caution.",913.854919434,567.669006348,1460.590209961
WSM,WPR,Western Pacific,2000,32.2,21.9,44.1,,811.557373047,485.435668945,1207.380004883
WSM,WPR,Western Pacific,2001,32.1,22.0,44.1,,807.972595215,487.818969727,1212.263671875
WSM,WPR,Western Pacific,2002,31.8,21.8,43.8,,800.522644043,488.187286377,1213.580078125
WSM,WPR,Western Pacific,2003,31.6,21.7,43.6,,795.334960938,485.093444824,1208.718383789
WSM,WPR,Western Pacific,2004,31.3,21.4,43.1,,785.880615234,477.718841553,1191.244506836
WSM,WPR,Western Pacific,2005,31.2,21.3,42.9,,782.230773926,473.583068848,1182.43359375
WSM,WPR,Western Pacific,2006,30.9,21.0,42.5,,774.93548584,468.354003906,1169.969848633
WSM,WPR,Western Pacific,2007,30.9,21.0,42.5,,770.912658691,465.355224609,1164.292236328
WSM,WPR,Western Pacific,2008,30.9,21.0,42.5,,769.369995117,464.116241455,1161.516601563
WSM,WPR,Western Pacific,2009,30.4,20.6,41.8,,753.544494629,455.926086426,1133.954467773
WSM,WPR,Western Pacific,2010,31.0,21.0,42.4,,765.74206543,462.798919678,1152.252929688
WSM,WPR,Western Pacific,2011,31.0,20.8,42.2,,765.208740234,462.911651611,1151.285888672
WSM,WPR,Western Pacific,2012,31.3,21.0,42.2,,772.527648926,467.312805176,1156.546264648
WSM,WPR,Western Pacific,2013,31.4,21.0,42.1,,773.226623535,467.558135986,1152.390625
WSM,WPR,Western Pacific,2014,31.9,21.4,42.7,,787.054931641,475.986297607,1170.921630859
WSM,WPR,Western Pacific,2015,32.2,21.7,43.0,,794.515197754,481.010528564,1179.204223633
WSM,WPR,Western Pacific,2016,32.4,22.0,43.5,,801.027038574,488.137268066,1192.743774414
WSM,WPR,Western Pacific,2017,32.3,21.9,43.4,,798.03302002,485.622344971,1185.480957031
WSM,WPR,Western Pacific,2018,32.2,21.8,43.1,,794.682434082,479.408081055,1170.88659668
WSM,WPR,Western Pacific,2019,32.0,21.5,42.8,,791.1796875,472.672485352,1158.487304688
WSM,WPR,Western Pacific,2020,32.6,21.9,43.5,,800.075805664,475.80645752,1161.685180664
WSM,WPR,Western Pacific,2021,32.3,21.7,43.3,,786.477783203,470.192810059,1158.510620117
YEM,EMR,Eastern Mediterranean,2000,31.0,17.9,42.4,,778.866149902,402.123138428,1230.244506836
YEM,EMR,Eastern Mediterranean,2001,30.6,17.7,41.9,,768.251220703,396.895721436,1208.918945313
YEM,EMR,Eastern Mediterranean,2002,30.1,17.4,41.4,,756.853942871,390.291534424,1184.875244141
YEM,EMR,Eastern Mediterranean,2003,29.7,17.2,40.8,,743.868347168,384.937713623,1158.799682617
YEM,EMR,Eastern Mediterranean,2004,29.5,17.1,40.6,,736.505065918,382.273834229,1141.963500977
YEM,EMR,Eastern Mediterranean,2005,29.0,16.8,40.0,,727.792358398,377.061798096,1126.309814453
YEM,EMR,Eastern Mediterranean,2006,28.5,16.5,39.5,,715.759643555,370.319580078,1104.776733398
YEM,EMR,Eastern Mediterranean,2007,28.2,16.3,39.3,,713.973449707,368.278961182,1101.570800781
YEM,EMR,Eastern Mediterranean,2008,28.0,16.2,39.1,,709.110717773,366.112854004,1091.066650391
YEM,EMR,Eastern Mediterranean,2009,27.7,15.9,38.7,,700.683349609,361.441833496,1076.929321289
YEM,EMR,Eastern Mediterranean,2010,27.1,15.6,38.1,,689.171630859,355.53729248,1058.700927734
YEM,EMR,Eastern Mediterranean,2011,26.8,15.4,37.8,,682.574462891,352.82723999,1046.993652344
YEM,EMR,Eastern Mediterranean,2012,26.6,15.3,37.6,,678.038513184,351.104797363,1039.501464844
YEM,EMR,Eastern Mediterranean,2013,26.4,15.2,37.3,,675.866149902,349.530395508,1036.501220703
YEM,EMR,Eastern Mediterranean,2014,26.1,14.9,36.9,,669.443725586,345.109222412,1027.442749023
YEM,EMR,Eastern Mediterranean,2015,26.0,14.9,36.7,,666.148254395,344.620910645,1022.842346191
YEM,EMR,Eastern Mediterranean,2016,26.1,14.8,36.8,,669.136474609,343.928527832,1029.652954102
YEM,EMR,Eastern Mediterranean,2017,26.0,14.6,36.8,,669.024536133,341.719543457,1029.834350586
YEM,EMR,Eastern Mediterranean,2018,26.0,14.5,36.6,,670.177429199,340.153808594,1032.529052734
YEM,EMR,Eastern Mediterranean,2019,26.3,14.7,36.7,,679.168945313,346.523162842,1041.093139648
YEM,EMR,Eastern Mediterranean,2020,27.2,15.1,37.4,"For this geography and year, some non-communicable disease deaths may be included in a separate category called ""other pandemic-related mortality"" due to lack of vital registration data. Estimates of this indicator for 2020 and 2021 may be underestimated, and need to be interpreted with caution.",699.632080078,356.248352051,1068.361816406
YEM,EMR,Eastern Mediterranean,2021,25.8,14.1,35.4,"For this geography and year, some non-communicable disease deaths may be included in a separate category called ""other pandemic-related mortality"" due to lack of vital registration data. Estimates of this indicator for 2020 and 2021 may be underestimated, and need to be interpreted with caution.",662.461242676,334.072387695,1007.108093262
ZAF,AFR,Africa,2000,21.6,17.1,26.4,,558.142028809,422.746032715,656.321777344
ZAF,AFR,Africa,2001,21.2,17.0,25.7,,547.372009277,414.7605896,645.856750488
ZAF,AFR,Africa,2002,22.5,18.4,27.0,,585.281616211,444.429870605,691.055053711
ZAF,AFR,Africa,2003,23.3,19.5,27.5,,588.153686523,447.602722168,695.059326172
ZAF,AFR,Africa,2004,23.4,19.9,27.3,,588.504943848,448.067199707,696.949462891
ZAF,AFR,Africa,2005,23.3,20.1,26.9,,583.128173828,446.07598877,690.551574707
ZAF,AFR,Africa,2006,24.9,21.8,28.4,,617.400024414,473.795043945,730.34967041
ZAF,AFR,Africa,2007,24.9,22.1,28.1,,621.741455078,479.007476807,736.714599609
ZAF,AFR,Africa,2008,25.3,22.8,28.3,,634.684570313,489.903991699,753.479431152
ZAF,AFR,Africa,2009,24.9,22.6,27.7,,627.430053711,485.470092773,744.933532715
ZAF,AFR,Africa,2010,26.2,24.2,28.7,,684.26361084,532.41204834,815.548339844
ZAF,AFR,Africa,2011,24.9,23.2,27.1,,655.170410156,510.066680908,782.505493164
ZAF,AFR,Africa,2012,24.7,22.9,27.0,,655.411376953,508.90713501,781.668457031
ZAF,AFR,Africa,2013,24.2,22.3,26.5,,645.217102051,497.188415527,767.984130859
ZAF,AFR,Africa,2014,24.5,22.3,27.1,,650.964111328,500.328521729,775.86340332
ZAF,AFR,Africa,2015,24.6,22.2,27.4,,654.585632324,501.136383057,781.202270508
ZAF,AFR,Africa,2016,24.1,21.4,27.2,,640.910766602,487.100341797,766.533569336
ZAF,AFR,Africa,2017,23.0,19.9,26.5,,616.267150879,461.540588379,738.645385742
ZAF,AFR,Africa,2018,22.6,18.7,26.9,,607.524841309,446.800262451,726.15838623
ZAF,AFR,Africa,2019,21.6,17.2,26.3,,589.559387207,425.056030273,705.102111816
ZAF,AFR,Africa,2020,23.1,18.0,28.6,"For this geography and year, some non-communicable disease deaths may be included in a separate category called ""other pandemic-related mortality"" due to lack of vital registration data. Estimates of this indicator for 2020 and 2021 may be underestimated, and need to be interpreted with caution.",627.675170898,452.387939453,755.409729004
ZAF,AFR,Africa,2021,22.7,17.1,28.6,"For this geography and year, some non-communicable disease deaths may be included in a separate category called ""other pandemic-related mortality"" due to lack of vital registration data. Estimates of this indicator for 2020 and 2021 may be underestimated, and need to be interpreted with caution.",560.436645508,400.125762939,680.077697754
ZMB,AFR,Africa,2000,25.8,14.9,35.9,,668.988586426,343.739379883,1039.612670898
ZMB,AFR,Africa,2001,25.2,14.5,35.0,,650.505554199,335.10949707,1012.165527344
ZMB,AFR,Africa,2002,25.3,14.6,35.1,,665.051879883,343.145782471,1035.692504883
ZMB,AFR,Africa,2003,25.2,14.6,34.9,,653.316040039,338.327758789,1017.370361328
ZMB,AFR,Africa,2004,24.4,14.2,33.7,,644.561401367,335.882965088,1003.356262207
ZMB,AFR,Africa,2005,23.6,13.7,32.5,,616.794189453,323.040771484,960.082824707
ZMB,AFR,Africa,2006,23.2,13.6,32.0,,616.350158691,325.148925781,959.504394531
ZMB,AFR,Africa,2007,23.0,13.5,31.5,,601.082885742,319.242645264,934.460327148
ZMB,AFR,Africa,2008,22.9,13.5,31.4,,604.74822998,323.193145752,941.499206543
ZMB,AFR,Africa,2009,22.9,13.5,31.6,,607.789550781,325.91885376,949.200195313
ZMB,AFR,Africa,2010,23.1,13.6,32.0,,610.905273438,327.975128174,958.440673828
ZMB,AFR,Africa,2011,23.4,13.6,32.7,,618.624084473,331.467468262,976.060913086
ZMB,AFR,Africa,2012,23.2,13.4,32.9,,608.502807617,324.14074707,971.489562988
ZMB,AFR,Africa,2013,22.6,12.6,33.1,,608.690063477,321.699523926,990.134033203
ZMB,AFR,Africa,2014,22.8,12.5,33.9,,608.07598877,318.861846924,1004.615661621
ZMB,AFR,Africa,2015,22.7,12.4,34.0,,606.855651855,318.658294678,1009.881103516
ZMB,AFR,Africa,2016,23.1,12.6,35.0,,612.432678223,320.262969971,1028.824584961
ZMB,AFR,Africa,2017,22.9,12.2,35.2,,603.459716797,312.89465332,1029.384887695
ZMB,AFR,Africa,2018,22.7,12.0,35.1,,598.002746582,309.383056641,1025.688720703
ZMB,AFR,Africa,2019,23.2,12.3,35.8,,621.389221191,321.700531006,1074.184814453
ZMB,AFR,Africa,2020,24.1,12.9,36.7,"For this geography and year, some non-communicable disease deaths may be included in a separate category called ""other pandemic-related mortality"" due to lack of vital registration data. Estimates of this indicator for 2020 and 2021 may be underestimated, and need to be interpreted with caution.",662.896179199,344.485809326,1147.40612793
ZMB,AFR,Africa,2021,23.6,12.7,35.8,"For this geography and year, some non-communicable disease deaths may be included in a separate category called ""other pandemic-related mortality"" due to lack of vital registration data. Estimates of this indicator for 2020 and 2021 may be underestimated, and need to be interpreted with caution.",654.924926758,336.689483643,1136.666381836
ZWE,AFR,Africa,2000,23.5,13.6,29.7,,666.162597656,380.05368042,1012.153503418
ZWE,AFR,Africa,2001,24.3,14.2,30.9,,701.663635254,399.639984131,1065.539306641
ZWE,AFR,Africa,2002,25.5,15.0,32.6,,746.43762207,421.881256104,1129.047241211
ZWE,AFR,Africa,2003,26.9,16.0,34.7,,779.481262207,436.933929443,1175.050170898
ZWE,AFR,Africa,2004,28.6,17.2,37.0,,813.515930176,454.315673828,1223.895385742
ZWE,AFR,Africa,2005,28.7,17.5,37.6,,811.599182129,454.028503418,1220.655151367
ZWE,AFR,Africa,2006,28.4,17.5,37.6,,802.197998047,448.323608398,1209.498901367
ZWE,AFR,Africa,2007,28.5,17.7,38.1,,802.248596191,446.236541748,1208.638916016
ZWE,AFR,Africa,2008,30.0,18.8,40.4,,831.89855957,459.823120117,1254.820800781
ZWE,AFR,Africa,2009,30.7,19.3,41.6,,846.093994141,466.926574707,1280.611450195
ZWE,AFR,Africa,2010,33.8,21.6,45.6,,912.729492188,505.150512695,1386.67175293
ZWE,AFR,Africa,2011,33.6,21.8,45.5,,906.583984375,505.041625977,1382.95324707
ZWE,AFR,Africa,2012,33.0,21.4,44.8,,891.948242188,497.459869385,1361.960205078
ZWE,AFR,Africa,2013,33.2,21.5,44.9,,898.763305664,499.41317749,1369.897094727
ZWE,AFR,Africa,2014,33.2,21.3,44.9,,897.071105957,496.455444336,1369.912597656
ZWE,AFR,Africa,2015,33.5,21.3,45.3,,904.375244141,499.671783447,1387.634155273
ZWE,AFR,Africa,2016,33.7,21.3,45.5,,911.406433105,503.538513184,1408.816894531
ZWE,AFR,Africa,2017,33.4,20.9,45.3,,904.371459961,499.250946045,1407.388183594
ZWE,AFR,Africa,2018,33.6,20.9,45.6,,912.137023926,504.552978516,1432.209594727
ZWE,AFR,Africa,2019,32.7,20.2,44.7,,890.3203125,493.607635498,1409.11706543
ZWE,AFR,Africa,2020,33.0,20.5,44.9,"For this geography and year, some non-communicable disease deaths may be included in a separate category called ""other pandemic-related mortality"" due to lack of vital registration data. Estimates of this indicator for 2020 and 2021 may be underestimated, and need to be interpreted with caution.",903.662536621,504.102966309,1438.679443359
ZWE,AFR,Africa,2021,31.2,19.2,42.9,"For this geography and year, some non-communicable disease deaths may be included in a separate category called ""other pandemic-related mortality"" due to lack of vital registration data. Estimates of this indicator for 2020 and 2021 may be underestimated, and need to be interpreted with caution.",810.403381348,447.145812988,1304.51159668
